energy,tempo,danceability,playlist_genre,loudness,liveness,valence,track_artist,time_signature,speechiness,track_popularity,track_album_name,playlist_name,track_name,track_album_release_date,instrumentalness,mode,key,duration_ms,acousticness,playlist_subgenre,popularity_group,release_year,duration_min
0.592,157.969,0.521,pop,-7.777,0.122,0.535,"Lady Gaga, Bruno Mars",3.0,0.0304,100,Die With A Smile,Today's Top Hits,Die With A Smile,2024-08-16,0.0,0.0,6.0,251668.0,0.308,mainstream,High,2024.0,4.194466666666667
0.507,104.978,0.747,pop,-10.171,0.117,0.438,Billie Eilish,4.0,0.0358,97,HIT ME HARD AND SOFT,Today's Top Hits,BIRDS OF A FEATHER,2024-05-17,0.0608,1.0,2.0,210373.0,0.2,mainstream,High,2024.0,3.5062166666666665
0.808,108.548,0.554,pop,-4.169,0.159,0.372,Gracie Abrams,4.0,0.0368,93,The Secret of Us (Deluxe),Today's Top Hits,That’s So True,2024-10-18,0.0,1.0,1.0,166300.0,0.214,mainstream,High,2024.0,2.7716666666666665
0.91,112.966,0.67,pop,-4.07,0.304,0.786,Sabrina Carpenter,4.0,0.0634,81,Short n' Sweet,Today's Top Hits,Taste,2024-08-23,0.0,0.0,0.0,157280.0,0.0939,mainstream,High,2024.0,2.6213333333333333
0.783,149.027,0.777,pop,-4.477,0.355,0.939,"ROSÉ, Bruno Mars",4.0,0.26,98,APT.,Today's Top Hits,APT.,2024-10-18,0.0,0.0,0.0,169917.0,0.0283,mainstream,High,2024.0,2.83195
0.582,116.712,0.7,pop,-5.96,0.0881,0.785,Chappell Roan,4.0,0.0356,94,"Good Luck, Babe!",Today's Top Hits,"Good Luck, Babe!",2024-04-05,0.0,0.0,11.0,218424.0,0.0502,mainstream,High,2024.0,3.6404
0.561,150.069,0.669,pop,-6.538,0.0954,0.841,Addison Rae,4.0,0.0411,88,Diet Pepsi,Today's Top Hits,Diet Pepsi,2024-08-09,0.00962,1.0,10.0,169698.0,0.495,mainstream,High,2024.0,2.8283
0.247,148.101,0.467,pop,-12.002,0.17,0.126,Billie Eilish,4.0,0.0431,93,HIT ME HARD AND SOFT,Today's Top Hits,WILDFLOWER,2024-05-17,0.000271,0.0,6.0,261467.0,0.612,mainstream,High,2024.0,4.357783333333333
0.416,94.926,0.492,pop,-10.439,0.203,0.297,Gigi Perez,4.0,0.0254,71,Sailor Song,Today's Top Hits,Sailor Song,2024-07-26,8.61e-05,1.0,11.0,211979.0,0.686,mainstream,High,2024.0,3.532983333333333
0.722,119.973,0.769,pop,-5.485,0.111,0.57,"The Weeknd, Playboi Carti",4.0,0.0507,92,Timeless,Today's Top Hits,Timeless (with Playboi Carti),2024-09-27,2.56e-06,0.0,11.0,256000.0,0.0584,mainstream,High,2024.0,4.266666666666667
0.667,130.019,0.776,pop,-6.622,0.0761,0.618,"Charli xcx, Billie Eilish",4.0,0.0983,85,Guess featuring Billie Eilish,Today's Top Hits,Guess featuring billie eilish,2024-08-01,0.3,1.0,7.0,145219.0,0.0146,mainstream,High,2024.0,2.4203166666666664
0.586,107.071,0.669,pop,-6.073,0.104,0.579,Sabrina Carpenter,4.0,0.054,88,Please Please Please,Today's Top Hits,Please Please Please,2024-06-06,0.0,1.0,9.0,186365.0,0.274,mainstream,High,2024.0,3.1060833333333333
0.806,104.032,0.608,pop,-3.443,0.191,0.587,Tate McRae,4.0,0.0486,79,2 hands,Today's Top Hits,2 hands,2024-11-14,0.0,1.0,1.0,181821.0,0.121,mainstream,High,2024.0,3.03035
0.709,81.012,0.722,pop,-4.95,0.0804,0.604,Shaboozey,4.0,0.0273,86,A Bar Song (Tipsy),Today's Top Hits,A Bar Song (Tipsy),2024-04-12,0.0,1.0,9.0,171292.0,0.0633,mainstream,High,2024.0,2.8548666666666667
0.757,139.982,0.742,pop,-4.981,0.305,0.957,Chappell Roan,4.0,0.0421,88,The Rise and Fall of a Midwest Princess,Today's Top Hits,HOT TO GO!,2023-09-22,0.0,1.0,6.0,184841.0,0.0187,mainstream,High,2023.0,3.0806833333333334
0.917,100.987,0.562,pop,-2.768,0.488,0.501,Lady Gaga,4.0,0.117,86,Disease,Today's Top Hits,Disease,2024-10-25,0.0,0.0,11.0,229997.0,0.0513,mainstream,High,2024.0,3.833283333333333
0.787,109.939,0.734,pop,-3.951,0.312,0.672,LISA,4.0,0.116,82,Moonlit Floor (Kiss Me),Today's Top Hits,Moonlit Floor (Kiss Me),2024-10-08,0.0,0.0,5.0,155757.0,0.126,mainstream,High,2024.0,2.59595
0.843,122.064,0.619,pop,-5.348,0.164,0.746,Morgan Wallen,4.0,0.0284,86,Love Somebody,Today's Top Hits,Love Somebody,2024-10-18,0.000118,0.0,5.0,204829.0,0.00948,mainstream,High,2024.0,3.4138166666666665
0.406,115.94,0.53,pop,-7.507,0.133,0.338,Gracie Abrams,3.0,0.033,90,The Secret of Us,Today's Top Hits,"I Love You, I'm Sorry",2024-06-21,0.0,1.0,10.0,157147.0,0.656,mainstream,High,2024.0,2.6191166666666668
0.782,119.992,0.727,pop,-8.529,0.225,0.655,"Adam Port, Stryv, Keinemusik, Orso, Malachiii",4.0,0.042,86,Move,Today's Top Hits,Move,2024-06-07,0.336,0.0,8.0,177599.0,0.0563,mainstream,High,2024.0,2.959983333333333
0.812,80.09,0.505,pop,-3.986,0.444,0.664,"Tyler, The Creator, GloRilla, Sexyy Red, Lil Wayne",4.0,0.461,88,CHROMAKOPIA,Today's Top Hits,"Sticky (feat. GloRilla, Sexyy Red & Lil Wayne)",2024-10-28,0.0,1.0,1.0,255916.0,0.285,mainstream,High,2024.0,4.265266666666666
0.76,103.969,0.701,pop,-5.478,0.185,0.69,Sabrina Carpenter,4.0,0.0285,90,Espresso,Today's Top Hits,Espresso,2024-04-12,6.54e-05,1.0,0.0,175459.0,0.107,mainstream,High,2024.0,2.9243166666666665
0.725,116.988,0.894,pop,-4.984,0.0815,0.838,JENNIE,4.0,0.0432,89,Mantra,Today's Top Hits,Mantra,2024-10-10,1.15e-05,0.0,10.0,136627.0,0.00434,mainstream,High,2024.0,2.2771166666666667
0.563,105.008,0.833,pop,-5.593,0.139,0.343,"Rauw Alejandro, Bad Bunny",4.0,0.204,82,Cosa Nuestra,Today's Top Hits,Qué Pasaría...,2024-11-15,1.27e-05,0.0,4.0,182857.0,0.528,mainstream,High,2024.0,3.047616666666667
0.628,119.98,0.757,pop,-6.715,0.221,0.321,Don Toliver,4.0,0.101,85,HARDSTONE PSYCHO,Today's Top Hits,NEW DROP,2024-06-14,0.0209,0.0,4.0,217333.0,0.189,mainstream,High,2024.0,3.6222166666666666
0.855,127.986,0.638,pop,-4.86,0.245,0.731,"Post Malone, Morgan Wallen",4.0,0.0264,84,I Had Some Help,Today's Top Hits,I Had Some Help (Feat. Morgan Wallen),2024-05-10,0.0,1.0,7.0,178206.0,0.00757,mainstream,High,2024.0,2.9701
0.62,117.038,0.741,pop,-5.505,0.0398,0.934,Hozier,4.0,0.0412,77,Unheard,Today's Top Hits,Too Sweet,2024-03-22,0.000809,1.0,10.0,251424.0,0.0295,mainstream,High,2024.0,4.1904
0.339,97.989,0.705,pop,-10.612,0.12,0.457,The Marías,4.0,0.0278,84,Submarine,Today's Top Hits,No One Noticed,2024-05-31,0.0814,1.0,7.0,236907.0,0.552,mainstream,High,2024.0,3.94845
0.651,112.648,0.694,pop,-6.968,0.0787,0.471,"Oscar Maydon, Fuerza Regida",3.0,0.0784,93,Tu Boda,Today's Top Hits,Tu Boda,2024-09-26,1.36e-05,1.0,6.0,225881.0,0.496,mainstream,High,2024.0,3.764683333333333
0.601,123.994,0.635,pop,-6.129,0.11,0.332,Myles Smith,4.0,0.0295,88,Stargazing,Today's Top Hits,Stargazing,2024-05-10,0.0,0.0,1.0,172533.0,0.246,mainstream,High,2024.0,2.87555
0.691,167.029,0.836,pop,-4.222,0.282,0.703,"GloRilla, Sexyy Red",4.0,0.363,70,WHATCHU KNO ABOUT ME (with Sexyy Red),Today's Top Hits,WHATCHU KNO ABOUT ME (with Sexyy Red),2024-10-10,0.0,1.0,1.0,149461.0,0.00586,mainstream,High,2024.0,2.491016666666667
0.646,115.842,0.645,pop,-8.334,0.074,0.295,Ariana Grande,4.0,0.0427,81,eternal sunshine,Today's Top Hits,we can't be friends (wait for your love),2024-03-08,3.04e-05,1.0,5.0,228639.0,0.0615,mainstream,High,2024.0,3.81065
0.471,105.029,0.472,pop,-5.692,0.14,0.219,Benson Boone,3.0,0.0603,85,Beautiful Things,Today's Top Hits,Beautiful Things,2024-01-18,0.0,1.0,10.0,180304.0,0.151,mainstream,High,2024.0,3.0050666666666666
0.709,194.055,0.744,pop,-5.778,0.0847,0.712,"Myke Towers, benny blanco",4.0,0.284,84,LA PANTERA NEGRA (DELUXE),Today's Top Hits,DEGENERE 👑 (feat. benny blanco),2024-10-17,0.0,0.0,6.0,130880.0,0.0501,mainstream,High,2024.0,2.1813333333333333
0.904,167.033,0.739,pop,-2.655,0.0948,0.788,KATSEYE,4.0,0.0442,85,Touch,Today's Top Hits,Touch,2024-07-26,1.03e-05,0.0,5.0,129883.0,0.549,mainstream,High,2024.0,2.1647166666666666
0.604,159.92,0.561,pop,-4.409,0.104,0.242,Teddy Swims,3.0,0.0337,89,I've Tried Everything But Therapy (Part 1),Today's Top Hits,Lose Control,2023-09-15,1.9e-05,1.0,9.0,210689.0,0.199,mainstream,High,2023.0,3.5114833333333335
0.668,90.969,0.646,pop,-5.203,0.212,0.64,Mark Ambor,4.0,0.0282,82,Belong Together,Today's Top Hits,Belong Together,2024-02-16,0.0,1.0,2.0,148318.0,0.491,mainstream,High,2024.0,2.471966666666667
0.668,128.027,0.924,pop,-6.795,0.0678,0.787,KAROL G,4.0,0.0469,93,Si Antes Te Hubiera Conocido,Today's Top Hits,Si Antes Te Hubiera Conocido,2024-06-21,0.000594,1.0,11.0,195824.0,0.446,mainstream,High,2024.0,3.263733333333333
0.454,159.982,0.689,pop,-7.643,0.0707,0.912,Djo,4.0,0.0584,89,DECIDE,Today's Top Hits,End of Beginning,2022-09-16,0.00259,1.0,2.0,159246.0,0.0351,mainstream,High,2022.0,2.6541
0.386,192.004,0.504,pop,-10.976,0.0961,0.281,"Taylor Swift, Post Malone",4.0,0.0308,84,THE TORTURED POETS DEPARTMENT,Today's Top Hits,Fortnight (feat. Post Malone),2024-04-18,1.53e-05,1.0,11.0,228965.0,0.502,mainstream,High,2024.0,3.8160833333333333
0.681,155.079,0.56,pop,-6.304,0.106,0.388,"Omar Courtz, De La Rose",4.0,0.244,89,PRIMERA MUSA,Today's Top Hits,Q U E V A S H A C E R H O Y ?,2024-09-20,0.0,0.0,6.0,223320.0,0.103,mainstream,High,2024.0,3.722
0.472,101.061,0.898,pop,-7.001,0.141,0.214,Kendrick Lamar,4.0,0.0776,88,Not Like Us,Today's Top Hits,Not Like Us,2024-05-04,0.0,1.0,1.0,274192.0,0.0107,mainstream,High,2024.0,4.569866666666667
0.711,146.921,0.487,pop,-4.22,0.152,0.317,Jin,4.0,0.0322,85,Happy,Today's Top Hits,Running Wild,2024-11-15,0.0,1.0,8.0,151647.0,0.000175,mainstream,High,2024.0,2.52745
0.712,91.98,0.848,pop,-3.574,0.106,0.692,"KAROL G, Feid, DFZM, Ovy On The Drums, J Balvin, Maluma, Ryan Castro, Blessd",4.0,0.0981,84,+57,Today's Top Hits,+57,2024-11-08,0.0,0.0,1.0,298131.0,0.221,mainstream,High,2024.0,4.96885
0.645,114.933,0.882,pop,-7.233,0.057,0.788,Ndotz,4.0,0.0601,87,Embrace It,Today's Top Hits,Embrace It,2024-08-23,4.13e-05,1.0,1.0,104419.0,0.475,mainstream,High,2024.0,1.7403166666666667
0.872,184.115,0.466,pop,-3.344,0.121,0.806,Linkin Park,4.0,0.0336,89,The Emptiness Machine,Today's Top Hits,The Emptiness Machine,2024-09-05,0.0,1.0,7.0,190428.0,0.0156,mainstream,High,2024.0,3.1738
0.756,116.034,0.66,pop,-3.743,0.193,0.838,Jimin,4.0,0.032,92,MUSE,Today's Top Hits,Who,2024-07-19,0.0,0.0,0.0,170888.0,0.00289,mainstream,High,2024.0,2.848133333333333
0.508,147.125,0.579,rock,-9.484,0.0575,0.609,Eagles,4.0,0.027,81,Hotel California (2013 Remaster),Rock Classics,Hotel California - 2013 Remaster,1976-12-08,0.000494,1.0,2.0,391376.0,0.00574,classic,High,1976.0,6.5229333333333335
0.89,133.52,0.502,rock,-5.175,0.217,0.259,AC/DC,4.0,0.0364,83,The Razors Edge,Rock Classics,Thunderstruck,1990-09-24,0.0117,1.0,4.0,292880.0,0.000147,classic,High,1990.0,4.881333333333333
0.446,123.596,0.743,rock,-7.807,0.337,0.278,The White Stripes,4.0,0.0683,82,Elephant,Rock Classics,Seven Nation Army,2003-04-01,0.118,0.0,4.0,232107.0,0.0039,classic,High,2003.0,3.86845
0.43,91.844,0.515,rock,-9.935,0.129,0.104,Radiohead,4.0,0.0372,86,Pablo Honey,Rock Classics,Creep,1993-02-22,0.000133,1.0,7.0,238640.0,0.0097,classic,High,1993.0,3.977333333333333
0.824,120.125,0.5,rock,-5.846,0.0916,0.539,Nirvana,4.0,0.0388,76,Nevermind (Remastered),Rock Classics,Come As You Are,1991-09-26,0.00161,0.0,4.0,218920.0,0.00016,classic,High,1991.0,3.6486666666666667
0.767,96.483,0.592,rock,-2.788,0.127,0.328,Red Hot Chili Peppers,4.0,0.027,81,Californication (Deluxe Edition),Rock Classics,Californication,1999-06-08,0.00165,0.0,9.0,329733.0,0.0021,classic,High,1999.0,5.49555
0.952,125.304,0.445,rock,-5.321,0.112,0.624,Guns N' Roses,4.0,0.0522,84,Appetite For Destruction,Rock Classics,Sweet Child O' Mine,1987-07-21,0.0843,1.0,6.0,356067.0,0.09,classic,High,1987.0,5.93445
0.795,158.691,0.464,rock,-9.267,0.399,0.612,The Rolling Stones,4.0,0.0926,81,Aftermath,Rock Classics,"Paint It, Black",1966-04-15,0.00244,1.0,1.0,202267.0,0.0493,classic,High,1966.0,3.3711166666666665
0.492,120.151,0.828,rock,-9.744,0.128,0.789,Fleetwood Mac,4.0,0.0276,84,Rumours (Super Deluxe),Rock Classics,Dreams - 2004 Remaster,1977-02-04,0.00428,1.0,0.0,257800.0,0.0644,classic,High,1977.0,4.296666666666667
0.881,158.066,0.413,rock,-5.541,0.0805,0.364,Foo Fighters,4.0,0.0367,81,The Colour And The Shape,Rock Classics,Everlong,1997-05-20,0.000308,0.0,11.0,250547.0,5.99e-05,classic,High,1997.0,4.175783333333333
0.716,94.379,0.535,rock,-5.025,0.659,0.901,Joan Jett & the Blackhearts,4.0,0.0431,77,I Love Rock 'N' Roll (Expanded Edition),Rock Classics,I Love Rock 'N Roll,1981-11-18,0.0,1.0,4.0,175173.0,0.326,classic,High,1981.0,2.91955
0.394,104.114,0.693,rock,-15.882,0.247,0.721,Pink Floyd,4.0,0.0428,74,The Wall,Rock Classics,"Another Brick in the Wall, Pt. 2",1979-11-30,0.000694,1.0,0.0,238747.0,0.0782,classic,High,1979.0,3.9791166666666666
0.899,152.445,0.475,rock,-4.321,0.14,0.603,Bon Jovi,4.0,0.0637,72,Bon Jovi,Rock Classics,Runaway,1984-01-23,1.91e-05,0.0,9.0,230667.0,0.00375,classic,High,1984.0,3.84445
0.943,85.064,0.442,rock,-3.205,0.091,0.781,Green Day,4.0,0.0602,80,Dookie,Rock Classics,Basket Case,1994-02-01,8.71e-06,1.0,3.0,181533.0,0.00293,classic,High,1994.0,3.02555
0.345,84.581,0.559,rock,-13.496,0.141,0.458,Red Hot Chili Peppers,4.0,0.0459,82,Blood Sugar Sex Magik (Deluxe Edition),Rock Classics,Under the Bridge,1991-09-24,0.000105,1.0,4.0,264307.0,0.0576,classic,High,1991.0,4.405116666666666
0.814,147.193,0.673,rock,-5.411,0.343,0.728,Billy Idol,4.0,0.0367,70,Billy Idol,Rock Classics,White Wedding - Pt. 1,1982-01-01,0.00293,1.0,9.0,252200.0,0.0134,classic,High,1982.0,4.203333333333333
0.767,127.361,0.532,rock,-5.509,0.39,0.755,AC/DC,4.0,0.0574,81,Back In Black,Rock Classics,You Shook Me All Night Long,1980-07-25,0.000513,1.0,7.0,210173.0,0.00287,classic,High,1980.0,3.502883333333333
0.863,136.302,0.723,rock,-7.89,0.128,0.931,The Rolling Stones,4.0,0.0338,76,Out Of Our Heads,Rock Classics,(I Can't Get No) Satisfaction - Mono Version,1965-07-30,0.0317,1.0,2.0,222813.0,0.0383,classic,High,1965.0,3.71355
0.449,100.456,0.486,rock,-10.298,0.54,0.549,David Bowie,4.0,0.0267,76,The Rise and Fall of Ziggy Stardust and the Spiders from Mars (2012 Remaster),Rock Classics,Starman - 2012 Remaster,1972-06-06,2.23e-06,1.0,5.0,254293.0,0.166,classic,High,1972.0,4.238216666666666
0.902,89.74,0.412,rock,-11.6,0.405,0.422,Led Zeppelin,4.0,0.405,72,Led Zeppelin II (1994 Remaster),Rock Classics,Whole Lotta Love - 1990 Remaster,1969-10-22,0.131,1.0,9.0,333893.0,0.0484,classic,High,1969.0,5.564883333333333
0.722,103.886,0.55,rock,-11.729,0.11,0.716,The Doors,4.0,0.0283,70,L.A. Woman,Rock Classics,Riders on the Storm,1971-04-19,0.0129,0.0,11.0,434720.0,0.25,classic,High,1971.0,7.245333333333333
0.944,105.338,0.394,rock,-6.506,0.298,0.265,Pearl Jam,4.0,0.0761,77,Ten,Rock Classics,Even Flow,1991-08-27,4.54e-06,0.0,10.0,292581.0,0.00178,classic,High,1991.0,4.87635
0.952,122.093,0.398,rock,-6.042,0.1,0.584,Bruce Springsteen,4.0,0.061,72,Born In The U.S.A.,Rock Classics,Born in the U.S.A.,1984-06-04,7.75e-05,1.0,4.0,278680.0,0.000373,classic,High,1984.0,4.644666666666667
0.917,171.176,0.356,rock,-6.006,0.406,0.518,The Verve,4.0,0.0479,79,Urban Hymns (Remastered 2016),Rock Classics,Bitter Sweet Symphony - Remastered 2016,1997-09-29,0.0,1.0,9.0,357267.0,0.0335,classic,High,1997.0,5.95445
0.589,124.634,0.455,rock,-8.64,0.104,0.254,Guns N' Roses,4.0,0.0328,75,Use Your Illusion I,Rock Classics,Don't Cry (Original),1991-09-17,0.00358,1.0,11.0,283733.0,0.00184,classic,High,1991.0,4.728883333333333
0.805,113.253,0.438,rock,-6.237,0.0842,0.564,Jimi Hendrix,4.0,0.0624,72,Electric Ladyland,Rock Classics,All Along the Watchtower,1968-10-25,5.69e-05,1.0,8.0,240800.0,0.00255,classic,High,1968.0,4.013333333333334
0.239,189.507,0.446,rock,-13.945,0.0697,0.298,Phil Collins,4.0,0.0316,76,Face Value (Deluxe Editon),Rock Classics,In The Air Tonight - 2015 Remastered,1981-01-01,4.1e-06,1.0,0.0,336453.0,0.551,classic,High,1981.0,5.60755
0.521,123.118,0.721,rock,-8.123,0.127,0.942,Talking Heads,4.0,0.0613,76,Talking Heads '77 (Deluxe Version),Rock Classics,Psycho Killer - 2005 Remaster,1977-09-16,0.00545,1.0,2.0,261413.0,0.0708,classic,High,1977.0,4.356883333333333
0.67,129.269,0.619,rock,-10.322,0.331,0.777,Lenny Kravitz,4.0,0.0353,71,Are You Gonna Go My Way,Rock Classics,Are You Gonna Go My Way,1993-03-09,0.0109,0.0,11.0,211933.0,0.00165,classic,High,1993.0,3.532216666666667
0.828,105.25,0.539,rock,-9.108,0.154,0.562,Metallica,4.0,0.035,70,Master of Puppets (Remastered Deluxe Box Set),Rock Classics,Master of Puppets (Remastered),1986-03-03,0.421,0.0,4.0,515387.0,0.00067,classic,High,1986.0,8.589783333333333
0.487,114.965,0.73,rock,-10.991,0.0852,0.731,Fleetwood Mac,4.0,0.0303,79,Tango In the Night (Deluxe Edition),Rock Classics,Everywhere - 2017 Remaster,1987-04-13,0.01,1.0,4.0,226653.0,0.258,classic,High,1987.0,3.77755
0.697,116.109,0.741,rock,-7.028,0.133,0.774,Creedence Clearwater Revival,4.0,0.0277,84,Pendulum (Expanded Edition),Rock Classics,Have You Ever Seen The Rain,1970-12-07,2.28e-05,1.0,0.0,160133.0,0.0664,classic,High,1970.0,2.6688833333333335
0.579,127.215,0.62,rock,-9.307,0.0858,0.691,The Cars,4.0,0.0473,69,The Cars,Rock Classics,Just What I Needed,1978-06-06,6.4e-05,1.0,4.0,225627.0,0.0152,classic,High,1978.0,3.76045
0.912,116.761,0.502,rock,-4.556,0.106,0.72,Nirvana,4.0,0.0564,76,Nevermind (Remastered),Rock Classics,Smells Like Teen Spirit,1991-09-26,0.000173,1.0,1.0,301920.0,2.55e-05,classic,High,1991.0,5.032
0.376,164.775,0.53,rock,-11.913,0.0926,0.188,The Beatles,4.0,0.04,75,Abbey Road (Remastered),Rock Classics,Come Together - Remastered 2009,1969-09-26,0.247,0.0,9.0,259947.0,0.0304,classic,High,1969.0,4.33245
0.789,129.802,0.674,rock,-6.903,0.0753,0.918,Blur,4.0,0.0676,78,Blur (Special Edition),Rock Classics,Song 2 - 2012 Remaster,1997-02-10,0.00708,1.0,8.0,121160.0,0.00178,classic,High,1997.0,2.0193333333333334
0.441,81.334,0.519,rock,-14.178,0.076,0.25,Pixies,4.0,0.0353,76,Surfer Rosa (2007 Remaster),Rock Classics,Where Is My Mind? - 2007 Remaster,1988-03-21,0.000453,1.0,4.0,234973.0,0.0204,classic,High,1988.0,3.9162166666666667
0.528,109.975,0.932,rock,-6.472,0.163,0.757,Queen,4.0,0.161,71,The Game (Deluxe Remastered Version),Rock Classics,Another One Bites The Dust - Remastered 2011,1980-06-27,0.329,0.0,5.0,214653.0,0.115,classic,High,1980.0,3.57755
0.905,128.019,0.602,rock,-4.046,0.117,0.411,Muse,4.0,0.0775,75,The Resistance,Rock Classics,Uprising,2009-09-10,0.064,1.0,2.0,304840.0,0.000202,classic,High,2009.0,5.080666666666667
0.519,98.883,0.653,rock,-10.164,0.101,0.822,Buffalo Springfield,4.0,0.0497,76,Buffalo Springfield,Rock Classics,For What It's Worth,1966-12-05,0.0209,1.0,2.0,153693.0,0.406,classic,High,1966.0,2.56155
0.946,138.18,0.454,rock,-5.978,0.173,0.647,Van Halen,4.0,0.13,68,Van Halen (Remastered),Rock Classics,You Really Got Me - 2015 Remaster,1978-02-10,0.0,0.0,1.0,156147.0,0.0223,classic,High,1978.0,2.60245
0.828,105.435,0.35,rock,-5.373,0.0774,0.147,Soundgarden,4.0,0.041,76,Superunknown (Deluxe Edition),Rock Classics,Black Hole Sun,1994-03-09,0.000161,1.0,6.0,318587.0,0.000217,classic,High,1994.0,5.309783333333334
0.349,124.348,0.489,rock,-14.295,0.0866,0.622,Santana,4.0,0.0323,70,Santana's Greatest Hits,Rock Classics,Black Magic Woman - Single Version,1994-07-01,0.0789,0.0,2.0,196467.0,0.676,classic,High,1994.0,3.27445
0.872,159.925,0.587,rock,-5.066,0.622,0.735,Lenny Kravitz,4.0,0.0484,73,5,Rock Classics,Fly Away,1998-05-12,0.0,1.0,7.0,221333.0,0.018,classic,High,1998.0,3.6888833333333335
0.808,151.008,0.577,rock,-7.04,0.221,0.869,The Police,4.0,0.039,75,Reggatta De Blanc (Remastered 2003),Rock Classics,Message In A Bottle,1979-10-02,1.33e-05,0.0,1.0,290280.0,0.0338,classic,High,1979.0,4.838
0.7,188.386,0.31,rock,-5.678,0.0828,0.763,AC/DC,4.0,0.047,83,Back In Black,Rock Classics,Back In Black,1980-07-25,0.00965,1.0,9.0,255493.0,0.011,classic,High,1980.0,4.258216666666667
0.691,137.145,0.548,rock,-13.553,0.144,0.667,Heart,4.0,0.0369,74,Little Queen,Rock Classics,Barracuda,1977-05-14,0.106,0.0,4.0,261933.0,0.015,classic,High,1977.0,4.36555
0.532,136.576,0.601,rock,-9.119,0.0925,0.342,Elton John,4.0,0.0286,79,Honky Chateau,Rock Classics,"Rocket Man (I Think It's Going To Be A Long, Long Time)",1972-05-19,5.95e-06,1.0,10.0,281613.0,0.433,classic,High,1972.0,4.69355
0.641,203.006,0.256,rock,-10.283,0.0853,0.382,Nirvana,4.0,0.0552,79,In Utero (Deluxe Edition),Rock Classics,Heart-Shaped Box,1993-09-21,0.0329,1.0,1.0,281160.0,0.199,classic,High,1993.0,4.686
0.755,109.535,0.667,rock,-7.246,0.0523,0.883,Eagles,4.0,0.069,68,Hotel California (2013 Remaster),Rock Classics,Life in the Fast Lane - 2013 Remaster,1976-12-08,6.94e-05,1.0,9.0,286220.0,0.0966,classic,High,1976.0,4.770333333333333
0.373,92.718,0.671,rock,-18.064,0.0481,0.732,TOTO,4.0,0.0323,83,Toto IV,Rock Classics,Africa,1982-04-08,8.01e-05,1.0,9.0,295893.0,0.257,classic,High,1982.0,4.93155
0.366,127.163,0.472,rock,-12.595,0.0837,0.171,Pink Floyd,4.0,0.0286,71,The Wall,Rock Classics,Comfortably Numb,1979-11-30,0.312,0.0,11.0,382297.0,0.15,classic,High,1979.0,6.371616666666666
0.864,81.394,0.437,rock,-7.842,0.242,0.749,Led Zeppelin,4.0,0.0904,69,Led Zeppelin IV (Deluxe Edition),Rock Classics,Black Dog - Remaster,1971-11-08,0.0314,0.0,4.0,295387.0,0.396,classic,High,1971.0,4.923116666666667
0.584,170.411,0.509,rock,-4.907,0.384,0.685,Queens of the Stone Age,4.0,0.057,69,Songs For The Deaf,Rock Classics,No One Knows,2002-01-01,9.96e-05,1.0,0.0,278747.0,0.0368,classic,High,2002.0,4.645783333333333
0.611,85.387,0.654,rock,-10.45,0.405,0.786,Beck,4.0,0.119,69,Mellow Gold,Rock Classics,Loser,1994-03-01,0.000178,1.0,2.0,235000.0,0.0337,classic,High,1994.0,3.9166666666666665
0.748,134.114,0.618,rock,-8.905,0.0473,0.663,The Police,4.0,0.358,77,Outlandos D'Amour (Remastered 2003),Rock Classics,Roxanne,1978-11-02,4.1e-06,1.0,0.0,191947.0,0.0384,classic,High,1978.0,3.199116666666667
0.7,147.245,0.586,rock,-9.558,0.0318,0.897,The Knack,4.0,0.0363,69,Get The Knack,Rock Classics,My Sharona,1979-01-01,0.00125,1.0,0.0,295400.0,0.0589,classic,High,1979.0,4.923333333333333
0.318,104.522,0.575,rock,-16.729,0.0934,0.385,Lou Reed,4.0,0.109,74,Transformer,Rock Classics,Walk On the Wild Side,1972-12-01,0.000202,1.0,0.0,254173.0,0.683,classic,High,1972.0,4.2362166666666665
0.913,115.728,0.574,rock,-4.793,0.156,0.423,AC/DC,4.0,0.133,84,Highway to Hell,Rock Classics,Highway to Hell,1979-07-27,0.00158,0.0,6.0,208400.0,0.061,classic,High,1979.0,3.473333333333333
0.875,75.009,0.284,rock,-6.069,0.402,0.595,Pearl Jam,4.0,0.0422,73,Ten,Rock Classics,Alive,1991-08-27,0.000461,0.0,11.0,340907.0,0.00752,classic,High,1991.0,5.681783333333334
0.737,103.867,0.662,rock,-9.54,0.119,0.744,Tina Turner,4.0,0.0296,69,Foreign Affair,Rock Classics,The Best,1989-09-13,0.0191,1.0,0.0,329800.0,0.108,classic,High,1989.0,5.496666666666667
0.936,91.577,0.666,rock,-9.919,0.153,0.776,Red Hot Chili Peppers,4.0,0.0476,72,Blood Sugar Sex Magik (Deluxe Edition),Rock Classics,Give It Away,1991-09-24,0.086,1.0,7.0,282907.0,0.00244,classic,High,1991.0,4.715116666666667
0.432,94.605,0.475,rock,-7.844,0.161,0.648,Green Day,4.0,0.0302,79,Nimrod,Rock Classics,Good Riddance (Time of Your Life),1997-10-14,0.0,1.0,7.0,153467.0,0.183,classic,High,1997.0,2.5577833333333335
0.549,176.941,0.516,rock,-13.741,0.184,0.907,Don Henley,4.0,0.0373,73,Building The Perfect Beast,Rock Classics,The Boys Of Summer,1984-11-19,0.00572,1.0,6.0,288733.0,0.501,classic,High,1984.0,4.812216666666667
0.751,89.839,0.421,rock,-9.584,0.17,0.789,The Doors,4.0,0.0472,72,The Doors,Rock Classics,Break on Through (To the Other Side),1967-01-04,0.0,1.0,9.0,145867.0,0.2,classic,High,1967.0,2.4311166666666666
0.938,168.131,0.324,rock,-7.332,0.0961,0.543,Beastie Boys,4.0,0.102,71,Ill Communication,Rock Classics,Sabotage,1994-05-23,0.0321,0.0,6.0,178440.0,0.032,classic,High,1994.0,2.974
0.953,84.989,0.267,rock,-4.899,0.283,0.568,Def Leppard,4.0,0.096,72,Hysteria (Super Deluxe),Rock Classics,Pour Some Sugar On Me - Remastered 2017,1987-08-03,0.0,0.0,1.0,267307.0,0.00211,classic,High,1987.0,4.455116666666667
0.919,135.997,0.465,rock,-4.025,0.262,0.537,Foo Fighters,4.0,0.0408,73,There Is Nothing Left To Lose,Rock Classics,Learn to Fly,1999-11-02,2.07e-05,1.0,4.0,235293.0,1.83e-05,classic,High,1999.0,3.92155
0.58,127.402,0.741,rock,-9.05,0.212,0.944,Pat Benatar,4.0,0.0304,70,Crimes Of Passion,Rock Classics,Hit Me With Your Best Shot,1980-08-05,3.61e-05,1.0,4.0,171267.0,0.117,classic,High,1980.0,2.85445
0.927,170.814,0.215,rock,-7.327,0.126,0.49,Stone Temple Pilots,4.0,0.0452,72,Purple (2019 Remaster),Rock Classics,Interstate Love Song - 2019 Remaster,1994-06-07,0.00661,1.0,9.0,194853.0,0.000273,classic,High,1994.0,3.24755
0.262,122.861,0.481,rock,-15.73,0.832,0.375,Pink Floyd,4.0,0.0414,75,Wish You Were Here,Rock Classics,Wish You Were Here,1975-09-12,0.0114,1.0,7.0,334744.0,0.735,classic,High,1975.0,5.579066666666667
0.449,84.383,0.623,rock,-13.333,0.0613,0.573,Tom Petty,4.0,0.0253,75,Full Moon Fever,Rock Classics,Free Fallin',1989-01-01,0.0,1.0,5.0,256000.0,0.212,classic,High,1989.0,4.266666666666667
0.476,148.117,0.389,rock,-9.342,0.255,0.566,Blind Melon,4.0,0.0316,73,Blind Melon,Rock Classics,No Rain,1992-01-01,5.09e-05,1.0,9.0,217107.0,0.619,classic,High,1992.0,3.61845
0.978,141.167,0.526,rock,-5.436,0.0744,0.451,Van Halen,4.0,0.108,72,1984 (Remastered),Rock Classics,Panama - 2015 Remaster,1984-01-04,4.75e-05,1.0,8.0,210227.0,0.00122,classic,High,1984.0,3.5037833333333332
0.842,100.127,0.297,rock,-7.457,0.0848,0.586,Alice In Chains,4.0,0.0488,72,Dirt (2022 Remaster),Rock Classics,Would? (2022 Remaster),1992-09-29,9.1e-06,1.0,6.0,206773.0,0.000286,classic,High,1992.0,3.4462166666666665
0.944,146.347,0.27,rock,-4.199,0.116,0.606,Bruce Springsteen,4.0,0.0975,70,Born To Run,Rock Classics,Born to Run,1975-08-25,2.05e-05,1.0,4.0,269920.0,0.00501,classic,High,1975.0,4.498666666666667
0.182,136.094,0.349,jazz,-13.507,0.143,0.178,Nat King Cole,3.0,0.031,69,Unforgettable,Jazz Classics,Unforgettable,1954-01-01,0.0152,1.0,5.0,191973.0,0.92,classic,High,1954.0,3.19955
0.164,58.303,0.136,classical,-18.756,0.109,0.071,"Pyotr Ilyich Tchaikovsky, André Previn, London Symphony Orchestra",4.0,0.0364,68,Tchaikovsky: Swan Lake,Classical Essentials,"Tchaikovsky: Swan Lake, Op. 20, Act 2: No. 10, Scene. Moderato",1976-01-01,0.916,0.0,4.0,166867.0,0.911,essential,High,1976.0,2.7811166666666667
0.00527,170.612,0.184,classical,-37.264,0.173,0.151,"Ludwig van Beethoven, Paul Lewis",3.0,0.0432,68,"Beethoven: Piano Sonatas, Vol.3",Classical Essentials,"Sonata No. 14 ""Moonlight"" in C-Sharp Minor"", Op. 27 No. 2: I. Adagio sostenuto",2007-09-25,0.887,0.0,1.0,315427.0,0.995,essential,High,2007.0,5.257116666666667
0.449,92.468,0.447,classical,-10.634,0.0697,0.036,"Ludovico Einaudi, Daniel Hope, I Virtuosi Italiani",4.0,0.0376,75,In A Time Lapse,Classical Essentials,Experience,2013-01-01,0.961,1.0,2.0,315427.0,0.934,essential,High,2013.0,5.257116666666667
0.812,80.09,0.505,hip-hop,-3.986,0.444,0.664,"Tyler, The Creator, GloRilla, Sexyy Red, Lil Wayne",4.0,0.461,88,CHROMAKOPIA,RapCaviar,"Sticky (feat. GloRilla, Sexyy Red & Lil Wayne)",2024-10-28,0.0,1.0,1.0,255916.0,0.285,modern,High,2024.0,4.265266666666666
0.507,130.007,0.872,hip-hop,-6.323,0.111,0.506,Gunna,4.0,0.072,76,HIM ALL ALONG,RapCaviar,HIM ALL ALONG,2024-10-18,0.0,0.0,4.0,158667.0,0.195,modern,High,2024.0,2.64445
0.802,128.085,0.835,hip-hop,-4.286,0.0882,0.374,BigXthaPlug,4.0,0.243,71,TAKE CARE,RapCaviar,Leave Me Alone,2024-10-11,7.33e-06,1.0,7.0,143778.0,0.0311,modern,High,2024.0,2.3963
0.533,120.011,0.794,hip-hop,-8.206,0.207,0.15,Future,4.0,0.0591,73,MIXTAPE PLUTO,RapCaviar,PLUTOSKI,2024-09-20,2.76e-05,1.0,9.0,179023.0,0.14,modern,High,2024.0,2.9837166666666666
0.722,119.973,0.769,hip-hop,-5.485,0.111,0.57,"The Weeknd, Playboi Carti",4.0,0.0507,92,Timeless,RapCaviar,Timeless (with Playboi Carti),2024-09-27,2.56e-06,0.0,11.0,256000.0,0.0584,modern,High,2024.0,4.266666666666667
0.684,166.976,0.832,hip-hop,-4.691,0.229,0.68,"GloRilla, Sexyy Red",4.0,0.359,78,GLORIOUS,RapCaviar,WHATCHU KNO ABOUT ME (feat. Sexyy Red),2024-10-11,0.0,1.0,1.0,149461.0,0.00449,modern,High,2024.0,2.491016666666667
0.642,111.907,0.65,hip-hop,-5.332,0.0855,0.186,Lil Baby,4.0,0.04,70,Insecurities,RapCaviar,Insecurities,2024-11-15,0.0,1.0,2.0,127154.0,0.00502,modern,High,2024.0,2.1192333333333333
0.699,129.054,0.92,hip-hop,-6.635,0.0745,0.484,NLE Choppa,4.0,0.358,72,SLUT SZN,RapCaviar,Gang Baby,2024-09-27,0.0,1.0,11.0,138180.0,0.00768,modern,High,2024.0,2.303
0.628,119.98,0.757,hip-hop,-6.715,0.221,0.321,Don Toliver,4.0,0.101,85,HARDSTONE PSYCHO,RapCaviar,NEW DROP,2024-06-14,0.0209,0.0,4.0,217333.0,0.189,modern,High,2024.0,3.6222166666666666
0.709,78.53,0.749,hip-hop,-6.385,0.329,0.564,Real Boston Richey,4.0,0.259,73,Help Me,RapCaviar,Help Me,2024-05-31,0.0,1.0,6.0,181166.0,0.155,modern,High,2024.0,3.019433333333333
0.69,125.951,0.853,hip-hop,-5.858,0.0835,0.471,Drake,4.0,0.0647,78,No Face,RapCaviar,No Face,2024-08-31,0.0,1.0,10.0,137143.0,0.0771,modern,High,2024.0,2.2857166666666666
0.754,131.001,0.863,hip-hop,-5.851,0.0913,0.301,Future,4.0,0.0611,77,MIXTAPE PLUTO,RapCaviar,LIL DEMON,2024-09-20,0.0,1.0,11.0,139197.0,0.00125,modern,High,2024.0,2.31995
0.4,106.682,0.608,hip-hop,-9.519,0.119,0.089,"Luh Tyler, BossMan Dlow",5.0,0.32,69,Mr. Skii,RapCaviar,2 Slippery (feat. BossMan Dlow),2024-08-22,0.000327,1.0,1.0,159228.0,0.029,modern,High,2024.0,2.6538
0.509,157.94,0.662,hip-hop,-9.159,0.266,0.549,"Lil Yachty, Veeze",4.0,0.322,70,Sorry Not Sorry,RapCaviar,Sorry Not Sorry,2024-08-16,0.0,1.0,1.0,136709.0,0.247,modern,High,2024.0,2.2784833333333334
0.663,143.082,0.76,hip-hop,-4.763,0.305,0.209,Playboi Carti,4.0,0.0551,81,ALL RED,RapCaviar,ALL RED,2024-09-13,0.0,0.0,9.0,148053.0,0.109,modern,High,2024.0,2.46755
0.761,147.216,0.649,hip-hop,-4.204,0.207,0.313,"Lil Tecca, Don Toliver",4.0,0.152,73,PLAN A,RapCaviar,I CAN’T LET GO,2024-09-20,0.0,1.0,8.0,150204.0,0.00694,modern,High,2024.0,2.5034
0.663,184.057,0.672,hip-hop,-5.984,0.134,0.381,Lil Uzi Vert,4.0,0.243,76,Eternal Atake 2,RapCaviar,Chill Bae,2024-11-01,0.0,1.0,3.0,138324.0,0.112,modern,High,2024.0,2.3054
0.681,114.991,0.884,hip-hop,-5.839,0.277,0.324,BigXthaPlug,4.0,0.149,69,TAKE CARE,RapCaviar,2AM,2024-10-11,0.0,1.0,8.0,184294.0,0.0439,modern,High,2024.0,3.0715666666666666
0.723,139.942,0.783,hip-hop,-4.881,0.159,0.294,"Drake, Young Thug, 21 Savage",4.0,0.135,76,100 GIGS,RapCaviar,It's Up (feat. Young Thug & 21 Savage),2024-08-30,0.0,1.0,1.0,278001.0,0.0264,modern,High,2024.0,4.63335
0.831,139.905,0.652,hip-hop,-5.972,0.269,0.648,BabyChiefDoit,4.0,0.264,68,The Viper,RapCaviar,The Viper,2024-09-20,0.0,0.0,10.0,150997.0,0.0111,modern,High,2024.0,2.5166166666666667
0.525,75.013,0.776,hip-hop,-6.723,0.108,0.467,Latto,4.0,0.137,70,Sugar Honey Iced Tea,RapCaviar,Brokey,2024-08-09,0.0,1.0,1.0,217613.0,0.0366,modern,High,2024.0,3.6268833333333332
0.5,63.925,0.427,hip-hop,-8.269,0.127,0.269,Rod Wave,5.0,0.141,76,Last Lap,RapCaviar,25,2024-10-11,0.0,1.0,0.0,180000.0,0.286,modern,High,2024.0,3.0
0.586,125.845,0.731,hip-hop,-7.564,0.0987,0.147,"NLE Choppa, 41, Kyle Richh",4.0,0.172,77,Or What,RapCaviar,Or What,2024-09-06,0.0,0.0,1.0,199165.0,0.116,modern,High,2024.0,3.3194166666666667
0.552,144.941,0.64,hip-hop,-5.679,0.119,0.112,"Future, Metro Boomin, Travis Scott, Playboi Carti",4.0,0.129,84,WE DON'T TRUST YOU,RapCaviar,Type Shit,2024-03-22,0.0,1.0,2.0,228267.0,0.0215,modern,High,2024.0,3.80445
0.472,101.061,0.898,hip-hop,-7.001,0.141,0.214,Kendrick Lamar,4.0,0.0776,88,Not Like Us,RapCaviar,Not Like Us,2024-05-04,0.0,1.0,1.0,274192.0,0.0107,modern,High,2024.0,4.569866666666667
0.859,129.77,0.77,hip-hop,-3.382,0.673,0.64,"Tyler, The Creator, ScHoolboy Q, Santigold",4.0,0.275,85,CHROMAKOPIA,RapCaviar,Thought I Was Dead (feat. ScHoolboy Q & Santigold),2024-10-28,0.0,0.0,10.0,207273.0,0.362,modern,High,2024.0,3.45455
0.685,121.991,0.731,hip-hop,-4.707,0.0865,0.458,"¥$, Playboi Carti, Don Toliver, Kodak Black",4.0,0.12,72,FIELD TRIP,RapCaviar,FIELD TRIP,2024-08-03,0.0,0.0,11.0,167229.0,0.054,modern,High,2024.0,2.78715
0.578,124.005,0.916,hip-hop,-6.275,0.113,0.192,Future,4.0,0.124,74,MIXTAPE PLUTO,RapCaviar,TEFLON DON,2024-09-20,0.00402,1.0,11.0,159894.0,0.00349,modern,High,2024.0,2.6649
0.574,146.007,0.694,hip-hop,-6.144,0.082,0.286,Drake,4.0,0.0483,79,100 GIGS,RapCaviar,Circadian Rhythm,2024-08-30,0.0,0.0,1.0,126356.0,0.193,modern,High,2024.0,2.105933333333333
0.867,131.041,0.902,hip-hop,-3.108,0.142,0.799,BigXthaPlug,4.0,0.225,68,The Largest,RapCaviar,The Largest,2024-08-09,0.0,0.0,10.0,132338.0,0.0678,modern,High,2024.0,2.205633333333333
0.692,140.203,0.637,hip-hop,-7.231,0.345,0.427,Lil Uzi Vert,4.0,0.164,73,Eternal Atake 2,RapCaviar,Light Year (Practice),2024-11-01,0.0,0.0,1.0,164366.0,0.0153,modern,High,2024.0,2.7394333333333334
0.478,104.563,0.675,hip-hop,-10.201,0.127,0.39,"Tee Grizzley, J. Cole",4.0,0.512,69,Blow for Blow (feat. J. Cole),RapCaviar,Blow for Blow (feat. J. Cole),2024-09-27,7.8e-06,1.0,1.0,210286.0,0.0731,modern,High,2024.0,3.504766666666667
0.878,82.557,0.661,hip-hop,-4.099,0.381,0.514,"Tyler, The Creator",4.0,0.31,87,CHROMAKOPIA,RapCaviar,Rah Tah Tah,2024-10-28,0.0,1.0,1.0,165413.0,0.00289,modern,High,2024.0,2.756883333333333
0.396,78.022,0.726,hip-hop,-9.121,0.527,0.413,Juice WRLD,4.0,0.283,73,The Pre-Party (Extended),RapCaviar,Both Ways,2024-10-14,0.0,0.0,5.0,197428.0,0.269,modern,High,2024.0,3.2904666666666667
0.711,117.038,0.974,hip-hop,-5.206,0.0888,0.328,Doechii,4.0,0.194,72,Alligator Bites Never Heal,RapCaviar,NISSAN ALTIMA,2024-08-30,3.92e-05,0.0,11.0,126832.0,0.0988,modern,High,2024.0,2.1138666666666666
0.527,77.499,0.824,hip-hop,-5.506,0.368,0.212,A$AP Rocky,4.0,0.118,74,Tailor Swif,RapCaviar,Tailor Swif,2024-08-30,0.0,1.0,8.0,155391.0,0.149,modern,High,2024.0,2.58985
0.752,158.042,0.638,hip-hop,-6.227,0.17,0.242,Yeat,4.0,0.0385,72,LYFESTYLE,RapCaviar,GEEK TIMË,2024-10-18,0.734,0.0,1.0,170188.0,0.0066,modern,High,2024.0,2.8364666666666665
0.826,108.52,0.654,hip-hop,-2.93,0.131,0.417,50 Cent,5.0,0.354,71,Get Rich Or Die Tryin',Gangster Rap,Many Men (Wish Death),2003-02-06,0.00146,0.0,6.0,256227.0,0.0153,gangster,High,2003.0,4.27045
0.472,101.061,0.898,hip-hop,-7.001,0.141,0.214,Kendrick Lamar,4.0,0.0776,88,Not Like Us,Gangster Rap,Not Like Us,2024-05-04,0.0,1.0,1.0,274192.0,0.0107,gangster,High,2024.0,4.569866666666667
0.764,140.113,0.882,hip-hop,-5.241,0.119,0.886,"Central Cee, Lil Baby",4.0,0.204,81,BAND4BAND (feat. Lil Baby),Gangster Rap,BAND4BAND (feat. Lil Baby),2024-05-23,0.0,1.0,11.0,140733.0,0.359,gangster,High,2024.0,2.34555
0.552,144.941,0.64,hip-hop,-5.679,0.119,0.112,"Future, Metro Boomin, Travis Scott, Playboi Carti",4.0,0.129,84,WE DON'T TRUST YOU,Gangster Rap,Type Shit,2024-03-22,0.0,1.0,2.0,228267.0,0.0215,gangster,High,2024.0,3.80445
0.632,123.987,0.848,hip-hop,-7.381,0.282,0.253,"41, Kyle Richh, Jenn Carter, TaTa",4.0,0.277,68,41 World: Not The Album,Gangster Rap,"Bent (with Kyle Richh, Jenn Carter & TaTa)",2023-11-17,0.0,1.0,2.0,171198.0,0.398,gangster,High,2023.0,2.8533
0.805,142.096,0.548,hip-hop,-5.732,0.408,0.649,Pop Smoke,4.0,0.351,76,Meet The Woo,Gangster Rap,Dior,2019-07-26,0.000405,1.0,7.0,216387.0,0.212,gangster,High,2019.0,3.60645
0.631,121.854,0.772,hip-hop,-5.082,0.129,0.433,"Offset, Travis Scott",4.0,0.0431,70,SET IT OFF,Gangster Rap,SAY MY GRACE (feat. Travis Scott),2023-10-13,0.0,1.0,10.0,173253.0,0.0648,gangster,High,2023.0,2.88755
0.702,125.089,0.871,hip-hop,-8.025,0.0912,0.675,Lil Loaded,4.0,0.253,69,6locc 6a6y,Gangster Rap,6locc 6a6y,2019-12-06,0.0,1.0,5.0,131286.0,0.296,gangster,High,2019.0,2.1881
0.57,142.974,0.787,hip-hop,-5.881,0.135,0.733,"Lil Durk, J. Cole",4.0,0.225,69,All My Life (feat. J. Cole),Gangster Rap,All My Life (feat. J. Cole),2023-05-12,0.0,1.0,3.0,223879.0,0.0449,gangster,High,2023.0,3.731316666666667
0.583,116.624,0.709,hip-hop,-5.298,0.195,0.533,"Metro Boomin, Future, Chris Brown",4.0,0.204,79,HEROES & VILLAINS,Gangster Rap,Superhero (Heroes & Villains) [with Future & Chris Brown],2022-12-02,2.97e-06,0.0,5.0,182667.0,0.138,gangster,High,2022.0,3.04445
0.592,159.98,0.82,hip-hop,-7.002,0.121,0.4,King Von,4.0,0.29,78,Levon James,Gangster Rap,Took Her To The O,2020-03-06,4.71e-06,1.0,1.0,196180.0,0.0149,gangster,High,2020.0,3.2696666666666667
0.68,144.006,0.85,hip-hop,-6.18,0.0964,0.694,Central Cee,1.0,0.338,70,Wild West,Gangster Rap,Loading,2021-03-12,0.0,0.0,3.0,173333.0,0.732,gangster,High,2021.0,2.8888833333333332
0.758,165.409,0.681,hip-hop,-6.524,0.555,0.331,"21 Savage, Travis Scott, Metro Boomin",4.0,0.188,73,american dream,Gangster Rap,née-nah,2024-01-12,0.0,1.0,1.0,220584.0,0.00465,gangster,High,2024.0,3.6764
0.413,131.964,0.772,hip-hop,-8.194,0.111,0.211,Chief Keef,4.0,0.0891,77,Finally Rich,Gangster Rap,Love Sosa,2012-01-01,0.0,0.0,0.0,246213.0,0.0361,gangster,High,2012.0,4.10355
0.658,151.951,0.752,hip-hop,-6.297,0.0927,0.387,"Future, Lil Uzi Vert",4.0,0.342,70,Pluto x Baby Pluto,Gangster Rap,Drankin N Smokin,2020-11-13,0.0,1.0,0.0,213520.0,0.0421,gangster,High,2020.0,3.558666666666667
0.732,142.791,0.548,hip-hop,-5.652,0.269,0.612,Pop Smoke,4.0,0.336,71,Meet The Woo 2,Gangster Rap,Invincible,2020-02-07,0.0,0.0,11.0,127547.0,0.125,gangster,High,2020.0,2.125783333333333
0.676,143.477,0.594,hip-hop,-5.808,0.163,0.472,"JACKBOYS, Pop Smoke, Travis Scott",4.0,0.344,69,JACKBOYS,Gangster Rap,GATTI,2019-12-27,0.0,1.0,2.0,181145.0,0.135,gangster,High,2019.0,3.019083333333333
0.618,99.7,0.49,hip-hop,-5.655,0.259,0.286,"Pop Smoke, 50 Cent, Roddy Ricch",4.0,0.104,68,Shoot For The Stars Aim For The Moon,Gangster Rap,The Woo (feat. 50 Cent & Roddy Ricch),2020-07-03,3.77e-06,1.0,1.0,201600.0,0.0221,gangster,High,2020.0,3.36
0.35,77.528,0.822,hip-hop,-12.207,0.0757,0.346,Polo G,4.0,0.574,68,Neva Cared,Gangster Rap,Neva Cared,2018-03-11,0.0,0.0,1.0,186000.0,0.0213,gangster,High,2018.0,3.1
0.946,150.141,0.804,hip-hop,-5.949,0.359,0.745,Key Glock,4.0,0.352,70,Yellow Tape,Gangster Rap,Mr. Glock,2020-01-31,0.0,1.0,7.0,146880.0,0.002,gangster,High,2020.0,2.448
0.626,143.01,0.819,hip-hop,-4.574,0.167,0.415,"21 Savage, Metro Boomin",4.0,0.202,78,SAVAGE MODE II,Gangster Rap,Runnin,2020-10-02,0.101,0.0,10.0,195906.0,0.00748,gangster,High,2020.0,3.2651
0.592,188.051,0.696,hip-hop,-6.281,0.127,0.232,King Von,4.0,0.319,72,Welcome to O'Block,Gangster Rap,Armed & Dangerous,2020-10-30,0.0,1.0,1.0,122680.0,0.152,gangster,High,2020.0,2.0446666666666666
0.547,138.05,0.92,hip-hop,-4.98,0.0998,0.606,Lil Yachty,4.0,0.272,70,Lil Boat 3.5,Gangster Rap,Coffin,2020-11-27,1.45e-06,0.0,6.0,89536.0,0.0241,gangster,High,2020.0,1.4922666666666666
0.395,76.984,0.793,hip-hop,-5.578,0.109,0.128,"Lil Baby, Gunna",4.0,0.385,69,Street Gossip,Gangster Rap,Ready (feat. Gunna),2018-11-30,1.4e-05,1.0,1.0,213287.0,0.277,gangster,High,2018.0,3.5547833333333334
0.774,130.007,0.867,hip-hop,-5.791,0.157,0.549,Key Glock,4.0,0.315,69,Glock Bond,Gangster Rap,Russian Cream,2018-02-02,0.0,0.0,11.0,142498.0,0.11,gangster,High,2018.0,2.3749666666666664
0.449,136.006,0.578,hip-hop,-6.349,0.119,0.1,"Drake, Lil Baby",4.0,0.286,73,Scary Hours 2,Gangster Rap,Wants and Needs (feat. Lil Baby),2021-03-05,2.17e-06,1.0,1.0,192956.0,0.0618,gangster,High,2021.0,3.2159333333333335
0.673,165.921,0.529,hip-hop,-4.711,0.093,0.366,"Drake, 21 Savage",4.0,0.175,80,"Honestly, Nevermind",Gangster Rap,Jimmy Cooks (feat. 21 Savage),2022-06-17,2.41e-06,1.0,0.0,218365.0,0.000307,gangster,High,2022.0,3.6394166666666665
0.73,156.953,0.729,hip-hop,-5.14,0.118,0.41,King Von,4.0,0.261,75,"Grandson, Vol. 1",Gangster Rap,"Crazy Story, Pt. 3",2019-09-20,4.33e-05,0.0,11.0,191399.0,0.00165,gangster,High,2019.0,3.189983333333333
0.487,127.05,0.964,hip-hop,-6.071,0.115,0.108,Lil Baby,4.0,0.421,77,Street Gossip,Gangster Rap,Pure Cocaine,2018-11-30,6.07e-06,0.0,10.0,154024.0,0.00127,gangster,High,2018.0,2.567066666666667
0.732,149.012,0.841,hip-hop,-5.186,0.136,0.576,Key Glock,4.0,0.19,73,Yellow Tape 2,Gangster Rap,Ambition For Cash,2021-11-05,2.18e-05,0.0,7.0,143480.0,0.0115,gangster,High,2021.0,2.3913333333333333
0.611,134.093,0.711,hip-hop,-5.453,0.23,0.144,"Baby Keem, Kendrick Lamar",4.0,0.33,79,The Melodic Blue,Gangster Rap,family ties (with Kendrick Lamar),2021-09-10,0.0,1.0,1.0,252262.0,0.00588,gangster,High,2021.0,4.204366666666667
0.733,130.029,0.847,hip-hop,-6.439,0.151,0.202,"21 Savage, Metro Boomin",4.0,0.16,80,SAVAGE MODE II,Gangster Rap,Glock In My Lap,2020-10-02,1.04e-05,0.0,10.0,193591.0,0.00574,gangster,High,2020.0,3.2265166666666665
0.48,143.029,0.846,hip-hop,-8.618,0.0989,0.419,"Lil Durk, Lil Baby, Polo G",4.0,0.359,68,Just Cause Y'all Waited 2,Gangster Rap,3 Headed Goat (feat. Lil Baby & Polo G),2020-05-08,0.0,0.0,8.0,169532.0,0.269,gangster,High,2020.0,2.8255333333333335
0.575,120.031,0.88,hip-hop,-6.091,0.109,0.671,"Lil Tjay, Offset, Moneybagg Yo",4.0,0.163,71,Destined 2 Win,Gangster Rap,Run It Up (feat. Offset & Moneybagg Yo),2021-04-02,0.0,1.0,6.0,232048.0,0.415,gangster,High,2021.0,3.8674666666666666
0.727,150.062,0.477,hip-hop,-4.053,0.108,0.227,"DJ Khaled, Lil Baby, Lil Durk",4.0,0.286,70,KHALED KHALED,Gangster Rap,EVERY CHANCE I GET (feat. Lil Baby & Lil Durk),2021-04-30,0.0,1.0,2.0,236524.0,0.000866,gangster,High,2021.0,3.942066666666667
0.495,137.027,0.853,hip-hop,-14.63,0.0844,0.0774,Drake,4.0,0.14,68,"Honestly, Nevermind",Gangster Rap,Sticky,2022-06-17,0.000217,1.0,6.0,243228.0,0.0917,gangster,High,2022.0,4.0538
0.434,150.062,0.833,hip-hop,-8.795,0.165,0.281,Future,4.0,0.431,81,FUTURE,Gangster Rap,Mask Off,2017-06-30,0.0219,1.0,2.0,204600.0,0.0102,gangster,High,2017.0,3.41
0.564,77.972,0.856,hip-hop,-6.295,0.134,0.483,Lil Baby,4.0,0.392,70,On Me,Gangster Rap,On Me,2020-12-04,0.0,0.0,6.0,135960.0,0.00327,gangster,High,2020.0,2.266
0.67,139.956,0.79,hip-hop,-5.527,0.119,0.408,Kendrick Lamar,4.0,0.105,75,Mr. Morale & The Big Steppers,Gangster Rap,N95,2022-05-13,2.32e-06,1.0,1.0,195950.0,0.377,gangster,High,2022.0,3.265833333333333
0.733,97.974,0.825,hip-hop,-5.625,0.112,0.62,"21 Savage, Metro Boomin, Young Thug",4.0,0.0969,75,SAVAGE MODE II,Gangster Rap,Rich Nigga Shit (feat. Young Thug),2020-10-02,0.0,0.0,1.0,190331.0,0.349,gangster,High,2020.0,3.1721833333333334
0.567,75.965,0.574,hip-hop,-7.126,0.258,0.526,"JID, 21 Savage, Baby Tate",4.0,0.465,78,The Forever Story (Extended Version),Gangster Rap,Surround Sound (feat. 21 Savage & Baby Tate),2022-10-31,0.0,0.0,7.0,229938.0,0.164,gangster,High,2022.0,3.8323
0.434,150.062,0.833,hip-hop,-8.795,0.165,0.281,Future,4.0,0.431,81,FUTURE,Trap,Mask Off,2017-06-30,0.0219,1.0,2.0,204600.0,0.0102,trap,High,2017.0,3.41
0.665,94.329,0.583,hip-hop,-3.885,0.112,0.463,"Matuê, Veigh",4.0,0.18,75,333,Trap,Imagina esse Cenário,2024-09-09,0.0,1.0,1.0,155368.0,0.314,trap,High,2024.0,2.5894666666666666
0.346,119.957,0.963,hip-hop,-9.309,0.108,0.562,"Lil Baby, Drake",4.0,0.53,75,Harder Than Ever,Trap,Yes Indeed,2018-05-18,0.0,0.0,5.0,142273.0,0.0355,trap,High,2018.0,2.3712166666666668
0.577,148.107,0.797,hip-hop,-5.617,0.301,0.17,"Duki, Wiz Khalifa, Arcángel",4.0,0.195,72,AMERI,Trap,Wake Up & Bake Up,2024-10-31,0.0,1.0,1.0,206031.0,0.0174,trap,High,2024.0,3.43385
0.59,119.97,0.88,hip-hop,-4.709,0.184,0.723,"Teto, Matuê",4.0,0.204,68,M4,Trap,M4,2021-01-20,0.0,0.0,8.0,170000.0,0.08,trap,High,2021.0,2.8333333333333335
0.631,129.902,0.807,hip-hop,-4.883,0.117,0.126,"Trap Capos, Noriel, Anuel AA, Baby Rasta",4.0,0.111,70,Trap Capos: Season 1,Trap,Diablita (feat. Anuel AA & Baby Rasta),2016-10-07,0.0,1.0,8.0,213613.0,0.407,trap,High,2016.0,3.560216666666667
0.413,131.964,0.772,hip-hop,-8.194,0.111,0.211,Chief Keef,4.0,0.0891,77,Finally Rich,Trap,Love Sosa,2012-01-01,0.0,0.0,0.0,246213.0,0.0361,trap,High,2012.0,4.10355
0.822,165.946,0.513,hip-hop,-4.51,0.11,0.768,"Night Skinny, Nerissima Serpe, Papa V",4.0,0.383,69,Containers,Trap,Tessera sanitaria (feat. Nerissima Serpe & Papa V),2024-10-10,0.0,1.0,1.0,204668.0,0.14,trap,High,2024.0,3.4111333333333334
0.666,127.079,0.926,hip-hop,-5.314,0.123,0.168,"Migos, Lil Uzi Vert",4.0,0.244,70,Culture,Trap,Bad and Boujee (feat. Lil Uzi Vert),2017-01-27,0.0,1.0,11.0,343150.0,0.0611,trap,High,2017.0,5.719166666666666
0.575,145.95,0.713,hip-hop,-6.706,0.169,0.189,"Young Stoner Life, Young Thug, Meek Mill, T-Shyne",4.0,0.0501,72,Slime Language 2,Trap,That Go! (feat. T-Shyne),2021-04-16,0.0,1.0,1.0,226400.0,0.00669,trap,High,2021.0,3.7733333333333334
0.586,124.041,0.808,hip-hop,-7.242,0.14,0.568,"Arcángel, Bad Bunny",4.0,0.169,68,Me Acostumbre (feat. Bad Bunny),Trap,Me Acostumbre (feat. Bad Bunny),2017-04-11,0.0,0.0,10.0,263288.0,0.641,trap,High,2017.0,4.388133333333333
0.676,162.012,0.814,hip-hop,-4.67,0.119,0.312,"Future, Metro Boomin, Kendrick Lamar",4.0,0.231,83,WE DON'T TRUST YOU,Trap,Like That,2024-03-22,1.28e-05,0.0,11.0,267707.0,0.00709,trap,High,2024.0,4.461783333333333
0.928,109.966,0.616,hip-hop,-2.34,0.156,0.23,Matuê,4.0,0.043,70,333,Trap,Castlevania,2024-09-09,0.0,0.0,9.0,230182.0,0.0168,trap,High,2024.0,3.8363666666666667
0.542,135.14,0.926,hip-hop,-5.064,0.0877,0.564,"Lil Baby, 42 Dugg",4.0,0.293,70,My Turn (Deluxe),Trap,We Paid (feat. 42 Dugg),2020-05-01,0.0,1.0,1.0,181929.0,0.135,trap,High,2020.0,3.03215
0.637,135.055,0.851,hip-hop,-6.149,0.227,0.616,"Duki, Headie One",4.0,0.104,73,AMERI,Trap,Brindis,2024-10-31,0.0,1.0,0.0,179556.0,0.225,trap,High,2024.0,2.9926
0.718,128.14,0.76,hip-hop,-3.017,0.0982,0.557,"Bad Bunny, Bryant Myers",4.0,0.232,72,Pa Ti,Trap,Pa Ti,2017-01-02,0.0,1.0,1.0,191295.0,0.348,trap,High,2017.0,3.18825
0.748,115.01,0.752,hip-hop,-3.755,0.105,0.497,"Trap Capos, Noriel, Bad Bunny, Almighty",4.0,0.0895,70,Amigos y Enemigos (Remix),Trap,Amigos y Enemigos (feat. Bad Bunny & Almighty) - Remix,2017-02-06,0.0,1.0,6.0,295304.0,0.289,trap,High,2017.0,4.921733333333333
0.536,119.967,0.689,hip-hop,-8.861,0.169,0.349,"Lary Over, Anuel, Bryant Myers, Almighty, Brytiago",4.0,0.174,69,Tu Me Enamoraste (Remix),Trap,Tu Me Enamoraste - Remix,2016-04-02,0.0,1.0,8.0,341135.0,0.25,trap,High,2016.0,5.685583333333334
0.531,118.96,0.566,hip-hop,-6.635,0.179,0.367,"Paulo Londra, Lenny Tavárez",4.0,0.0716,73,Homerun,Trap,Nena Maldición (feat. Lenny Tavárez),2019-05-23,0.0,1.0,6.0,227518.0,0.192,trap,High,2019.0,3.7919666666666667
0.657,124.992,0.883,hip-hop,-5.748,0.128,0.284,Future,4.0,0.305,77,I NEVER LIKED YOU,Trap,PUFFIN ON ZOOTIEZ,2022-04-29,0.0,1.0,8.0,172933.0,0.0603,trap,High,2022.0,2.882216666666667
0.88,92.055,0.753,hip-hop,-3.165,0.146,0.582,Matuê,4.0,0.081,73,333,Trap,1993,2024-09-09,0.0,1.0,11.0,127826.0,0.455,trap,High,2024.0,2.1304333333333334
0.496,86.003,0.889,hip-hop,-6.365,0.252,0.544,"Meek Mill, Drake",4.0,0.0905,74,Championships,Trap,Going Bad (feat. Drake),2018-11-30,0.0,0.0,4.0,180522.0,0.259,trap,High,2018.0,3.0087
0.708,96.914,0.712,hip-hop,-5.715,0.29,0.634,"Duki, YSY A",4.0,0.247,71,AMERI,Trap,Un Día Más,2024-10-31,0.0,0.0,10.0,165773.0,0.404,trap,High,2024.0,2.7628833333333334
0.696,120.146,0.744,hip-hop,-5.015,0.0808,0.406,"Trap Capos, Noriel, Bad Bunny, Arcángel",4.0,0.117,69,Trap Capos II,Trap,De las 2 (feat. Bad Bunny & Arcángel),2018-04-13,0.0,0.0,8.0,260493.0,0.71,trap,High,2018.0,4.34155
0.629,140.101,0.523,hip-hop,-4.058,0.323,0.209,"Bryant Myers, Bad Bunny",4.0,0.0549,68,Un Ratito Mas,Trap,Un Ratito Mas,2017-06-05,0.0,1.0,1.0,283121.0,0.156,trap,High,2017.0,4.718683333333333
0.735,99.827,0.697,hip-hop,-4.16,0.099,0.403,"Lazza, Lil Baby",3.0,0.0497,73,LOCURA,Trap,CANZONE D'ODIO (feat. Lil Baby),2024-09-19,0.0,0.0,10.0,162970.0,0.172,trap,High,2024.0,2.7161666666666666
0.671,147.037,0.607,hip-hop,-6.934,0.128,0.316,"Filipe Ret, Dallass, Hunter",4.0,0.0863,68,Deus Perdoa,Trap,Deus Perdoa,2023-03-21,1.31e-06,0.0,4.0,137143.0,0.403,trap,High,2023.0,2.2857166666666666
0.486,110.964,0.784,hip-hop,-6.497,0.101,0.0894,Future,4.0,0.0475,80,HNDRXX,Trap,Solo,2017-07-27,0.497,0.0,5.0,265996.0,0.0538,trap,High,2017.0,4.4332666666666665
0.583,116.624,0.709,hip-hop,-5.298,0.195,0.533,"Metro Boomin, Future, Chris Brown",4.0,0.204,79,HEROES & VILLAINS,Trap,Superhero (Heroes & Villains) [with Future & Chris Brown],2022-12-02,2.97e-06,0.0,5.0,182667.0,0.138,trap,High,2022.0,3.04445
0.385,129.958,0.69,hip-hop,-8.444,0.236,0.19,"KHEA, Omar Varela, Asan",4.0,0.0817,68,Cómo Le Digo,Trap,Cómo Le Digo,2018-04-10,0.0,1.0,0.0,226101.0,0.181,trap,High,2018.0,3.76835
0.411,172.445,0.722,hip-hop,-9.963,0.0976,0.503,"KayBlack, Wall Hein, AMUSIK",3.0,0.387,70,Maturidade,Trap,Maturidade,2022-09-08,0.0,0.0,2.0,142026.0,0.509,trap,High,2022.0,2.3671
0.484,133.03,0.93,hip-hop,-5.486,0.0922,0.747,"WIU, Teto",4.0,0.259,70,Problemas de um Milionário,Trap,Problemas de um Milionário,2024-04-10,6.84e-05,1.0,2.0,144361.0,0.355,trap,High,2024.0,2.4060166666666665
0.6,113.903,0.883,hip-hop,-7.188,0.0931,0.691,Bad Bunny,4.0,0.37,72,EL ÚLTIMO TOUR DEL MUNDO,Trap,BOOKER T,2020-11-27,7.94e-06,1.0,7.0,156430.0,0.114,trap,High,2020.0,2.6071666666666666
0.73,155.008,0.834,hip-hop,-3.714,0.124,0.446,Travis Scott,4.0,0.222,81,ASTROWORLD,Trap,SICKO MODE,2018-08-03,0.0,1.0,8.0,312820.0,0.00513,trap,High,2018.0,5.213666666666667
0.668,87.973,0.573,hip-hop,-4.356,0.109,0.145,"Metro Boomin, Future, Don Toliver",4.0,0.0467,82,HEROES & VILLAINS,Trap,Too Many Nights (feat. Don Toliver & with Future),2022-12-02,4.01e-05,0.0,7.0,199920.0,0.189,trap,High,2022.0,3.332
0.603,135.993,0.735,hip-hop,-9.474,0.0844,0.429,"Revol, Ozuna, Cosculluela, Arcángel, Brytiago",4.0,0.203,71,Me Ama Me Odia,Trap,Me Ama Me Odia,2016-09-01,3.56e-05,0.0,6.0,326937.0,0.226,trap,High,2016.0,5.44895
0.637,171.264,0.567,afrobeats,-4.032,0.235,0.882,Youka,3.0,0.298,68,VENIN,Afro Hits,Hm Hm hm,2024-07-05,0.0346,0.0,9.0,131765.0,0.499,nigerian,High,2024.0,2.196083333333333
0.874,118.079,0.774,afrobeats,-5.641,0.413,0.927,Wizkid,4.0,0.0488,75,Kese (Dance),Afro Hits,Kese (Dance),2024-11-15,0.34,0.0,5.0,174053.0,0.142,nigerian,High,2024.0,2.9008833333333333
0.792,113.981,0.749,afrobeats,-4.621,0.0712,0.903,"Davido, YG Marley",4.0,0.0402,76,Awuke,Afro Hits,Awuke,2024-10-31,1.63e-05,1.0,5.0,172632.0,0.308,nigerian,High,2024.0,2.8772
0.812,100.049,0.455,afrobeats,-3.455,0.199,0.823,"Darkoo, Rema",4.0,0.211,68,Favourite Girl (with Rema),Afro Hits,Favourite Girl (with Rema),2024-08-08,0.0,1.0,8.0,184249.0,0.372,nigerian,High,2024.0,3.0708166666666665
0.648,93.2,0.737,afrobeats,-5.493,0.105,0.746,"Wizkid, Brent Faiyaz",4.0,0.138,77,Piece of My Heart (feat. Brent Faiyaz),Afro Hits,Piece of My Heart (feat. Brent Faiyaz),2024-10-18,6.92e-06,1.0,1.0,259354.0,0.252,nigerian,High,2024.0,4.322566666666667
0.814,93.482,0.683,afrobeats,-3.505,0.0858,0.758,Tyla,4.0,0.0466,78,TYLA +,Afro Hits,PUSH 2 START,2024-10-11,0.00826,1.0,2.0,156826.0,0.277,nigerian,High,2024.0,2.613766666666667
0.683,145.379,0.501,afrobeats,-7.881,0.0685,0.623,"Bnxn, Rema",5.0,0.211,71,Fi Kan We Kan,Afro Hits,Fi Kan We Kan,2024-10-15,9.25e-05,0.0,6.0,161379.0,0.109,nigerian,High,2024.0,2.68965
0.634,101.837,0.502,afrobeats,-3.367,0.188,0.645,"Asake, Wizkid",3.0,0.144,72,Lungu Boy,Afro Hits,MMS,2024-08-08,0.0341,0.0,8.0,219628.0,0.677,nigerian,High,2024.0,3.6604666666666668
0.651,112.648,0.694,latin,-6.968,0.0787,0.471,"Oscar Maydon, Fuerza Regida",3.0,0.0784,93,Tu Boda,Viva Latino,Tu Boda,2024-09-26,1.36e-05,1.0,6.0,225881.0,0.496,modern,High,2024.0,3.764683333333333
0.581,99.973,0.805,latin,-5.091,0.0933,0.528,"Cris Mj, FloyyMenor, LOUKI",4.0,0.0601,86,MJ,Viva Latino,Después De La 1,2024-09-12,0.0202,0.0,6.0,177600.0,0.0303,modern,High,2024.0,2.96
0.563,105.008,0.833,latin,-5.593,0.139,0.343,"Rauw Alejandro, Bad Bunny",4.0,0.204,82,Cosa Nuestra,Viva Latino,Qué Pasaría...,2024-11-15,1.27e-05,0.0,4.0,182857.0,0.528,modern,High,2024.0,3.047616666666667
0.737,101.923,0.779,latin,-4.667,0.0974,0.445,"Danny Ocean, Kapo",4.0,0.109,76,Imagínate,Viva Latino,Imagínate,2024-11-07,0.0,1.0,11.0,170366.0,0.134,modern,High,2024.0,2.8394333333333335
0.662,95.999,0.863,latin,-5.855,0.334,0.307,"Natanael Cano, Uriel Gaxiola, Ganggy, Victor Mendivil",4.0,0.21,72,Kamikaze (feat. Victor Mendivil),Viva Latino,Kamikaze (feat. Victor Mendivil),2024-11-14,8.45e-06,0.0,4.0,248363.0,0.0843,modern,High,2024.0,4.139383333333333
0.482,100.029,0.69,latin,-6.335,0.0728,0.356,Fuerza Regida,4.0,0.2,88,PERO NO TE ENAMORES,Viva Latino,NEL,2024-07-25,0.0004,0.0,7.0,149074.0,0.523,modern,High,2024.0,2.484566666666667
0.668,128.027,0.924,latin,-6.795,0.0678,0.787,KAROL G,4.0,0.0469,93,Si Antes Te Hubiera Conocido,Viva Latino,Si Antes Te Hubiera Conocido,2024-06-21,0.000594,1.0,11.0,195824.0,0.446,modern,High,2024.0,3.263733333333333
0.762,90.025,0.816,latin,-2.864,0.0845,0.782,"Blessd, Anuel AA",4.0,0.0565,72,DEPORTIVO,Viva Latino,DEPORTIVO,2024-11-14,0.000404,1.0,0.0,218701.0,0.534,modern,High,2024.0,3.645016666666667
0.718,105.002,0.848,latin,-4.385,0.116,0.564,"Maria Becerra, Yandel",4.0,0.0557,74,SEXO ES LA MODA,Viva Latino,SEXO ES LA MODA,2024-10-31,1.9e-05,0.0,9.0,165901.0,0.183,modern,High,2024.0,2.7650166666666665
0.712,91.98,0.848,latin,-3.574,0.106,0.692,"KAROL G, Feid, DFZM, Ovy On The Drums, J Balvin, Maluma, Ryan Castro, Blessd",4.0,0.0981,84,+57,Viva Latino,+57,2024-11-08,0.0,0.0,1.0,298131.0,0.221,modern,High,2024.0,4.96885
0.627,155.865,0.687,latin,-4.975,0.0893,0.47,"Rauw Alejandro, Romeo Santos",4.0,0.181,78,Cosa Nuestra,Viva Latino,Khé?,2024-11-15,0.0,1.0,7.0,206066.0,0.326,modern,High,2024.0,3.4344333333333332
0.483,171.831,0.753,latin,-6.436,0.0681,0.826,"Joyce Santana, Feid",4.0,0.273,72,Ferxxoko,Viva Latino,Ferxxoko,2024-10-31,0.0,0.0,3.0,177209.0,0.0189,modern,High,2024.0,2.9534833333333332
0.724,101.097,0.556,latin,-3.165,0.217,0.681,"Duki, Myke Towers",3.0,0.119,82,AMERI,Viva Latino,Nueva Era,2024-10-31,0.0,1.0,0.0,246889.0,0.267,modern,High,2024.0,4.114816666666667
0.442,100.021,0.776,latin,-8.99,0.0723,0.838,FloyyMenor,4.0,0.0575,81,PELIGROSA,Viva Latino,PELIGROSA,2024-07-12,1.31e-05,0.0,6.0,136944.0,0.319,modern,High,2024.0,2.2824
0.614,119.893,0.658,latin,-6.981,0.092,0.465,Chino Pacas,3.0,0.0324,79,Que Sigan Llegando Las Pacas (Extended),Viva Latino,Morena Canela,2024-10-18,2.18e-05,1.0,10.0,178337.0,0.105,modern,High,2024.0,2.9722833333333334
0.681,155.079,0.56,latin,-6.304,0.106,0.388,"Omar Courtz, De La Rose",4.0,0.244,89,PRIMERA MUSA,Viva Latino,Q U E V A S H A C E R H O Y ?,2024-09-20,0.0,0.0,6.0,223320.0,0.103,modern,High,2024.0,3.722
0.719,104.033,0.707,latin,-4.963,0.371,0.701,Quevedo,4.0,0.0395,76,DURO,Viva Latino,DURO,2024-10-31,2e-06,0.0,4.0,162205.0,0.223,modern,High,2024.0,2.7034166666666666
0.536,97.541,0.716,latin,-7.798,0.208,0.359,Junior H,3.0,0.0328,84,$AD BOYZ 4 LIFE II,Viva Latino,PIÉNSALO,2023-10-05,0.0,0.0,2.0,240669.0,0.452,modern,High,2023.0,4.01115
0.594,125.01,0.694,latin,-8.39,0.131,0.672,"Jasiel Nuñez, Peso Pluma",3.0,0.0366,75,LA ODISEA,Viva Latino,EN MI MUNDO,2024-11-07,0.0,0.0,8.0,307565.0,0.396,modern,High,2024.0,5.126083333333334
0.752,100.076,0.841,latin,-4.735,0.949,0.67,Shakira,4.0,0.105,86,Soltera,Viva Latino,Soltera,2024-09-25,0.00046,1.0,2.0,214643.0,0.167,modern,High,2024.0,3.577383333333333
0.709,194.055,0.744,latin,-5.778,0.0847,0.712,"Myke Towers, benny blanco",4.0,0.284,79,DEGENERE 👑 (feat. benny blanco),Viva Latino,DEGENERE 👑 (feat. benny blanco),2024-10-16,0.0,0.0,6.0,130880.0,0.0501,modern,High,2024.0,2.1813333333333333
0.707,82.045,0.786,latin,-4.386,0.121,0.691,"Maisak, Feid",4.0,0.0635,84,SE ME OLVIDA,Viva Latino,SE ME OLVIDA,2024-08-23,0.0,0.0,7.0,225373.0,0.0399,modern,High,2024.0,3.7562166666666665
0.832,98.582,0.742,latin,-4.267,0.296,0.716,Grupo Frontera,4.0,0.0325,82,Hecha Pa' Mí,Viva Latino,Hecha Pa' Mí,2024-10-03,0.0,1.0,8.0,195846.0,0.0857,modern,High,2024.0,3.2641
0.616,104.008,0.773,latin,-4.516,0.145,0.25,"Myke Towers, Peso Pluma",4.0,0.0416,72,LA PANTERA NEGRA,Viva Latino,SE TE NOTA (feat. Peso Pluma),2024-08-22,4.24e-05,1.0,0.0,190107.0,0.0565,modern,High,2024.0,3.16845
0.689,120.208,0.724,latin,-7.174,0.0922,0.936,Tito Double P,3.0,0.0524,89,INCÓMODO,Viva Latino,EL LOKERON,2024-08-22,6.77e-06,0.0,7.0,146141.0,0.573,modern,High,2024.0,2.4356833333333334
0.74,117.955,0.748,latin,-3.643,0.087,0.618,"Carin Leon, Gabito Ballesteros",4.0,0.0387,75,Ese Vato No Te Queda,Viva Latino,Ese Vato No Te Queda,2024-10-24,0.000109,0.0,7.0,198607.0,0.0292,modern,High,2024.0,3.3101166666666666
0.856,136.0,0.691,latin,-5.035,0.0876,0.713,"Fuerza Regida, Luis R Conriquez",3.0,0.0536,75,Cholo 7,Viva Latino,Cholo 7,2024-10-31,5.09e-05,0.0,6.0,157500.0,0.2,modern,High,2024.0,2.625
0.464,79.503,0.373,latin,-8.606,0.127,0.301,HUMBE,3.0,0.256,80,KINTSUGI,Viva Latino,KINTSUGI,2024-09-26,0.0135,0.0,4.0,237908.0,0.86,modern,High,2024.0,3.965133333333333
0.783,103.001,0.705,latin,-4.783,0.0984,0.454,Kapo,4.0,0.0403,86,UWAIE,Viva Latino,UWAIE,2024-08-15,0.0,0.0,9.0,172427.0,0.138,modern,High,2024.0,2.8737833333333334
0.631,111.93,0.706,latin,-5.812,0.227,0.289,"Clarent, Mora",4.0,0.0366,80,IA,Viva Latino,IA,2024-10-17,0.0,0.0,0.0,171429.0,0.656,modern,High,2024.0,2.85715
0.445,156.023,0.55,latin,-9.548,0.507,0.512,LATIN MAFIA,4.0,0.0847,73,TODOS LOS DÍAS TODO EL DÍA,Viva Latino,Siento que merezco más,2024-10-24,0.00318,1.0,7.0,166159.0,0.262,modern,High,2024.0,2.7693166666666666
0.764,148.853,0.666,latin,-6.297,0.347,0.729,"Tito Double P, Grupo Frontera",4.0,0.116,85,INCÓMODO,Viva Latino,AY MAMÁ,2024-08-22,0.0,0.0,4.0,163115.0,0.366,modern,High,2024.0,2.718583333333333
0.162,184.784,0.459,latin,-11.634,0.137,0.483,"Yami Safdie, Lasso",3.0,0.0425,79,En Otra Vida,Viva Latino,En Otra Vida,2024-10-10,0.0,1.0,0.0,153609.0,0.929,modern,High,2024.0,2.56015
0.834,139.995,0.783,latin,-4.623,0.0903,0.92,"Clave Especial, Luis R Conriquez",3.0,0.029,81,No Son Doritos,Viva Latino,No Son Doritos,2024-08-23,0.000212,0.0,3.0,160714.0,0.539,modern,High,2024.0,2.6785666666666668
0.682,100.036,0.75,latin,-3.825,0.112,0.618,Beéle,4.0,0.0945,79,Frente al Mar,Viva Latino,Frente al Mar,2024-09-26,1.28e-06,1.0,10.0,165178.0,0.168,modern,High,2024.0,2.7529666666666666
0.578,199.997,0.734,latin,-4.147,0.113,0.88,"W Sound, Blessd, Ovy On The Drums",4.0,0.295,82,Soltera (W Sound 01),Viva Latino,Soltera - W Sound 01,2024-08-06,0.000242,1.0,1.0,142022.0,0.155,modern,High,2024.0,2.3670333333333335
0.513,109.935,0.745,latin,-9.116,0.216,0.929,"Tito Double P, Peso Pluma",3.0,0.087,88,INCÓMODO,Viva Latino,DOS DÍAS,2024-08-22,0.0,1.0,1.0,154620.0,0.783,modern,High,2024.0,2.577
0.824,124.997,0.747,latin,-4.353,0.282,0.793,"Calle 24, Chuyin",3.0,0.0348,77,NO PIERDO LA VIDA,Viva Latino,NO PIERDO LA VIDA,2024-09-06,0.0,0.0,7.0,168547.0,0.184,modern,High,2024.0,2.8091166666666667
0.787,165.07,0.809,latin,-3.826,0.0653,0.9,"Alemán, Gera MX",4.0,0.125,68,Como Pacman,Viva Latino,Como Pacman,2024-10-31,0.0011,1.0,8.0,148152.0,0.126,modern,High,2024.0,2.4692
0.356,169.653,0.529,latin,-6.612,0.136,0.659,Julión Álvarez y su Norteño Banda,3.0,0.0569,85,Atento Aviso ... Rey Sin Reina,Viva Latino,Rey Sin Reina,2024-09-05,0.0,1.0,3.0,150523.0,0.29,modern,High,2024.0,2.5087166666666665
0.806,123.009,0.763,latin,-4.946,0.0612,0.594,"Belinda, Kenia OS",4.0,0.0532,73,JACKPOT,Viva Latino,JACKPOT,2024-10-24,1.32e-05,1.0,2.0,193521.0,0.0012,modern,High,2024.0,3.22535
0.872,128.924,0.816,latin,-4.27,0.254,0.94,Emilia,4.0,0.0442,77,noviogangsta <3,Viva Latino,noviogangsta <3,2024-10-12,3.7e-06,0.0,11.0,157209.0,0.25,modern,High,2024.0,2.62015
0.896,90.622,0.662,latin,-5.311,0.186,0.79,"Don Omar, Tego Calderón",4.0,0.251,68,The Fast And The Furious: Tokyo Drift (Original Motion Picture Soundtrack),Latino Hip-Hop,Bandoleros,2006-06-20,0.0,0.0,5.0,305280.0,0.318,hip-hop,High,2006.0,5.088
0.59,161.989,0.864,latin,-8.768,0.093,0.579,Alemán,4.0,0.499,69,Eclipse,Latino Hip-Hop,Rucón,2018-05-16,0.0,1.0,1.0,168560.0,0.0196,hip-hop,High,2018.0,2.8093333333333335
0.63,81.009,0.72,indian,-5.549,0.108,0.512,"Tanishk Bagchi, Jubin Nautiyal, Asees Kaur",4.0,0.0413,70,"Raataan Lambiyan (From ""Shershaah"")",Bollywood Butter,"Raataan Lambiyan (From ""Shershaah"")",2021-07-30,0.0,1.0,10.0,230292.0,0.615,bollywood,High,2021.0,3.8382
0.573,82.941,0.603,indian,-5.843,0.0971,0.236,"Jasleen Royal, B Praak, Romy, Anvita Dutt",4.0,0.0502,68,"Ranjha (From ""Shershaah"")",Bollywood Butter,"Ranjha (From ""Shershaah"")",2021-08-05,0.0,1.0,1.0,228855.0,0.478,bollywood,High,2021.0,3.81425
0.468,135.875,0.483,indian,-7.642,0.152,0.319,"Pritam, Arijit Singh",4.0,0.0341,73,Love Aaj Kal (Original Motion Picture Soundtrack),Bollywood Butter,Shayad,2020-02-14,0.0,1.0,8.0,247941.0,0.784,bollywood,High,2020.0,4.13235
0.519,122.925,0.562,indian,-8.744,0.172,0.415,"Alka Yagnik, Arijit Singh",4.0,0.0326,70,Tamasha,Bollywood Butter,Agar Tum Saath Ho,2015-10-16,0.000268,1.0,3.0,341055.0,0.557,bollywood,High,2015.0,5.68425
0.481,124.914,0.534,indian,-9.016,0.142,0.293,"Pritam, Arijit Singh",4.0,0.0412,71,Chhichhore,Bollywood Butter,Khairiyat,2019-08-31,0.0,0.0,0.0,280282.0,0.697,bollywood,High,2019.0,4.671366666666667
0.866,140.266,0.526,rock,-5.822,0.0945,0.248,Arctic Monkeys,4.0,0.0568,84,Favourite Worst Nightmare,Indie Rock Roadtrip,505,2007-04-22,7.78e-05,1.0,0.0,253587.0,0.00287,indie,High,2007.0,4.22645
0.903,132.009,0.562,rock,-4.46,0.298,0.791,Yeah Yeah Yeahs,4.0,0.0296,68,It's Blitz!,Indie Rock Roadtrip,Heads Will Roll,2009-01-01,0.0939,0.0,8.0,221000.0,0.000187,indie,High,2009.0,3.683333333333333
0.585,109.942,0.775,rock,-9.516,0.077,0.518,"Daft Punk, Julian Casablancas",4.0,0.0271,74,Random Access Memories,Indie Rock Roadtrip,Instant Crush (feat. Julian Casablancas),2013-05-20,0.619,0.0,10.0,337560.0,0.0422,indie,High,2013.0,5.626
0.94,100.99,0.438,rock,-3.249,0.3,0.421,MGMT,3.0,0.0452,73,Oracular Spectacular,Indie Rock Roadtrip,Time to Pretend,2007-12-14,0.0777,1.0,2.0,261000.0,8.74e-05,indie,High,2007.0,4.35
0.795,79.028,0.801,rock,-5.115,0.0717,0.754,Portugal. The Man,4.0,0.0504,81,Woodstock,Feel Good Indie Rock,Feel It Still,2017-06-16,0.000113,0.0,1.0,163253.0,0.0417,feel-good,High,2017.0,2.7208833333333335
0.509,119.945,0.578,rock,-6.229,0.344,0.586,Dominic Fike,4.0,0.0279,80,14 minutes,Feel Good Indie Rock,misses,2024-05-03,0.734,1.0,2.0,74379.0,0.13,feel-good,High,2024.0,1.23965
0.62,117.038,0.741,rock,-5.505,0.0398,0.934,Hozier,4.0,0.0412,79,Unheard,Feel Good Indie Rock,Too Sweet,2024-03-22,0.000809,1.0,10.0,251424.0,0.0295,feel-good,High,2024.0,4.1904
0.643,103.842,0.633,rock,-8.122,0.78,0.472,juju<3,4.0,0.0252,78,Wasted Summers,Feel Good Indie Rock,Wasted Summers,2023-07-12,0.00831,1.0,0.0,130385.0,0.106,feel-good,High,2023.0,2.1730833333333335
0.593,120.509,0.565,rock,-5.864,0.215,0.429,d4vd,4.0,0.0883,78,Feel It (From The Original Series “Invincible”),Feel Good Indie Rock,Feel It - From The Original Series “Invincible”,2024-03-28,0.0,1.0,8.0,157974.0,0.0288,feel-good,High,2024.0,2.6329
0.749,164.959,0.593,rock,-5.67,0.314,0.649,The Strokes,4.0,0.0475,77,The New Abnormal,Feel Good Indie Rock,The Adults Are Talking,2020-04-10,0.106,1.0,5.0,309053.0,0.0113,feel-good,High,2020.0,5.150883333333334
0.518,151.891,0.815,rock,-6.594,0.104,0.877,Dominic Fike,4.0,0.0897,77,"Don't Forget About Me, Demos",Feel Good Indie Rock,3 Nights,2018-10-16,0.0,0.0,7.0,177667.0,0.223,feel-good,High,2018.0,2.961116666666667
0.846,103.912,0.611,rock,-5.9,0.0784,0.751,The Smiths,4.0,0.0436,77,The Smiths,Feel Good Indie Rock,This Charming Man - 2011 Remaster,1984-02-20,0.0,1.0,11.0,162920.0,0.00509,feel-good,High,1984.0,2.715333333333333
0.924,168.017,0.598,rock,-4.974,0.17,0.611,Royel Otis,4.0,0.0623,76,Oysters In My Pocket,Feel Good Indie Rock,Oysters In My Pocket,2022-03-10,0.799,0.0,6.0,162339.0,0.0205,feel-good,High,2022.0,2.70565
0.828,112.056,0.654,rock,-5.377,0.122,0.79,Arctic Monkeys,4.0,0.0281,76,Favourite Worst Nightmare,Feel Good Indie Rock,Fluorescent Adolescent,2007-04-22,0.000144,0.0,1.0,183893.0,0.00146,feel-good,High,2007.0,3.0648833333333334
0.901,113.967,0.621,rock,-5.396,0.0875,0.744,New Radicals,4.0,0.0302,74,Maybe You've Been Brainwashed Too,Feel Good Indie Rock,You Get What You Give,1998-01-01,0.0,1.0,2.0,300773.0,0.17,feel-good,High,1998.0,5.012883333333333
0.509,119.869,0.898,rock,-7.973,0.0876,0.727,Rex Orange County,4.0,0.062,74,WHO CARES?,Feel Good Indie Rock,THE SHADE,2022-03-11,0.0,1.0,5.0,181507.0,0.391,feel-good,High,2022.0,3.0251166666666665
0.94,100.99,0.438,rock,-3.249,0.3,0.421,MGMT,3.0,0.0452,73,Oracular Spectacular,Feel Good Indie Rock,Time to Pretend,2007-12-14,0.0777,1.0,2.0,261000.0,8.74e-05,feel-good,High,2007.0,4.35
0.572,131.272,0.636,rock,-7.797,0.0878,0.66,Big Thief,4.0,0.0913,73,Vampire Empire,Feel Good Indie Rock,Vampire Empire,2023-07-19,0.0,1.0,9.0,192128.0,0.287,feel-good,High,2023.0,3.2021333333333333
0.603,102.99,0.66,rock,-7.7,0.0751,0.527,The American Dawn,4.0,0.025,73,Her,Feel Good Indie Rock,Her,2024-07-26,0.0144,0.0,3.0,214087.0,0.00566,feel-good,High,2024.0,3.5681166666666666
0.798,126.976,0.502,rock,-5.909,0.0979,0.307,"boygenius, Julien Baker, Phoebe Bridgers, Lucy Dacus",4.0,0.0414,72,the record,Feel Good Indie Rock,Not Strong Enough,2023-03-31,1.11e-05,1.0,1.0,234933.0,0.00291,feel-good,High,2023.0,3.91555
0.684,209.688,0.633,rock,-4.314,0.112,0.725,Bakar,4.0,0.591,71,Hell N Back,Feel Good Indie Rock,Hell N Back,2019-08-15,8.95e-05,0.0,10.0,213573.0,0.314,feel-good,High,2019.0,3.55955
0.351,87.057,0.665,rock,-9.424,0.109,0.451,Crumb,4.0,0.0276,71,Jinx,Feel Good Indie Rock,Ghostride,2019-06-14,0.819,1.0,2.0,126120.0,0.516,feel-good,High,2019.0,2.102
0.521,106.035,0.539,rock,-7.46,0.367,0.679,The Strokes,4.0,0.0299,69,Is This It,Feel Good Indie Rock,Someday,2001-07-30,0.0,1.0,9.0,183440.0,0.00425,feel-good,High,2001.0,3.0573333333333332
0.544,121.968,0.823,rock,-10.077,0.108,0.826,Vansire,4.0,0.0358,69,Metamodernity,Feel Good Indie Rock,Metamodernity,2019-06-11,0.165,1.0,5.0,162663.0,0.389,feel-good,High,2019.0,2.71105
0.658,150.093,0.615,rock,-7.299,0.205,0.293,alt-J,4.0,0.0343,68,An Awesome Wave,Feel Good Indie Rock,Breezeblocks,2012-09-18,0.000911,1.0,5.0,227080.0,0.096,feel-good,High,2012.0,3.784666666666667
0.501,134.014,0.781,rock,-9.767,0.0908,0.961,Mk.gee,4.0,0.0333,68,ROCKMAN,Feel Good Indie Rock,ROCKMAN,2024-10-18,3.78e-06,1.0,3.0,177818.0,0.66,feel-good,High,2024.0,2.963633333333333
0.501,87.086,0.668,country,-13.119,0.194,0.858,Kenny Rogers,4.0,0.0629,73,The Gambler,Classic Country,The Gambler,1978-11-20,0.0,1.0,4.0,214880.0,0.342,classic,High,1978.0,3.5813333333333333
0.361,121.059,0.606,country,-16.031,0.38,0.621,George Strait,4.0,0.0346,70,Strait From The Heart,Classic Country,Amarillo By Morning,1982-01-01,3.39e-05,1.0,9.0,173467.0,0.264,classic,High,1982.0,2.8911166666666666
0.361,187.711,0.363,country,-14.398,0.154,0.612,"Waylon Jennings, Willie Nelson",3.0,0.0499,68,Waylon & Willie,Classic Country,Mammas Don't Let Your Babies Grow up to Be Cowboys,1978-01-01,0.00119,1.0,9.0,152867.0,0.623,classic,High,1978.0,2.5477833333333333
0.586,78.259,0.434,r&b,-7.612,0.146,0.239,"SZA, Travis Scott",4.0,0.138,80,SOS,R&B Hits,Open Arms (feat. Travis Scott),2022-12-08,0.0144,1.0,9.0,239613.0,0.753,modern,High,2022.0,3.99355
0.545,159.94,0.545,r&b,-7.362,0.417,0.549,Frank Ocean,3.0,0.107,87,Blonde,R&B Hits,Pink + White,2016-08-20,5.48e-05,1.0,9.0,184516.0,0.667,modern,High,2016.0,3.075266666666667
0.364,75.24,0.524,r&b,-10.209,0.1,0.436,"Daniel Caesar, H.E.R.",4.0,0.0367,84,Freudian,R&B Hits,Best Part (feat. H.E.R.),2017-08-25,0.0,1.0,7.0,209831.0,0.808,modern,High,2017.0,3.4971833333333335
0.507,86.412,0.662,r&b,-8.238,0.0465,0.676,"USHER, Alicia Keys",4.0,0.118,79,Confessions (Expanded Edition),R&B Hits,My Boo,2004-03-23,0.0,1.0,5.0,223440.0,0.257,modern,High,2004.0,3.724
0.607,81.001,0.684,r&b,-8.127,0.191,0.498,Miguel,4.0,0.1,85,All I Want Is You,R&B Hits,Sure Thing,2010-11-26,0.000307,0.0,11.0,195373.0,0.0267,modern,High,2010.0,3.2562166666666665
0.551,143.008,0.559,r&b,-7.231,0.11,0.392,SZA,4.0,0.132,86,SOS,R&B Hits,Snooze,2022-12-09,0.0,1.0,5.0,201800.0,0.141,modern,High,2022.0,3.3633333333333333
0.444,118.402,0.609,r&b,-9.129,0.104,0.166,Alicia Keys,3.0,0.106,81,The Diary Of Alicia Keys,R&B Hits,If I Ain't Got You,2003-12-02,6.86e-06,1.0,7.0,228707.0,0.603,modern,High,2003.0,3.8117833333333335
0.394,117.489,0.689,r&b,-10.102,0.0859,0.382,Brent Faiyaz,3.0,0.065,78,Poison,R&B Hits,Poison,2016-08-03,0.000905,0.0,2.0,212992.0,0.711,modern,High,2016.0,3.5498666666666665
0.551,92.887,0.911,r&b,-3.75,0.0863,0.969,Mary J. Blige,4.0,0.045,78,No More Drama,R&B Hits,Family Affair,2001-08-28,4.35e-05,0.0,8.0,265867.0,0.133,modern,High,2001.0,4.431116666666667
0.693,86.009,0.662,r&b,-4.298,0.145,0.655,Chris Brown,4.0,0.0698,74,Exclusive (Expanded Edition),R&B Hits,With You,2007-11-06,0.0,1.0,3.0,252120.0,0.134,modern,High,2007.0,4.202
0.684,112.912,0.692,r&b,-7.364,0.156,0.406,SZA,4.0,0.155,80,Ctrl,R&B Hits,Broken Clocks,2017-06-09,0.0,1.0,6.0,231253.0,0.131,modern,High,2017.0,3.854216666666667
0.239,113.451,0.372,r&b,-11.314,0.168,0.127,Miguel,4.0,0.0296,79,All I Want Is You,R&B Hits,Girl With The Tattoo Enter.lewd,2010-11-26,0.000175,0.0,6.0,102813.0,0.856,modern,High,2010.0,1.71355
0.307,92.995,0.81,r&b,-7.215,0.0779,0.697,Brent Faiyaz,4.0,0.12,80,Larger Than Life,R&B Hits,Best Time,2023-10-27,0.00298,1.0,9.0,82509.0,0.16,modern,High,2023.0,1.37515
0.352,102.679,0.45,r&b,-11.733,0.249,0.408,"H.E.R., Bryson Tiller",4.0,0.267,75,I Used To Know Her,R&B Hits,Could've Been (feat. Bryson Tiller),2019-08-30,3.8e-06,0.0,1.0,252747.0,0.649,modern,High,2019.0,4.21245
0.695,90.119,0.665,r&b,-5.763,0.106,0.707,Ashanti,4.0,0.0532,72,Ashanti,R&B Hits,Foolish,2002-01-01,0.0,1.0,0.0,227387.0,0.347,modern,High,2002.0,3.7897833333333333
0.609,95.986,0.652,r&b,-7.519,0.233,0.482,Alicia Keys,3.0,0.037,76,Songs In A Minor,R&B Hits,Fallin',2001-06-05,0.00101,0.0,11.0,210200.0,0.263,modern,High,2001.0,3.5033333333333334
0.284,99.796,0.358,r&b,-8.285,0.183,0.276,SZA,3.0,0.0285,84,SOS,R&B Hits,Nobody Gets Me,2022-12-09,0.0,1.0,7.0,180853.0,0.805,modern,High,2022.0,3.0142166666666665
0.344,65.203,0.583,r&b,-8.765,0.143,0.581,Brent Faiyaz,3.0,0.0559,78,Fuck The World,R&B Hits,Clouded,2020-02-07,0.0,1.0,2.0,110129.0,0.774,modern,High,2020.0,1.8354833333333334
0.574,92.795,0.452,r&b,-8.336,0.189,0.578,Ne-Yo,4.0,0.311,78,In My Own Words,R&B Hits,So Sick,2006-01-01,0.0,1.0,6.0,207187.0,0.245,modern,High,2006.0,3.453116666666667
0.707,93.145,0.704,r&b,-6.537,0.318,0.761,"Brandy, Monica",4.0,0.0391,73,Never Say Never,R&B Hits,The Boy Is Mine,1998-05-29,0.00106,0.0,1.0,294787.0,0.539,modern,High,1998.0,4.913116666666666
0.735,88.98,0.644,r&b,-5.747,0.161,0.418,SZA,4.0,0.0391,86,SOS,R&B Hits,Kill Bill,2022-12-08,0.144,1.0,8.0,153947.0,0.0521,modern,High,2022.0,2.5657833333333335
0.503,137.007,0.646,r&b,-7.472,0.652,0.789,Brent Faiyaz,4.0,0.0312,77,Larger Than Life,R&B Hits,Forever Yours,2023-10-27,0.000279,1.0,2.0,96369.0,0.00426,modern,High,2023.0,1.60615
0.552,90.098,0.641,r&b,-5.423,0.148,0.152,Alicia Keys,4.0,0.0283,76,No One (Remixes),R&B Hits,No One,2007-10-09,4.63e-06,0.0,1.0,254524.0,0.027,modern,High,2007.0,4.242066666666667
0.698,95.975,0.59,r&b,-4.262,0.107,0.352,USHER,4.0,0.0286,76,Raymond v Raymond (Expanded Edition),R&B Hits,Hey Daddy (Daddy's Home),2010-03-30,0.0,1.0,11.0,224093.0,0.000176,modern,High,2010.0,3.7348833333333333
0.61,125.99,0.741,r&b,-7.34,0.534,0.72,"Jhené Aiko, Swae Lee",4.0,0.0511,76,Trip,R&B Hits,Sativa,2017-09-22,0.0,0.0,6.0,276960.0,0.316,modern,High,2017.0,4.616
0.705,96.644,0.838,r&b,-6.131,0.336,0.837,"Ja Rule, Ashanti",4.0,0.29,72,Pain Is Love,R&B Hits,Always On Time,2001-10-02,0.0,0.0,5.0,245093.0,0.195,modern,High,2001.0,4.084883333333333
0.378,141.967,0.617,r&b,-8.54,0.11,0.22,Brent Faiyaz,4.0,0.0315,76,WASTELAND,R&B Hits,ALL MINE,2022-07-08,9.16e-05,1.0,9.0,216063.0,0.428,modern,High,2022.0,3.60105
0.43,129.93,0.716,r&b,-8.28,0.146,0.472,Summer Walker,4.0,0.112,74,Heart Of A Woman,R&B Hits,Heart Of A Woman,2024-10-25,0.0,0.0,9.0,171000.0,0.482,modern,High,2024.0,2.85
0.629,93.985,0.657,r&b,-4.938,0.254,0.726,USHER,4.0,0.0782,69,8701,R&B Hits,U Remind Me,2001-08-07,0.0,1.0,6.0,266893.0,0.194,modern,High,2001.0,4.448216666666666
0.493,82.887,0.347,r&b,-11.548,0.127,0.308,"Jhené Aiko, Kendrick Lamar",4.0,0.29,75,Sail Out,R&B Hits,Stay Ready (What A Life),2013-01-01,0.00366,0.0,8.0,382760.0,0.455,modern,High,2013.0,6.379333333333333
0.594,135.002,0.795,r&b,-6.2,0.162,0.409,"SZA, Travis Scott",4.0,0.0748,77,Ctrl,R&B Hits,Love Galore (feat. Travis Scott),2017-06-09,0.0,1.0,0.0,275080.0,0.112,modern,High,2017.0,4.584666666666666
0.5,132.798,0.602,r&b,-9.377,0.295,0.395,Brent Faiyaz,4.0,0.298,75,Fuck The World,R&B Hits,Been Away,2020-02-07,5.69e-05,1.0,8.0,223630.0,0.477,modern,High,2020.0,3.7271666666666667
0.618,133.876,0.707,r&b,-5.825,0.293,0.517,"Summer Walker, SZA",4.0,0.19,72,Still Over It,R&B Hits,No Love (with SZA),2021-11-05,0.0,0.0,1.0,231498.0,0.17,modern,High,2021.0,3.8583
0.477,119.928,0.796,r&b,-7.161,0.12,0.685,USHER,4.0,0.108,70,Confessions (Expanded Edition),R&B Hits,Burn,2004-03-23,0.0,1.0,1.0,231933.0,0.314,modern,High,2004.0,3.86555
0.681,171.864,0.673,r&b,-5.693,0.235,0.707,Ne-Yo,4.0,0.118,77,Year Of The Gentleman (Bonus Track Edition),R&B Hits,Miss Independent,2008-01-01,0.0,1.0,1.0,232000.0,0.52,modern,High,2008.0,3.8666666666666667
0.588,94.519,0.686,r&b,-8.343,0.0954,0.617,Mario,4.0,0.0554,75,Turning Point,R&B Hits,Let Me Love You,2004-03-15,0.0,0.0,7.0,249120.0,0.178,modern,High,2004.0,4.152
0.5,135.03,0.856,r&b,-9.393,0.104,0.886,"Brent Faiyaz, FELIX!, Tommy Richman",4.0,0.18,75,Larger Than Life,R&B Hits,Upset (feat. Tommy Richman & FELIX!),2023-10-27,0.0,1.0,11.0,177900.0,0.487,modern,High,2023.0,2.965
0.725,146.163,0.61,r&b,-5.131,0.154,0.291,"Kehlani, Ty Dolla $ign",4.0,0.15,73,While We Wait,R&B Hits,Nights Like This (feat. Ty Dolla $ign),2019-02-22,0.0,1.0,8.0,201788.0,0.367,modern,High,2019.0,3.3631333333333333
0.5,124.037,0.816,r&b,-4.551,0.0733,0.649,USHER,4.0,0.03,69,8701,R&B Hits,U Got It Bad,2001-08-07,1.53e-06,1.0,1.0,247840.0,0.0227,modern,High,2001.0,4.1306666666666665
0.876,130.21,0.412,r&b,-6.008,0.297,0.706,"Lloyd, Lil Wayne",5.0,0.472,73,Street Love,R&B Hits,You,2007-01-01,0.0,0.0,5.0,273133.0,0.102,modern,High,2007.0,4.552216666666666
0.538,109.97,0.81,r&b,-5.783,0.0951,0.832,Ne-Yo,4.0,0.0357,74,Because Of You,R&B Hits,Because Of You,2007-01-01,0.0,0.0,0.0,266840.0,0.53,modern,High,2007.0,4.447333333333333
0.394,92.009,0.764,r&b,-8.559,0.117,0.465,Brent Faiyaz,4.0,0.152,75,Lost,R&B Hits,Trust,2018-10-19,9.37e-05,1.0,8.0,158421.0,0.231,modern,High,2018.0,2.64035
0.552,168.19,0.727,r&b,-8.074,0.198,0.607,"Nelly, Kelly Rowland",4.0,0.14,77,Nellyville,R&B Hits,Dilemma,2002-06-25,0.00016,0.0,2.0,289160.0,0.226,modern,High,2002.0,4.819333333333334
0.712,140.012,0.573,r&b,-5.976,0.167,0.346,"USHER, Jeezy",4.0,0.0732,74,Here I Stand,R&B Hits,Love in This Club (feat. Young Jeezy),2008-05-27,0.0,1.0,0.0,259720.0,0.0572,modern,High,2008.0,4.328666666666667
0.366,73.313,0.4,r&b,-9.405,0.126,0.161,SZA,3.0,0.0597,73,Ctrl,R&B Hits,The Weekend,2017-06-09,0.0,0.0,8.0,272187.0,0.242,modern,High,2017.0,4.53645
0.242,144.211,0.549,r&b,-11.692,0.127,0.286,Brent Faiyaz,4.0,0.038,71,Fuck The World,R&B Hits,Rehab (Winter In Paris),2020-02-07,8.1e-05,1.0,5.0,180304.0,0.809,modern,High,2020.0,3.0050666666666666
0.721,169.904,0.62,r&b,-5.538,0.563,0.77,"Paperboy Fabe, Brent Faiyaz",4.0,0.0887,77,Language,R&B Hits,Language,2017-05-12,0.0075,0.0,4.0,150361.0,0.0422,modern,High,2017.0,2.5060166666666666
0.467,138.007,0.845,r&b,-7.674,0.0694,0.702,USHER,4.0,0.138,68,Confessions (Expanded Edition),R&B Hits,Confessions Part II,2004-03-23,0.0,1.0,1.0,211200.0,0.0586,modern,High,2004.0,3.52
0.635,103.019,0.617,electronic,-6.769,0.164,0.446,"The Chainsmokers, Coldplay",4.0,0.0317,86,Memories...Do Not Open,EDM Hits,Something Just Like This,2017-04-07,1.44e-05,0.0,11.0,247160.0,0.0498,modern,High,2017.0,4.1193333333333335
0.939,129.024,0.671,electronic,-3.206,0.298,0.53,"Pitbull, AFROJACK, Ne-Yo, Nayer",4.0,0.161,84,Planet Pit (Deluxe Version),EDM Hits,Give Me Everything (feat. Nayer),2011-06-17,0.0,1.0,8.0,252307.0,0.191,modern,High,2011.0,4.205116666666667
0.715,199.892,0.475,electronic,-5.371,0.135,0.159,"DJ Snake, Justin Bieber",4.0,0.058,83,Encore,EDM Hits,Let Me Love You,2016-08-05,2.67e-05,1.0,8.0,205947.0,0.0863,modern,High,2016.0,3.43245
0.823,128.035,0.646,electronic,-4.123,0.322,0.418,"Calvin Harris, Ellie Goulding",4.0,0.0394,82,Motion,EDM Hits,Outside (feat. Ellie Goulding),2014-10-31,0.0,0.0,2.0,227267.0,0.213,modern,High,2014.0,3.7877833333333335
0.835,125.983,0.527,electronic,-5.298,0.249,0.654,Avicii,4.0,0.0433,82,The Days / Nights,EDM Hits,The Nights,2014-01-01,0.0,1.0,6.0,176658.0,0.0166,modern,High,2014.0,2.9443
0.751,117.948,0.88,electronic,-4.258,0.106,0.884,Regard,4.0,0.0874,80,Ride It,EDM Hits,Ride It,2019-07-26,6.43e-05,0.0,7.0,157606.0,0.177,modern,High,2019.0,2.6267666666666667
0.685,118.02,0.782,electronic,-6.237,0.16,0.603,"OMI, Felix Jaehn",4.0,0.0309,80,Me 4 U,EDM Hits,Cheerleader (Felix Jaehn Remix) - Radio Edit,2015-10-16,1.18e-05,1.0,4.0,180566.0,0.166,modern,High,2015.0,3.0094333333333334
0.524,95.01,0.748,electronic,-5.599,0.111,0.661,"The Chainsmokers, Halsey",4.0,0.0338,84,Closer,EDM Hits,Closer,2016-07-29,0.0,1.0,8.0,244960.0,0.414,modern,High,2016.0,4.082666666666666
0.627,179.642,0.468,electronic,-5.085,0.11,0.159,Alan Walker,4.0,0.0476,80,Different World,EDM Hits,Faded,2018-12-14,7.97e-06,1.0,6.0,212107.0,0.0281,modern,High,2018.0,3.5351166666666667
0.856,127.949,0.596,electronic,-3.556,0.141,0.743,Calvin Harris,4.0,0.0346,81,Motion,EDM Hits,Summer,2014-10-31,0.0178,0.0,4.0,222533.0,0.0211,modern,High,2014.0,3.7088833333333335
0.77,125.905,0.694,electronic,-5.335,0.118,0.163,"Dynoro, Gigi D'Agostino",4.0,0.149,80,In My Mind,EDM Hits,In My Mind,2018-06-08,1.1e-05,1.0,6.0,184560.0,0.176,modern,High,2018.0,3.076
0.787,126.062,0.604,electronic,-3.674,0.127,0.301,"David Guetta, Sia",4.0,0.103,80,Nothing but the Beat (Ultimate Edition),EDM Hits,Titanium (feat. Sia),2012-12-07,0.15,0.0,0.0,245040.0,0.0679,modern,High,2012.0,4.084
0.714,101.969,0.664,electronic,-6.645,0.0843,0.71,"Mike Posner, Seeb",4.0,0.111,79,"At Night, Alone.",EDM Hits,I Took A Pill In Ibiza - Seeb Remix,2016-05-06,8.42e-06,0.0,7.0,197933.0,0.0353,modern,High,2016.0,3.2988833333333334
0.815,123.063,0.636,electronic,-5.098,0.163,0.636,"Robin Schulz, Francesco Yates",4.0,0.0581,78,Sugar,EDM Hits,Sugar (feat. Francesco Yates),2015-09-25,0.0,0.0,5.0,219043.0,0.0185,modern,High,2015.0,3.650716666666667
0.736,127.999,0.579,electronic,-3.863,0.198,0.613,Avicii,4.0,0.0527,78,Stories,EDM Hits,Waiting For Love,2015-10-02,0.0,0.0,6.0,230613.0,0.31,modern,High,2015.0,3.84355
0.777,130.003,0.73,electronic,-5.194,0.0691,0.575,"Jennifer Lopez, Pitbull",4.0,0.0496,78,Love?,EDM Hits,On The Floor,2011-04-29,0.000486,0.0,3.0,284867.0,0.105,modern,High,2011.0,4.7477833333333335
0.869,159.805,0.533,electronic,-5.093,0.136,0.425,"The Chainsmokers, Daya",4.0,0.173,80,Don't Let Me Down,EDM Hits,Don't Let Me Down,2016-02-05,0.00538,1.0,11.0,208373.0,0.156,modern,High,2016.0,3.4728833333333333
0.857,128.024,0.414,electronic,-4.078,0.343,0.348,"Calvin Harris, John Newman",4.0,0.0808,79,Motion,EDM Hits,Blame (feat. John Newman),2014-10-31,0.00574,0.0,0.0,212960.0,0.0287,modern,High,2014.0,3.5493333333333332
0.86,127.075,0.608,electronic,-5.324,0.262,0.437,"Flo Rida, Sia",4.0,0.0554,77,Wild Ones,EDM Hits,Wild Ones (feat. Sia),2012-06-22,0.0,0.0,5.0,232947.0,0.0991,modern,High,2012.0,3.88245
0.811,116.047,0.794,electronic,-8.966,0.101,0.862,"Daft Punk, Pharrell Williams, Nile Rodgers",4.0,0.038,77,Get Lucky (Radio Edit) [feat. Pharrell Williams and Nile Rodgers],EDM Hits,Get Lucky (Radio Edit) [feat. Pharrell Williams and Nile Rodgers],2013-04-19,1.07e-06,0.0,6.0,248413.0,0.0426,modern,High,2013.0,4.140216666666666
0.741,123.077,0.646,electronic,-4.973,0.312,0.571,Axwell /\ Ingrosso,4.0,0.034,77,More Than You Know,EDM Hits,More Than You Know,2017-07-28,0.0,0.0,5.0,203000.0,0.0275,modern,High,2017.0,3.3833333333333333
0.519,133.99,0.501,electronic,-5.88,0.454,0.168,"Martin Garrix, Bebe Rexha",4.0,0.0409,77,In the Name of Love,EDM Hits,In the Name of Love,2016-07-29,0.0,0.0,4.0,195707.0,0.109,modern,High,2016.0,3.2617833333333333
0.717,121.985,0.793,electronic,-4.759,0.226,0.466,"Kungs, Cookin' On 3 Burners",4.0,0.0393,76,Layers,EDM Hits,This Girl (Kungs Vs. Cookin' On 3 Burners),2016-11-04,3.6e-05,0.0,0.0,195547.0,0.0927,modern,High,2016.0,3.259116666666667
0.685,130.039,0.772,electronic,-6.849,0.131,0.501,"will.i.am, Britney Spears",4.0,0.0696,76,#willpower,EDM Hits,Scream & Shout,2013-01-01,8.96e-05,1.0,5.0,283400.0,0.019,modern,High,2013.0,4.723333333333334
0.927,123.962,0.631,electronic,-2.787,0.148,0.465,"Calvin Harris, Rihanna",4.0,0.0332,77,This Is What You Came For,EDM Hits,This Is What You Came For,2016-04-29,0.119,0.0,9.0,222160.0,0.199,modern,High,2016.0,3.7026666666666666
0.593,119.958,0.79,electronic,-9.204,0.065,0.72,Stromae,4.0,0.0776,75,Cheese,EDM Hits,Alors on danse - Radio Edit,2010-01-01,0.00202,0.0,1.0,206067.0,0.0983,modern,High,2010.0,3.43445
0.766,127.975,0.735,electronic,-4.485,0.108,0.6,"Rihanna, Calvin Harris",4.0,0.0383,75,Talk That Talk,EDM Hits,We Found Love,2011-11-19,0.00141,1.0,1.0,215227.0,0.025,modern,High,2011.0,3.5871166666666667
0.51,119.994,0.829,electronic,-9.334,0.0829,0.45,"Mr. Probz, Robin Schulz",4.0,0.0369,75,Waves (Robin Schulz Radio Edit),EDM Hits,Waves - Robin Schulz Radio Edit,2014-02-07,0.00143,0.0,5.0,208133.0,0.00821,modern,High,2014.0,3.4688833333333333
0.869,127.966,0.616,electronic,-3.911,0.064,0.473,"Flo Rida, David Guetta",4.0,0.0327,76,Only One Flo (Part 1),EDM Hits,Club Can't Handle Me (feat. David Guetta),2010-11-24,0.0,1.0,0.0,234560.0,0.0283,modern,High,2010.0,3.9093333333333335
0.915,126.094,0.544,electronic,-3.405,0.115,0.51,"Calvin Harris, Alesso, Hurts",4.0,0.0841,76,Motion,EDM Hits,Under Control (feat. Hurts),2014-10-31,0.000914,1.0,8.0,184280.0,0.129,modern,High,2014.0,3.0713333333333335
0.741,119.896,0.72,electronic,-6.529,0.289,0.357,"Aaron Smith, Krono, Luvli",4.0,0.0287,75,Dancin (feat. Luvli) [Krono Remix],EDM Hits,Dancin (feat. Luvli) - Krono Remix,2014-11-07,1.41e-05,0.0,10.0,198053.0,0.101,modern,High,2014.0,3.300883333333333
0.697,122.746,0.613,electronic,-8.618,0.332,0.476,Daft Punk,4.0,0.133,74,Discovery,EDM Hits,One More Time,2001-03-12,0.0,1.0,2.0,320357.0,0.0194,modern,High,2001.0,5.339283333333333
0.634,113.927,0.704,electronic,-7.374,0.0952,0.411,"Kygo, Conrad Sewell",4.0,0.0428,74,Cloud Nine,EDM Hits,Firestone,2016-05-13,3.17e-05,0.0,11.0,271640.0,0.393,modern,High,2016.0,4.527333333333333
0.861,117.965,0.73,electronic,-4.1,0.213,0.704,"Jonas Blue, JP Cooper",4.0,0.0451,74,Blue,EDM Hits,Perfect Strangers,2018-11-09,0.0,1.0,1.0,196613.0,0.39,modern,High,2018.0,3.276883333333333
0.989,126.002,0.621,electronic,-4.225,0.184,0.0348,"Shouse, David Guetta",4.0,0.0434,74,Love Tonight (David Guetta Remix),EDM Hits,Love Tonight (David Guetta Remix Edit),2021-06-11,0.357,0.0,10.0,158095.0,0.015,modern,High,2021.0,2.634916666666667
0.805,126.008,0.506,electronic,-4.119,0.0856,0.383,Galantis,4.0,0.0469,74,Pharmacy,EDM Hits,Runaway (U & I),2015-06-05,0.00193,1.0,1.0,227074.0,0.00711,modern,High,2015.0,3.7845666666666666
0.695,104.879,0.583,electronic,-5.336,0.0527,0.224,"DJ Snake, Bipolar Sunshine",4.0,0.0423,73,Encore,EDM Hits,Middle,2016-08-05,0.0,1.0,9.0,220573.0,0.0138,modern,High,2016.0,3.6762166666666665
0.862,128.036,0.498,electronic,-6.02,0.352,0.469,"Guru Josh Project, Klaas",4.0,0.0588,73,Infinity 2008,EDM Hits,Infinity 2008 - Klaas Vocal Edit,2008-05-07,0.00918,0.0,7.0,192294.0,0.000313,modern,High,2008.0,3.2049
0.857,119.975,0.56,electronic,-4.145,0.381,0.432,Olly Alexander (Years & Years),4.0,0.0384,73,Communion (Deluxe),EDM Hits,King,2015-07-10,0.0,0.0,4.0,215360.0,0.0594,modern,High,2015.0,3.5893333333333333
0.781,128.0,0.509,electronic,-3.48,0.0749,0.176,"Zedd, Foxes",4.0,0.072,73,Clarity,EDM Hits,Clarity,2012-01-01,0.0,1.0,8.0,271427.0,0.0398,modern,High,2012.0,4.523783333333333
0.73,85.979,0.596,electronic,-4.091,0.325,0.525,"David Guetta, AFROJACK, Bebe Rexha, Nicki Minaj",4.0,0.151,73,Listen,EDM Hits,"Hey Mama (feat. Nicki Minaj, Bebe Rexha & Afrojack)",2014-11-10,0.0,1.0,9.0,192560.0,0.24,modern,High,2014.0,3.2093333333333334
0.568,117.973,0.78,electronic,-6.96,0.0698,0.459,"Felix Jaehn, Jasmine Thompson",4.0,0.031,73,I,EDM Hits,Ain't Nobody (Loves Me Better) (feat. Jasmine Thompson),2018-02-16,0.000168,0.0,2.0,186147.0,0.668,modern,High,2018.0,3.10245
0.463,121.999,0.778,electronic,-7.603,0.0731,0.496,"Alok, Zeeba, Bruno Martini",4.0,0.0389,73,Hear Me Now (feat. Zeeba),EDM Hits,Hear Me Now,2016-10-21,0.00289,1.0,11.0,194840.0,0.546,modern,High,2016.0,3.247333333333333
0.774,112.05,0.674,electronic,-7.567,0.393,0.33,"Surf Mesa, Emilee",4.0,0.0892,73,ily (i love you baby) (feat. Emilee),EDM Hits,ily (i love you baby) (feat. Emilee),2019-11-26,0.00188,0.0,11.0,176547.0,0.0686,modern,High,2019.0,2.94245
0.81,126.052,0.572,electronic,-5.791,0.13,0.11,"Lana Del Rey, Cedric Gervais",4.0,0.0558,72,Summertime Sadness (Lana Del Rey Vs. Cedric Gervais) [Cedric Gervais Remix],EDM Hits,Summertime Sadness (Lana Del Rey Vs. Cedric Gervais) - Cedric Gervais Remix,2013-02-01,6.53e-06,0.0,1.0,214912.0,0.0157,modern,High,2013.0,3.5818666666666665
0.781,119.977,0.751,electronic,-3.724,0.036,0.814,Taio Cruz,4.0,0.0862,72,The Rokstarr Hits Collection,EDM Hits,Dynamite,2010-01-01,0.0,1.0,4.0,202613.0,0.0039,modern,High,2010.0,3.3768833333333332
0.586,120.97,0.799,electronic,-6.735,0.193,0.549,"Clean Bandit, Jess Glynne",4.0,0.0377,72,New Eyes,EDM Hits,Rather Be (feat. Jess Glynne),2014-06-02,2.03e-06,1.0,11.0,227833.0,0.162,modern,High,2014.0,3.7972166666666665
0.72,122.031,0.789,electronic,-5.652,0.129,0.664,"Topic, A7S",4.0,0.218,72,Breaking Me,EDM Hits,Breaking Me,2019-12-19,0.0,0.0,8.0,166794.0,0.223,modern,High,2019.0,2.7799
0.62,120.031,0.798,electronic,-7.079,0.112,0.235,Tiësto,4.0,0.232,72,The Business,EDM Hits,The Business,2020-09-16,0.0192,0.0,8.0,164000.0,0.414,modern,High,2020.0,2.7333333333333334
0.622,102.04,0.69,electronic,-5.025,0.116,0.544,"Zedd, Alessia Cara",4.0,0.0622,73,Stay,EDM Hits,Stay,2017-02-23,0.0,0.0,5.0,210091.0,0.253,modern,High,2017.0,3.501516666666667
0.736,130.011,0.75,electronic,-4.168,0.265,0.355,"LMFAO, Lauren Bennett, GoonRock",4.0,0.155,72,Sorry For Party Rocking,EDM Hits,Party Rock Anthem,2011-01-01,0.0,0.0,5.0,262147.0,0.0202,modern,High,2011.0,4.369116666666667
0.802,100.001,0.713,electronic,-7.055,0.309,0.343,"The Chainsmokers, ROZES",4.0,0.0561,71,Roses,EDM Hits,Roses,2015-06-16,0.00377,1.0,4.0,226739.0,0.0435,modern,High,2015.0,3.778983333333333
0.906,125.916,0.711,electronic,-2.671,0.153,0.824,"Icona Pop, Charli xcx",4.0,0.0284,71,THIS IS... ICONA POP,EDM Hits,I Love It (feat. Charli XCX),2013-08-27,1.64e-05,1.0,8.0,157153.0,0.00952,modern,High,2013.0,2.6192166666666665
0.921,130.072,0.691,electronic,-1.702,0.331,0.8,"David Guetta, Ne-Yo, Akon",4.0,0.0533,71,Nothing but the Beat (Ultimate Edition),EDM Hits,Play Hard (feat. Ne-Yo & Akon),2012-12-07,0.0,0.0,8.0,201000.0,0.173,modern,High,2012.0,3.35
0.795,121.294,0.956,electronic,-5.311,0.0906,0.841,Daft Punk,4.0,0.15,71,Homework,EDM Hits,Around the World,1997-01-17,0.889,1.0,7.0,429533.0,0.00356,modern,High,1997.0,7.158883333333334
0.833,129.885,0.551,electronic,-5.217,0.0632,0.145,"Armin van Buuren, Trevor Guthrie",5.0,0.03,70,Intense,EDM Hits,This Is What It Feels Like,2013-05-03,2.77e-06,1.0,8.0,204360.0,0.0391,modern,High,2013.0,3.406
0.817,128.078,0.883,electronic,-5.414,0.11,0.595,"AronChupa, Little Sis Nora",4.0,0.235,70,I'm an Albatraoz,EDM Hits,I'm an Albatraoz,2014-08-08,0.00449,1.0,0.0,166849.0,0.601,modern,High,2014.0,2.7808166666666665
0.748,125.896,0.503,electronic,-4.124,0.343,0.356,"Alesso, Tove Lo",4.0,0.0619,70,Forever,EDM Hits,Heroes (we could be),2015-05-22,0.0,1.0,5.0,210013.0,0.0305,modern,High,2015.0,3.5002166666666668
0.392,75.066,0.599,electronic,-6.869,0.131,0.26,"Disclosure, Eliza Doolittle, Flume",4.0,0.0257,70,Settle (Special Edition),EDM Hits,You & Me - Flume Remix,2013-06-03,0.000107,0.0,10.0,282813.0,0.378,modern,High,2013.0,4.71355
0.604,159.92,0.561,soul,-4.409,0.104,0.242,Teddy Swims,3.0,0.0337,81,Lose Control,Soul Coffee,Lose Control,2023-06-23,1.9e-05,1.0,9.0,210689.0,0.199,classic,High,2023.0,3.5114833333333335
0.473,152.88,0.591,soul,-8.122,0.108,0.451,Daniel Caesar,4.0,0.0708,70,NEVER ENOUGH,Soul Coffee,Let Me Go,2023-04-07,0.00334,0.0,7.0,216524.0,0.694,classic,High,2023.0,3.6087333333333333
0.592,157.969,0.521,gaming,-7.777,0.122,0.535,"Lady Gaga, Bruno Mars",3.0,0.0304,100,Die With A Smile,Top Gaming Tracks,Die With A Smile,2024-08-16,0.0,0.0,6.0,251668.0,0.308,modern,High,2024.0,4.194466666666667
0.507,104.978,0.747,gaming,-10.171,0.117,0.438,Billie Eilish,4.0,0.0358,97,HIT ME HARD AND SOFT,Top Gaming Tracks,BIRDS OF A FEATHER,2024-05-17,0.0608,1.0,2.0,210373.0,0.2,modern,High,2024.0,3.5062166666666665
0.582,116.712,0.7,gaming,-5.96,0.0881,0.785,Chappell Roan,4.0,0.0356,94,"Good Luck, Babe!",Top Gaming Tracks,"Good Luck, Babe!",2024-04-05,0.0,0.0,11.0,218424.0,0.0502,modern,High,2024.0,3.6404
0.76,103.969,0.701,gaming,-5.478,0.185,0.69,Sabrina Carpenter,4.0,0.0285,90,Espresso,Top Gaming Tracks,Espresso,2024-04-12,6.54e-05,1.0,0.0,175459.0,0.107,modern,High,2024.0,2.9243166666666665
0.604,159.92,0.561,gaming,-4.409,0.104,0.242,Teddy Swims,3.0,0.0337,89,I've Tried Everything But Therapy (Part 1),Top Gaming Tracks,Lose Control,2023-09-15,1.9e-05,1.0,9.0,210689.0,0.199,modern,High,2023.0,3.5114833333333335
0.882,148.038,0.569,gaming,-2.777,0.142,0.201,"Travis Scott, Playboi Carti",4.0,0.06,88,UTOPIA,Top Gaming Tracks,FE!N (feat. Playboi Carti),2023-07-28,0.0,0.0,3.0,191701.0,0.0316,modern,High,2023.0,3.1950166666666666
0.601,123.994,0.635,gaming,-6.129,0.11,0.332,Myles Smith,4.0,0.0295,88,Stargazing,Top Gaming Tracks,Stargazing,2024-05-10,0.0,0.0,1.0,172533.0,0.246,modern,High,2024.0,2.87555
0.757,139.982,0.742,gaming,-4.981,0.305,0.957,Chappell Roan,4.0,0.0421,88,The Rise and Fall of a Midwest Princess,Top Gaming Tracks,HOT TO GO!,2023-09-22,0.0,1.0,6.0,184841.0,0.0187,modern,High,2023.0,3.0806833333333334
0.472,101.061,0.898,gaming,-7.001,0.141,0.214,Kendrick Lamar,4.0,0.0776,88,Not Like Us,Top Gaming Tracks,Not Like Us,2024-05-04,0.0,1.0,1.0,274192.0,0.0107,modern,High,2024.0,4.569866666666667
0.583,181.489,0.432,gaming,-4.682,0.0933,0.544,Benson Boone,4.0,0.0687,87,Fireworks & Rollerblades,Top Gaming Tracks,Slow It Down,2024-04-05,0.0,1.0,8.0,161831.0,0.174,modern,High,2024.0,2.6971833333333333
0.709,81.012,0.722,gaming,-4.95,0.0804,0.604,Shaboozey,4.0,0.0273,86,A Bar Song (Tipsy),Top Gaming Tracks,A Bar Song (Tipsy),2024-04-12,0.0,1.0,9.0,171292.0,0.0633,modern,High,2024.0,2.8548666666666667
0.782,119.992,0.727,gaming,-8.529,0.225,0.655,"Adam Port, Stryv, Keinemusik, Orso, Malachiii",4.0,0.042,86,Move,Top Gaming Tracks,Move,2024-06-07,0.336,0.0,8.0,177599.0,0.0563,modern,High,2024.0,2.959983333333333
0.745,180.098,0.464,gaming,-3.202,0.363,0.262,"Hanumankind, Kalmi",4.0,0.161,85,Big Dawgs,Top Gaming Tracks,Big Dawgs,2024-07-09,0.0,0.0,4.0,190667.0,0.0235,modern,High,2024.0,3.177783333333333
0.586,107.071,0.669,gaming,-6.073,0.104,0.579,Sabrina Carpenter,4.0,0.054,88,Please Please Please,Top Gaming Tracks,Please Please Please,2024-06-06,0.0,1.0,9.0,186365.0,0.274,modern,High,2024.0,3.1060833333333333
0.965,128.04,0.561,gaming,-3.673,0.371,0.304,"David Guetta, Bebe Rexha",4.0,0.0343,85,I'm Good (Blue),Top Gaming Tracks,I'm Good (Blue),2022-08-26,7.07e-06,0.0,7.0,175238.0,0.00383,modern,High,2022.0,2.9206333333333334
0.544,132.052,0.571,gaming,-10.613,0.322,0.216,d4vd,4.0,0.0299,85,Romantic Homicide,Top Gaming Tracks,Romantic Homicide,2022-07-20,0.00805,1.0,6.0,132631.0,0.453,modern,High,2022.0,2.2105166666666665
0.854,140.515,0.477,gaming,-4.715,0.065,0.314,"LISA, ROSALÍA",5.0,0.275,85,New Woman (feat. ROSALÍA),Top Gaming Tracks,New Woman (feat. ROSALÍA),2024-08-15,0.0,1.0,7.0,179790.0,0.0858,modern,High,2024.0,2.9965
0.471,105.029,0.472,gaming,-5.692,0.14,0.219,Benson Boone,3.0,0.0603,85,Beautiful Things,Top Gaming Tracks,Beautiful Things,2024-01-18,0.0,1.0,10.0,180304.0,0.151,modern,High,2024.0,3.0050666666666666
0.667,130.019,0.776,gaming,-6.622,0.0761,0.618,"Charli xcx, Billie Eilish",4.0,0.0983,85,Guess featuring Billie Eilish,Top Gaming Tracks,Guess featuring billie eilish,2024-08-01,0.3,1.0,7.0,145219.0,0.0146,modern,High,2024.0,2.4203166666666664
0.946,151.647,0.599,gaming,-4.263,0.0826,0.747,Artemas,4.0,0.0447,84,i like the way you kiss me,Top Gaming Tracks,i like the way you kiss me,2024-03-19,0.0106,1.0,11.0,142515.0,0.000938,modern,High,2024.0,2.37525
0.855,127.986,0.638,gaming,-4.86,0.245,0.731,"Post Malone, Morgan Wallen",4.0,0.0264,84,I Had Some Help,Top Gaming Tracks,I Had Some Help (Feat. Morgan Wallen),2024-05-10,0.0,1.0,7.0,178206.0,0.00757,modern,High,2024.0,2.9701
0.642,179.974,0.745,gaming,-6.257,0.0658,0.226,Lil Tecca,4.0,0.287,84,We Love You Tecca,Top Gaming Tracks,Ransom,2019-08-30,0.0,0.0,7.0,131240.0,0.0204,modern,High,2019.0,2.187333333333333
0.829,139.198,0.476,gaming,-3.806,0.167,0.505,Odetari,4.0,0.0658,84,KEEP UP // FROSTBITE,Top Gaming Tracks,KEEP UP,2024-07-17,0.00916,0.0,10.0,133227.0,0.0172,modern,High,2024.0,2.22045
0.552,144.941,0.64,gaming,-5.679,0.119,0.112,"Future, Metro Boomin, Travis Scott, Playboi Carti",4.0,0.129,84,WE DON'T TRUST YOU,Top Gaming Tracks,Type Shit,2024-03-22,0.0,1.0,2.0,228267.0,0.0215,modern,High,2024.0,3.80445
0.453,139.943,0.915,gaming,-4.589,0.104,0.287,Gunna,4.0,0.27,84,One of Wun,Top Gaming Tracks,one of wun,2024-05-10,0.000163,0.0,10.0,144000.0,0.0872,modern,High,2024.0,2.4
0.787,119.996,0.704,gaming,-6.751,0.159,0.31,"HUGEL, Topic, Arash, Daecolm",4.0,0.0462,83,I Adore You (feat. Daecolm),Top Gaming Tracks,I Adore You (feat. Daecolm),2024-07-19,0.00538,0.0,11.0,214000.0,0.00926,modern,High,2024.0,3.566666666666667
0.618,126.031,0.853,gaming,-10.833,0.0972,0.32,"Lost Frequencies, Tom Odell",4.0,0.0923,83,Black Friday (pretty like the sun),Top Gaming Tracks,Black Friday (pretty like the sun),2024-07-19,0.89,1.0,6.0,145599.0,0.633,modern,High,2024.0,2.42665
0.751,129.994,0.701,gaming,-8.39,0.15,0.22,Taylor Swift,4.0,0.0502,83,THE TORTURED POETS DEPARTMENT,Top Gaming Tracks,I Can Do It With a Broken Heart,2024-04-18,0.0,1.0,0.0,218005.0,0.123,modern,High,2024.0,3.6334166666666667
0.957,126.035,0.804,gaming,-5.452,0.114,0.962,Charli xcx,4.0,0.034,83,BRAT,Top Gaming Tracks,Apple,2024-06-07,0.0174,1.0,0.0,151740.0,0.125,modern,High,2024.0,2.529
0.457,146.04,0.592,gaming,-6.081,0.146,0.225,XXXTENTACION,4.0,0.0603,82,?,Top Gaming Tracks,Hope,2018-03-16,0.000331,0.0,9.0,110886.0,0.661,modern,High,2018.0,1.8481
0.792,100.011,0.687,gaming,-2.749,0.167,0.671,"Marshmello, Bastille",4.0,0.0452,82,Happier,Top Gaming Tracks,Happier,2018-08-17,0.0,1.0,5.0,214290.0,0.191,modern,High,2018.0,3.5715
0.676,162.012,0.814,gaming,-4.67,0.119,0.312,"Future, Metro Boomin, Kendrick Lamar",4.0,0.231,83,WE DON'T TRUST YOU,Top Gaming Tracks,Like That,2024-03-22,1.28e-05,0.0,11.0,267707.0,0.00709,modern,High,2024.0,4.461783333333333
0.522,89.96,0.755,gaming,-4.368,0.0685,0.925,"Post Malone, Swae Lee",4.0,0.0575,82,Hollywood's Bleeding,Top Gaming Tracks,Sunflower - Spider-Man: Into the Spider-Verse,2019-09-06,0.0,1.0,2.0,157560.0,0.533,modern,High,2019.0,2.626
0.622,130.001,0.847,gaming,-6.747,0.285,0.22,Gunna,4.0,0.0903,82,a Gift & a Curse,Top Gaming Tracks,fukumean,2023-06-16,0.0,0.0,1.0,125040.0,0.119,modern,High,2023.0,2.084
0.668,90.969,0.646,gaming,-5.203,0.212,0.64,Mark Ambor,4.0,0.0282,82,Belong Together,Top Gaming Tracks,Belong Together,2024-02-16,0.0,1.0,2.0,148318.0,0.491,modern,High,2024.0,2.471966666666667
0.733,172.09,0.625,gaming,-8.757,0.375,0.244,21 Savage,4.0,0.0488,81,american dream,Top Gaming Tracks,redrum,2024-01-12,0.000983,1.0,2.0,270698.0,0.00598,modern,High,2024.0,4.511633333333333
0.642,83.389,0.463,gaming,-4.474,0.0686,0.339,"Future, Drake, Tems",4.0,0.34,82,I NEVER LIKED YOU,Top Gaming Tracks,WAIT FOR U (feat. Drake & Tems),2022-04-29,0.0,1.0,1.0,189893.0,0.314,modern,High,2022.0,3.1648833333333335
0.761,129.963,0.634,gaming,-4.752,0.549,0.785,"Marshmello, Kane Brown",4.0,0.0472,81,Miles On It,Top Gaming Tracks,Miles On It,2024-05-03,0.0,1.0,5.0,168454.0,0.00537,modern,High,2024.0,2.8075666666666668
0.537,128.009,0.921,gaming,-5.723,0.102,0.711,XXXTENTACION,4.0,0.0804,81,?,Top Gaming Tracks,Moonlight,2018-03-16,0.00404,0.0,9.0,135090.0,0.556,modern,High,2018.0,2.2515
0.745,165.995,0.808,gaming,-5.26,0.292,0.829,"Eminem, Juice WRLD",4.0,0.342,81,Music To Be Murdered By,Top Gaming Tracks,Godzilla (feat. Juice WRLD),2020-01-17,0.0,0.0,10.0,210800.0,0.145,modern,High,2020.0,3.513333333333333
0.741,120.064,0.771,gaming,-7.132,0.111,0.19,"Zerb, The Chainsmokers, Ink",4.0,0.0374,81,Addicted,Top Gaming Tracks,Addicted,2024-03-29,0.000163,0.0,5.0,152250.0,0.0245,modern,High,2024.0,2.5375
0.727,130.035,0.887,gaming,-4.318,0.213,0.932,Gunna,4.0,0.135,82,One of Wun,Top Gaming Tracks,on one tonight,2024-05-10,1.16e-06,0.0,4.0,90760.0,0.381,modern,High,2024.0,1.5126666666666666
0.95,150.019,0.673,gaming,-5.149,0.398,0.563,"Dimitri Vegas & Like Mike, Tiësto, Dido, W&W, Dimitri Vegas, Like Mike",4.0,0.0488,81,Thank You (Not So Bad),Top Gaming Tracks,Thank You (Not So Bad),2023-12-01,0.0823,1.0,11.0,140000.0,0.0229,modern,High,2023.0,2.3333333333333335
0.62,120.042,0.857,gaming,-8.13,0.0934,0.796,Charli xcx,4.0,0.0472,81,BRAT,Top Gaming Tracks,360,2024-06-07,0.244,1.0,0.0,133805.0,0.646,modern,High,2024.0,2.2300833333333334
0.887,127.003,0.936,gaming,-2.76,0.0582,0.889,Eminem,4.0,0.0683,81,Houdini,Top Gaming Tracks,Houdini,2024-05-31,1.88e-06,0.0,9.0,227239.0,0.0292,modern,High,2024.0,3.787316666666667
0.646,115.842,0.645,gaming,-8.334,0.074,0.295,Ariana Grande,4.0,0.0427,81,eternal sunshine,Top Gaming Tracks,we can't be friends (wait for your love),2024-03-08,3.04e-05,1.0,5.0,228639.0,0.0615,modern,High,2024.0,3.81065
0.586,116.971,0.896,gaming,-6.687,0.79,0.642,Roddy Ricch,4.0,0.0559,81,Please Excuse Me for Being Antisocial,Top Gaming Tracks,The Box,2019-12-06,0.0,0.0,10.0,196653.0,0.104,modern,High,2019.0,3.27755
0.558,104.983,0.943,gaming,-4.911,0.0937,0.606,Jack Harlow,4.0,0.0568,81,Lovin On Me,Top Gaming Tracks,Lovin On Me,2023-11-10,2.19e-06,1.0,2.0,138411.0,0.0026,modern,High,2023.0,2.30685
0.75,155.096,0.732,gaming,-6.366,0.109,0.401,Lil Uzi Vert,4.0,0.231,81,Luv Is Rage 2,Top Gaming Tracks,XO Tour Llif3,2017-08-25,0.0,0.0,11.0,182707.0,0.00264,modern,High,2017.0,3.0451166666666665
0.764,140.113,0.882,gaming,-5.241,0.119,0.886,"Central Cee, Lil Baby",4.0,0.204,81,BAND4BAND (feat. Lil Baby),Top Gaming Tracks,BAND4BAND (feat. Lil Baby),2024-05-23,0.0,1.0,11.0,140733.0,0.359,modern,High,2024.0,2.34555
0.632,121.031,0.762,gaming,-8.312,0.18,0.282,"Lost Frequencies, Calum Scott",4.0,0.085,81,All Stand Together,Top Gaming Tracks,Where Are You Now,2023-11-10,0.000205,0.0,6.0,149067.0,0.51,modern,High,2023.0,2.48445
0.512,80.511,0.829,gaming,-5.865,0.12,0.638,Sleepy Hallow,4.0,0.187,80,Still Sleep?,Top Gaming Tracks,2055,2021-06-02,0.0,0.0,6.0,123987.0,0.492,modern,High,2021.0,2.06645
0.716,91.007,0.701,gaming,-3.671,0.324,0.732,"24kGoldn, iann dior",4.0,0.0361,80,El Dorado,Top Gaming Tracks,Mood (feat. iann dior),2021-03-26,0.0,0.0,7.0,140533.0,0.174,modern,High,2021.0,2.342216666666667
0.773,129.923,0.681,gaming,-4.706,0.0978,0.504,Eternxlkz,4.0,0.0345,80,SLAY!,Top Gaming Tracks,SLAY!,2024-03-15,0.734,1.0,1.0,107077.0,0.0863,modern,High,2024.0,1.7846166666666667
0.673,165.921,0.529,gaming,-4.711,0.093,0.366,"Drake, 21 Savage",4.0,0.175,80,"Honestly, Nevermind",Top Gaming Tracks,Jimmy Cooks (feat. 21 Savage),2022-06-17,2.41e-06,1.0,0.0,218365.0,0.000307,modern,High,2022.0,3.6394166666666665
0.583,116.624,0.709,gaming,-5.298,0.195,0.533,"Metro Boomin, Future, Chris Brown",4.0,0.204,79,HEROES & VILLAINS,Top Gaming Tracks,Superhero (Heroes & Villains) [with Future & Chris Brown],2022-12-02,2.97e-06,0.0,5.0,182667.0,0.138,modern,High,2022.0,3.04445
0.797,122.011,0.702,gaming,-6.635,0.179,0.0356,"Disclosure, Eliza Doolittle, Rivo",4.0,0.0557,79,You & Me (Rivo Remix),Top Gaming Tracks,You & Me - Rivo Remix,2023-12-22,0.495,0.0,10.0,208525.0,0.583,modern,High,2023.0,3.475416666666667
0.681,139.057,0.918,gaming,-4.705,0.0615,0.706,"Dave, Central Cee",4.0,0.201,79,Sprinter,Top Gaming Tracks,Sprinter,2023-06-01,0.0,1.0,1.0,229133.0,0.263,modern,High,2023.0,3.8188833333333334
0.753,127.926,0.671,gaming,-6.045,0.177,0.543,"Sonny Fodera, Jazzy, D.O.D",4.0,0.0298,79,Somedays,Top Gaming Tracks,Somedays,2024-07-26,1.29e-05,0.0,4.0,207168.0,0.019,modern,High,2024.0,3.4528
0.761,146.003,0.62,gaming,-7.282,0.269,0.194,Jungle,4.0,0.175,79,Volcano,Top Gaming Tracks,Back On 74,2023-08-11,0.000147,0.0,10.0,209483.0,0.207,modern,High,2023.0,3.4913833333333333
0.452,90.026,0.904,gaming,-7.272,0.115,0.613,Tommy Richman,4.0,0.132,78,DEVIL IS A LIE,Top Gaming Tracks,DEVIL IS A LIE,2024-06-14,0.0,1.0,9.0,130944.0,0.174,modern,High,2024.0,2.1824
0.512,96.02,0.803,gaming,-6.871,0.0928,0.435,Bryson Tiller,4.0,0.066,78,Whatever She Wants,Top Gaming Tracks,Whatever She Wants,2024-02-13,0.0,0.0,9.0,161342.0,0.128,modern,High,2024.0,2.689033333333333
0.643,139.948,0.831,gaming,-5.002,0.084,0.142,Kendrick Lamar,4.0,0.11,78,euphoria,Top Gaming Tracks,euphoria,2024-04-30,0.0,1.0,1.0,383639.0,0.046,modern,High,2024.0,6.393983333333333
0.567,75.965,0.574,gaming,-7.126,0.258,0.526,"JID, 21 Savage, Baby Tate",4.0,0.465,78,The Forever Story (Extended Version),Top Gaming Tracks,Surround Sound (feat. 21 Savage & Baby Tate),2022-10-31,0.0,0.0,7.0,229938.0,0.164,modern,High,2022.0,3.8323
0.593,120.509,0.565,gaming,-5.864,0.215,0.429,d4vd,4.0,0.0883,78,Feel It (From The Original Series “Invincible”),Top Gaming Tracks,Feel It - From The Original Series “Invincible”,2024-03-28,0.0,1.0,8.0,157974.0,0.0288,modern,High,2024.0,2.6329
0.83,75.023,0.767,gaming,-8.78,0.0582,0.187,Creeds,4.0,0.206,77,Push Up (Main Edit),Top Gaming Tracks,Push Up - Main Edit,2023-03-31,0.836,1.0,7.0,139300.0,0.209,modern,High,2023.0,2.3216666666666668
0.523,169.982,0.628,gaming,-8.307,0.219,0.416,Kenya Grace,4.0,0.0946,77,Strangers,Top Gaming Tracks,Strangers,2023-09-01,0.00274,0.0,11.0,172965.0,0.701,modern,High,2023.0,2.88275
0.934,88.009,0.777,gaming,-0.959,0.275,0.637,"Chase & Status, Stormzy",4.0,0.254,77,BACKBONE,Top Gaming Tracks,BACKBONE,2024-08-08,3.86e-05,1.0,2.0,166449.0,0.285,modern,High,2024.0,2.77415
0.927,109.952,0.755,gaming,0.254,0.0567,0.702,"xxanteria, isq",4.0,0.0645,77,FUNKED UP,Top Gaming Tracks,FUNKED UP - SLOWED,2024-01-19,0.925,0.0,11.0,115348.0,0.00288,modern,High,2024.0,1.9224666666666668
0.62,117.038,0.741,gaming,-5.505,0.0398,0.934,Hozier,4.0,0.0412,77,Unheard,Top Gaming Tracks,Too Sweet,2024-03-22,0.000809,1.0,10.0,251424.0,0.0295,modern,High,2024.0,4.1904
0.64,130.051,0.537,gaming,-10.441,0.157,0.222,LXNGVX,4.0,0.104,77,Montagem Mysterious Game,Top Gaming Tracks,Montagem Mysterious Game,2023-12-01,0.878,1.0,1.0,103495.0,0.146,modern,High,2023.0,1.7249166666666667
0.963,130.028,0.817,gaming,-3.318,0.312,0.502,"CURSEDEVIL, DJ FKU, Skorde",4.0,0.0353,77,TUCA DONKA,Top Gaming Tracks,TUCA DONKA,2023-07-28,0.767,1.0,1.0,75692.0,0.0683,modern,High,2023.0,1.2615333333333334
0.556,99.974,0.864,gaming,-7.683,0.112,0.726,Doja Cat,4.0,0.194,77,Scarlet,Top Gaming Tracks,Paint The Town Red,2023-09-20,3.85e-06,0.0,2.0,230480.0,0.255,modern,High,2023.0,3.8413333333333335
0.803,130.028,0.877,gaming,-3.195,0.087,0.795,"S3BZS, Mc Gw, Mc Menor Do Alvorada",4.0,0.0507,77,MONTAGEM - PR FUNK,Top Gaming Tracks,MONTAGEM - PR FUNK,2023-05-01,0.056,1.0,9.0,61673.0,0.734,modern,High,2023.0,1.0278833333333333
0.573,140.04,0.911,gaming,-7.43,0.403,0.972,Central Cee,4.0,0.288,77,Doja,Top Gaming Tracks,Doja,2022-07-21,0.0,1.0,6.0,97393.0,0.38,modern,High,2022.0,1.6232166666666668
0.629,130.017,0.848,gaming,-6.198,0.049,0.586,"Gotye, FISHER, Chris Lake, Kimbra, Sante Sansone",4.0,0.0424,77,Somebody (2024),Top Gaming Tracks,Somebody (2024),2024-02-09,0.18,1.0,0.0,153519.0,0.016,modern,High,2024.0,2.55865
0.777,108.005,0.58,gaming,-5.69,0.342,0.589,"Kygo, Ava Max",4.0,0.0655,76,Whatever,Top Gaming Tracks,Whatever,2024-01-19,0.0,1.0,3.0,178273.0,0.104,modern,High,2024.0,2.971216666666667
0.539,158.105,0.65,gaming,-7.281,0.114,0.253,Rich Amiri,4.0,0.0561,76,Ghetto Fabulous,Top Gaming Tracks,ONE CALL,2023-11-17,2.67e-05,1.0,1.0,121399.0,0.00617,modern,High,2023.0,2.0233166666666667
0.672,136.902,0.673,gaming,-8.577,0.193,0.14,"Drake, Yeat",4.0,0.224,76,For All The Dogs,Top Gaming Tracks,IDGAF (feat. Yeat),2023-10-06,0.000284,1.0,8.0,260111.0,0.0466,modern,High,2023.0,4.335183333333333
0.818,125.952,0.687,gaming,-4.221,0.248,0.886,"Alok, Ella Eyre, Kenny Dope, Never Dull",4.0,0.0778,76,Deep Down (feat. Never Dull),Top Gaming Tracks,Deep Down (feat. Never Dull),2022-06-17,0.0,1.0,0.0,165753.0,0.0112,modern,High,2022.0,2.76255
0.687,123.01,0.755,gaming,-6.247,0.125,0.381,Doja Cat,4.0,0.101,76,Scarlet,Top Gaming Tracks,Agora Hills,2023-09-20,0.000177,0.0,8.0,265360.0,0.183,modern,High,2023.0,4.422666666666666
0.919,151.221,0.83,gaming,-2.12,0.0757,0.848,Dyan Dxddy,4.0,0.145,76,CUTE DEPRESSED,Top Gaming Tracks,CUTE DEPRESSED,2024-02-02,0.748,0.0,10.0,96947.0,0.503,modern,High,2024.0,1.6157833333333333
0.738,130.0,0.593,gaming,-2.956,0.292,0.591,Eternxlkz,4.0,0.0351,75,BRODYAGA FUNK,Top Gaming Tracks,BRODYAGA FUNK,2023-11-17,0.968,0.0,11.0,134785.0,0.269,modern,High,2023.0,2.2464166666666667
0.81,150.251,0.613,gaming,-6.16,0.137,0.686,"ZWE1HVNDXR, yatashigang",4.0,0.488,75,LOVELY BASTARDS,Top Gaming Tracks,LOVELY BASTARDS,2023-08-25,0.899,1.0,1.0,116104.0,0.832,modern,High,2023.0,1.9350666666666667
0.967,149.036,0.628,gaming,-4.068,0.274,0.399,"Marnik, Naeleck, VINAI",4.0,0.0485,75,Boyz In Paris (with VINAI),Top Gaming Tracks,Boyz In Paris (with VINAI),2023-07-28,4.67e-05,1.0,1.0,151589.0,0.0398,modern,High,2023.0,2.526483333333333
0.897,129.975,0.686,gaming,-7.18,0.153,0.355,"Lil Uzi Vert, sped up nightcore, ARIZONATEARS",4.0,0.0386,75,Watch This (ARIZONATEARS Pluggnb Remix),Top Gaming Tracks,Watch This - ARIZONATEARS Pluggnb Remix,2023-02-05,0.103,0.0,11.0,163139.0,0.0103,modern,High,2023.0,2.7189833333333335
0.793,120.003,0.696,gaming,-5.733,0.18,0.698,"Tiësto, Tate McRae",4.0,0.097,75,DRIVE,Top Gaming Tracks,10:35,2023-04-21,3.78e-06,1.0,8.0,172253.0,0.0683,modern,High,2023.0,2.8708833333333335
0.781,128.001,0.805,gaming,-7.225,0.0598,0.818,PAWSA,4.0,0.0434,74,TOO COOL TO BE CARELESS,Top Gaming Tracks,TOO COOL TO BE CARELESS,2024-07-05,0.302,0.0,1.0,220000.0,0.002,modern,High,2024.0,3.6666666666666665
0.848,135.048,0.721,gaming,-3.371,0.097,0.774,"Bibi Babydoll, Dj Brunin XM, KZA Produções",4.0,0.0266,74,Automotivo Bibi Fogosa,Top Gaming Tracks,Automotivo Bibi Fogosa,2023-11-10,2.11e-06,1.0,9.0,129800.0,0.26,modern,High,2023.0,2.1633333333333336
0.742,114.071,0.773,gaming,-3.678,0.0754,0.571,Imagine Dragons,4.0,0.046,74,Bones,Top Gaming Tracks,Bones,2022-03-11,0.0,0.0,5.0,165265.0,0.0206,modern,High,2022.0,2.7544166666666667
0.527,77.499,0.824,gaming,-5.506,0.368,0.212,A$AP Rocky,4.0,0.118,74,Tailor Swif,Top Gaming Tracks,Tailor Swif,2024-08-30,0.0,1.0,8.0,155391.0,0.149,modern,High,2024.0,2.58985
0.655,163.997,0.475,gaming,-7.342,0.375,0.245,"Drake, J. Cole",4.0,0.33,74,For All The Dogs,Top Gaming Tracks,First Person Shooter (feat. J. Cole),2023-10-06,0.0,0.0,11.0,247444.0,0.0306,modern,High,2023.0,4.124066666666667
0.895,125.985,0.762,gaming,-4.562,0.204,0.757,"FISHER, Kita Alexander",4.0,0.0734,73,Atmosphere,Top Gaming Tracks,Atmosphere,2023-08-11,0.142,1.0,8.0,182857.0,0.00623,modern,High,2023.0,3.047616666666667
0.915,154.964,0.737,gaming,-2.749,0.084,0.304,"Memphis Cult, Groove Dealers, SPLYXER",4.0,0.0412,73,Memphis Cult Vol. 6,Top Gaming Tracks,9mm,2023-02-23,2.58e-05,1.0,0.0,86710.0,0.00322,modern,High,2023.0,1.4451666666666667
0.85,106.036,0.815,gaming,-4.704,0.0245,0.694,"bbno$, Rich Brian",4.0,0.113,73,eat ya veggies,Top Gaming Tracks,edamame,2021-10-08,0.000143,0.0,4.0,133707.0,0.0232,modern,High,2021.0,2.22845
0.546,118.051,0.76,gaming,-13.092,0.103,0.113,Yeat,4.0,0.0616,73,2093,Top Gaming Tracks,Breathe,2024-02-16,0.924,1.0,11.0,170847.0,0.0284,modern,High,2024.0,2.84745
0.86,146.441,0.585,gaming,-5.274,0.18,0.607,Odetari,4.0,0.116,73,GOOD LOYAL THOTS,Top Gaming Tracks,GOOD LOYAL THOTS,2023-03-15,0.000142,1.0,6.0,102557.0,0.0566,modern,High,2023.0,1.7092833333333333
0.636,75.486,0.654,gaming,-6.904,0.412,0.267,Key Glock,4.0,0.0845,73,Glockoma 2 (Deluxe),Top Gaming Tracks,Let's Go,2023-06-23,0.0,1.0,8.0,140107.0,0.00258,modern,High,2023.0,2.3351166666666665
0.765,145.988,0.588,gaming,-5.914,0.2,0.492,"League of Legends, NewJeans",4.0,0.0518,73,GODS,Top Gaming Tracks,GODS,2023-10-04,3.23e-05,0.0,3.0,220878.0,0.00685,modern,High,2023.0,3.6813
0.758,165.409,0.681,gaming,-6.524,0.555,0.331,"21 Savage, Travis Scott, Metro Boomin",4.0,0.188,73,american dream,Top Gaming Tracks,née-nah,2024-01-12,0.0,1.0,1.0,220584.0,0.00465,modern,High,2024.0,3.6764
0.683,145.379,0.501,afrobeats,-7.881,0.0685,0.623,"Bnxn, Rema",5.0,0.211,71,Fi Kan We Kan,African Heat,Fi Kan We Kan,2024-10-15,9.25e-05,0.0,6.0,161379.0,0.109,african,High,2024.0,2.68965
0.819,110.14,0.726,afrobeats,-7.094,0.27,0.636,Young Jonn,4.0,0.106,70,Jiggy Forever,African Heat,Stronger,2024-04-12,9.65e-05,1.0,8.0,141818.0,0.477,african,High,2024.0,2.3636333333333335
0.529,112.014,0.782,afrobeats,-8.626,0.413,0.44,Ayo Maff,4.0,0.0592,69,MAFFIAN,African Heat,Are you there?,2024-08-15,1.42e-06,1.0,0.0,156429.0,0.509,african,High,2024.0,2.60715
0.634,101.837,0.502,afrobeats,-3.367,0.188,0.645,"Asake, Wizkid",3.0,0.144,72,Lungu Boy,African Heat,MMS,2024-08-08,0.0341,0.0,8.0,219628.0,0.677,african,High,2024.0,3.6604666666666668
0.841,147.989,0.754,afrobeats,-4.563,0.0903,0.838,Rema,4.0,0.0921,68,HEIS,African Heat,OZEBA,2024-07-10,0.0,1.0,2.0,137684.0,0.136,african,High,2024.0,2.2947333333333333
0.814,93.482,0.683,afrobeats,-3.505,0.0858,0.758,Tyla,4.0,0.0466,78,TYLA +,African Heat,PUSH 2 START,2024-10-11,0.00826,1.0,2.0,156826.0,0.277,african,High,2024.0,2.613766666666667
0.792,113.981,0.749,afrobeats,-4.621,0.0712,0.903,"Davido, YG Marley",4.0,0.0402,76,Awuke,African Heat,Awuke,2024-10-31,1.63e-05,1.0,5.0,172632.0,0.308,african,High,2024.0,2.8772
0.705,197.98,0.374,afrobeats,-8.37,0.14,0.718,"Hyce, BoyPee, Brown Joel",5.0,0.145,68,Constantly,African Heat,Constantly,2024-08-28,0.0,1.0,11.0,193567.0,0.172,african,High,2024.0,3.2261166666666665
0.648,93.2,0.737,afrobeats,-5.493,0.105,0.746,"Wizkid, Brent Faiyaz",4.0,0.138,77,Piece of My Heart (feat. Brent Faiyaz),African Heat,Piece of My Heart (feat. Brent Faiyaz),2024-10-18,6.92e-06,1.0,1.0,259354.0,0.252,african,High,2024.0,4.322566666666667
0.719,113.012,0.897,afrobeats,-7.164,0.0677,0.546,"Smur Lee, ODUMODUBLVCK, Shallipopi",4.0,0.157,71,JUJU (feat. Shallipopi),African Heat,JUJU (feat. Shallipopi),2024-08-22,0.000531,0.0,6.0,157756.0,0.116,african,High,2024.0,2.6292666666666666
0.52,95.865,0.578,afrobeats,-8.399,0.124,0.425,"FOLA, Bnxn",4.0,0.151,68,alone (Remix),African Heat,alone - Remix,2024-10-04,3.38e-06,0.0,11.0,154579.0,0.554,african,High,2024.0,2.5763166666666666
0.651,67.813,0.49,afrobeats,-6.259,0.108,0.567,"Ayo Maff, Fireboy DML",5.0,0.138,68,Dealer,African Heat,Dealer,2024-04-16,7.59e-06,1.0,11.0,180594.0,0.714,african,High,2024.0,3.0099
0.935,166.008,0.574,j-pop,-2.783,0.367,0.836,YOASOBI,4.0,0.0926,72,アイドル,Anime Hits,アイドル,2023-04-12,1.07e-06,1.0,1.0,213234.0,0.112,anime,High,2023.0,3.5539
0.941,101.921,0.577,j-pop,-5.17,0.0891,0.292,Kenshi Yonezu,4.0,0.105,72,KICK BACK,Anime Hits,KICK BACK,2022-10-12,3.36e-06,1.0,1.0,193495.0,0.00207,anime,High,2022.0,3.2249166666666667
0.794,149.923,0.531,j-pop,-4.363,0.082,0.775,Mrs. GREEN APPLE,4.0,0.0964,77,ライラック,Anime Hits,ライラック,2024-04-11,0.0,1.0,10.0,288200.0,0.0176,anime,High,2024.0,4.803333333333334
0.898,151.99,0.479,j-pop,-4.809,0.297,0.639,Tatsuya Kitani,4.0,0.169,71,青のすみか,Anime Hits,青のすみか,2023-07-07,0.0,1.0,1.0,196467.0,0.0134,anime,High,2023.0,3.27445
0.822,157.013,0.853,j-pop,-6.836,0.166,0.746,Creepy Nuts,4.0,0.246,80,Bling-Bang-Bang-Born,Anime Hits,Bling-Bang-Bang-Born,2024-01-07,0.00985,0.0,6.0,168136.0,0.0841,anime,High,2024.0,2.8022666666666667
0.905,141.131,0.545,j-pop,-3.823,0.182,0.735,Yuuri,4.0,0.0684,73,カーテンコール,Anime Hits,カーテンコール,2024-07-19,0.0,1.0,5.0,243027.0,0.103,anime,High,2024.0,4.05045
0.571,101.955,0.695,j-pop,-6.249,0.118,0.726,ヨルシカ,4.0,0.111,70,晴る,Anime Hits,晴る,2024-01-05,3.58e-06,0.0,11.0,270705.0,0.032,anime,High,2024.0,4.51175
0.811,139.959,0.693,j-pop,-5.765,0.106,0.944,OneRepublic,4.0,0.0313,69,Nobody (from Kaiju No. 8),Anime Hits,Nobody - from Kaiju No. 8,2024-04-12,0.0,1.0,5.0,153626.0,0.395,anime,High,2024.0,2.560433333333333
0.808,115.063,0.576,j-pop,-4.241,0.127,0.172,YUNGBLUD,4.0,0.0407,68,Abyss (from Kaiju No. 8),Anime Hits,Abyss - from Kaiju No. 8,2024-01-19,0.0,1.0,1.0,123293.0,0.00615,anime,High,2024.0,2.054883333333333
0.951,169.955,0.436,j-pop,-4.748,0.149,0.428,"MAN WITH A MISSION, milet",4.0,0.202,68,絆ノ奇跡,Anime Hits,絆ノ奇跡,2023-04-10,0.0,0.0,7.0,223320.0,0.0046,anime,High,2023.0,3.722
0.514,82.05,0.829,j-pop,-5.333,0.231,0.757,Vaundy,4.0,0.0531,68,タイムパラドックス,Anime Hits,タイムパラドックス,2024-01-07,1.45e-06,1.0,2.0,226558.0,0.439,anime,High,2024.0,3.7759666666666667
0.836,105.173,0.543,metal,-9.11,0.153,0.56,Metallica,4.0,0.0353,75,Master Of Puppets (Remastered),Metal Essentials,Master Of Puppets,1986-03-03,0.431,0.0,4.0,515387.0,0.000647,classic,High,1986.0,8.589783333333333
0.704,118.242,0.43,metal,-8.008,0.0933,0.703,Pantera,4.0,0.0804,73,Vulgar Display of Power,Metal Essentials,Walk,1992-02-21,0.00221,0.0,1.0,315120.0,0.000155,classic,High,1992.0,5.252
0.934,127.066,0.417,metal,-3.908,0.132,0.287,System Of A Down,4.0,0.119,83,Toxicity,Metal Essentials,Chop Suey!,2001-09-04,0.0015,0.0,7.0,210240.0,0.000278,classic,High,2001.0,3.504
0.891,92.049,0.283,metal,-8.165,0.159,0.226,Korn,4.0,0.178,68,Korn,Metal Essentials,Blind,1994-10-11,0.0038,1.0,2.0,258267.0,0.00678,classic,High,1994.0,4.30445
0.695,102.178,0.437,metal,-9.447,0.124,0.413,Metallica,3.0,0.0617,72,...And Justice For All,Metal Essentials,One,1988-08-25,0.0857,1.0,7.0,447440.0,0.00111,classic,High,1988.0,7.457333333333334
0.763,148.366,0.365,metal,-9.45,0.0865,0.342,Danzig,4.0,0.0591,69,Danzig,Metal Essentials,Mother,1988-01-01,0.000457,0.0,11.0,204867.0,0.00726,classic,High,1988.0,3.41445
0.908,114.816,0.415,metal,-9.701,0.082,0.437,Pantera,4.0,0.0765,71,Cowboys from Hell,Metal Essentials,Cowboys from Hell,1990-07-20,0.0345,1.0,2.0,243533.0,0.00437,classic,High,1990.0,4.058883333333333
0.828,123.257,0.577,metal,-8.691,0.0581,0.604,Metallica,4.0,0.0298,79,Metallica,Metal Essentials,Enter Sandman,1991-08-12,0.0114,0.0,6.0,331267.0,0.00213,classic,High,1991.0,5.521116666666667
0.916,118.004,0.58,metal,-4.358,0.126,0.683,Avenged Sevenfold,4.0,0.0387,75,Hail to the King,Metal Essentials,Hail to the King,2013-08-23,0.0259,0.0,3.0,305907.0,0.000297,classic,High,2013.0,5.09845
0.898,103.299,0.353,metal,-5.877,0.39,0.525,Korn,4.0,0.052,77,Follow The Leader,Metal Essentials,Freak On a Leash,1998-08-18,0.105,1.0,2.0,255733.0,2.23e-05,classic,High,1998.0,4.262216666666666
0.963,125.033,0.59,metal,-6.489,0.0781,0.586,Rob Zombie,4.0,0.0676,77,Hellbilly Deluxe,Metal Essentials,Dragula,1998-01-01,0.000105,0.0,0.0,222827.0,8.75e-05,classic,High,1998.0,3.713783333333333
0.949,129.984,0.554,metal,-4.928,0.2,0.233,Avenged Sevenfold,4.0,0.0787,70,Nightmare,Metal Essentials,Nightmare,2010-07-23,9.98e-05,1.0,2.0,374453.0,0.000318,classic,High,2010.0,6.240883333333334
0.781,71.841,0.443,metal,-4.277,0.166,0.372,Deftones,4.0,0.0377,77,Around the Fur,Metal Essentials,My Own Summer (Shove It),1997-10-27,0.205,1.0,1.0,214760.0,1.33e-05,classic,High,1997.0,3.5793333333333335
0.714,107.441,0.567,metal,-8.512,0.186,0.191,TOOL,3.0,0.0302,68,Lateralus,Metal Essentials,Schism,2001-05-15,0.417,0.0,9.0,403533.0,0.0012,classic,High,2001.0,6.72555
0.821,94.895,0.669,hip-hop,-4.37,0.147,0.684,"Dr. Dre, Snoop Dogg",4.0,0.29,76,The Chronic,Hip-Hop Drive,"Nuthin' But A ""G"" Thang",1992-12-15,0.0,0.0,11.0,237573.0,0.00182,modern,High,1992.0,3.95955
0.72,103.314,0.916,reggae,-8.548,0.0958,0.761,Bob Marley & The Wailers,4.0,0.1,79,Uprising,Reggae Classics,Could You Be Loved,1980-06-10,0.00016,1.0,0.0,237000.0,0.36,classic,High,1980.0,3.95
0.661,76.71,0.836,reggae,-6.502,0.449,0.753,Damian Marley,4.0,0.338,68,Welcome to Jamrock,Reggae Classics,Welcome To Jamrock,2005-01-01,0.0,0.0,7.0,213200.0,0.0208,classic,High,2005.0,3.5533333333333332
0.733,95.107,0.883,reggae,-9.153,0.334,0.946,Chaka Demus & Pliers,4.0,0.128,68,Tease Me,Reggae Classics,Murder She Wrote,1993-01-01,0.00026,0.0,11.0,245000.0,0.161,classic,High,1993.0,4.083333333333333
0.463,124.084,0.929,reggae,-8.651,0.0634,0.755,Bob Marley & The Wailers,4.0,0.308,70,Confrontation,Reggae Classics,Buffalo Soldier,1983-05-23,5.3e-06,1.0,9.0,255840.0,0.143,classic,High,1983.0,4.264
0.775,93.431,0.816,hip-hop,-3.323,0.0543,0.527,"Dr. Dre, Snoop Dogg",4.0,0.234,81,2001,90s Hip-Hop,Still D.R.E.,1999-11-16,0.00031,1.0,11.0,270587.0,0.16,90s,High,1999.0,4.509783333333333
0.697,93.941,0.901,hip-hop,-3.439,0.287,0.67,The Notorious B.I.G.,4.0,0.28,78,Life After Death (2014 Remastered Edition),90s Hip-Hop,Hypnotize - 2014 Remaster,1997-03-04,0.0,1.0,9.0,229827.0,0.145,90s,High,1997.0,3.83045
0.505,99.935,0.535,hip-hop,-8.926,0.0923,0.495,Ms. Lauryn Hill,4.0,0.245,74,The Miseducation of Lauryn Hill,90s Hip-Hop,Doo Wop (That Thing),1998-08-25,0.0,0.0,2.0,320267.0,0.0393,90s,High,1998.0,5.337783333333333
0.63,95.0,0.874,hip-hop,-3.585,0.0582,0.717,2Pac,4.0,0.298,74,R U Still Down? [Remember Me],90s Hip-Hop,Do For Love,1997-01-01,0.00479,1.0,1.0,281600.0,0.0578,90s,High,1997.0,4.693333333333333
0.786,93.857,0.763,hip-hop,-6.472,0.0817,0.504,Mobb Deep,4.0,0.229,74,The Infamous,90s Hip-Hop,"Shook Ones, Pt. II",1995-04-25,0.0114,0.0,10.0,325507.0,0.0146,90s,High,1995.0,5.425116666666667
0.706,174.039,0.584,hip-hop,-7.899,0.125,0.579,"Luniz, Michael Marshall",4.0,0.366,73,Operation Stackola,90s Hip-Hop,I Got 5 On It,1995-07-04,0.0,0.0,10.0,253533.0,0.209,90s,High,1995.0,4.22555
0.62,94.121,0.9,hip-hop,-6.518,0.0647,0.867,"Big Pun, Joe",4.0,0.312,72,Capital Punishment,90s Hip-Hop,Still Not a Player (feat. Joe) - Radio Version,1998-04-28,0.00156,0.0,4.0,236800.0,0.2,90s,High,1998.0,3.9466666666666668
0.818,96.063,0.889,hip-hop,-4.639,0.179,0.782,The Notorious B.I.G.,4.0,0.253,73,Ready to Die (The Remaster),90s Hip-Hop,Juicy - 2005 Remaster,1994-09-13,0.0,1.0,9.0,302760.0,0.47,90s,High,1994.0,5.046
0.821,94.895,0.669,hip-hop,-4.37,0.147,0.684,"Dr. Dre, Snoop Dogg",4.0,0.29,76,The Chronic,90s Hip-Hop,"Nuthin' But A ""G"" Thang",1992-12-15,0.0,0.0,11.0,237573.0,0.00182,90s,High,1992.0,3.95955
0.514,181.033,0.512,hip-hop,-11.562,0.126,0.565,Wu-Tang Clan,4.0,0.387,72,Enter The Wu-Tang (36 Chambers) [Expanded Edition],90s Hip-Hop,C.R.E.A.M. (Cash Rules Everything Around Me),1993-11-09,0.00958,0.0,11.0,252027.0,0.555,90s,High,1993.0,4.20045
0.611,102.304,0.897,hip-hop,-10.489,0.0894,0.769,Cypress Hill,4.0,0.211,70,Black Sunday,90s Hip-Hop,Insane in the Brain,1993-07-20,0.186,1.0,11.0,208267.0,0.0291,90s,High,1993.0,3.4711166666666666
0.734,97.044,0.918,hip-hop,-2.832,0.191,0.608,Outkast,4.0,0.269,70,ATLiens,90s Hip-Hop,ATLiens,1996-08-27,8.01e-06,0.0,11.0,230693.0,0.0296,90s,High,1996.0,3.844883333333333
0.91,84.099,0.665,hip-hop,-4.682,0.227,0.887,Nas,4.0,0.223,70,Illmatic,90s Hip-Hop,N.Y. State of Mind,1994-04-19,0.0,0.0,6.0,293973.0,0.0394,90s,High,1994.0,4.89955
0.735,101.368,0.934,hip-hop,-6.668,0.107,0.768,"Ice Cube, Das EFX",4.0,0.251,69,Bootlegs And B-Sides,90s Hip-Hop,Check Yo Self - Remix,1994-11-22,8.6e-06,1.0,1.0,273107.0,0.031,90s,High,1994.0,4.551783333333334
0.54,84.115,0.773,hip-hop,-7.123,0.131,0.322,2Pac,4.0,0.103,68,Me Against The World,90s Hip-Hop,Dear Mama,1995-03-14,0.0,1.0,6.0,280000.0,0.371,90s,High,1995.0,4.666666666666667
0.703,94.828,0.813,hip-hop,-5.077,0.237,0.241,Mobb Deep,4.0,0.268,68,The Infamous,90s Hip-Hop,Survival of the Fittest,1995-04-25,1.26e-06,0.0,11.0,224533.0,0.125,90s,High,1995.0,3.7422166666666667
0.884,104.536,0.845,hip-hop,-4.506,0.203,0.904,"The Notorious B.I.G., Mase, Diddy",4.0,0.0759,72,Life After Death (2014 Remastered Edition),90s Hip-Hop,Mo Money Mo Problems (feat. Puff Daddy & Mase) - 2014 Remaster,1997-03-04,2.1e-06,0.0,6.0,257400.0,0.0128,90s,High,1997.0,4.29
0.666,96.662,0.848,hip-hop,-6.547,0.129,0.744,A Tribe Called Quest,4.0,0.274,68,People's Instinctive Travels and the Paths of Rhythm (25th Anniversary Edition),90s Hip-Hop,Can I Kick It?,1990-04-17,0.000699,1.0,0.0,251573.0,0.173,90s,High,1990.0,4.1928833333333335
0.732,172.329,0.598,hip-hop,-7.013,0.508,0.595,2Pac,4.0,0.425,68,Strictly 4 My N.I.G.G.A.Z...,90s Hip-Hop,Keep Ya Head Up,1993-02-16,0.0,1.0,4.0,262507.0,0.144,90s,High,1993.0,4.375116666666667
0.767,127.361,0.532,rock,-5.509,0.39,0.755,AC/DC,4.0,0.0574,81,Back In Black,80s Rock Anthems,You Shook Me All Night Long,1980-07-25,0.000513,1.0,7.0,210173.0,0.00287,80s,High,1980.0,3.502883333333333
0.795,112.067,0.645,rock,-12.095,0.104,0.535,Tears For Fears,4.0,0.0527,85,Songs From The Big Chair (Super Deluxe Edition),80s Rock Anthems,Everybody Wants To Rule The World,1985-02-25,0.00389,1.0,7.0,251489.0,0.347,80s,High,1985.0,4.191483333333333
0.802,119.25,0.491,rock,-7.106,0.387,0.472,Journey,4.0,0.0392,72,The Essential Journey,80s Rock Anthems,Don't Stop Believin',2001-10-16,0.0,1.0,4.0,248907.0,0.25,80s,High,2001.0,4.14845
0.373,92.718,0.671,rock,-18.064,0.0481,0.732,TOTO,4.0,0.0323,83,Toto IV,80s Rock Anthems,Africa,1982-04-08,8.01e-05,1.0,9.0,295893.0,0.257,80s,High,1982.0,4.93155
0.7,188.386,0.31,rock,-5.678,0.0828,0.763,AC/DC,4.0,0.047,83,Back In Black,80s Rock Anthems,Back In Black,1980-07-25,0.00965,1.0,9.0,255493.0,0.011,80s,High,1980.0,4.258216666666667
0.942,148.723,0.527,rock,-5.64,0.188,0.495,Bruce Springsteen,4.0,0.0366,82,Born In The U.S.A.,80s Rock Anthems,Dancing In the Dark,1984-06-04,0.0,0.0,1.0,241307.0,0.0115,80s,High,1984.0,4.0217833333333335
0.959,122.805,0.541,rock,-2.947,0.344,0.812,Bon Jovi,4.0,0.0505,81,Slippery When Wet,80s Rock Anthems,You Give Love A Bad Name,1986-08-16,2.18e-06,0.0,0.0,222707.0,0.0663,80s,High,1986.0,3.7117833333333334
0.834,139.13,0.509,rock,-6.205,0.0732,0.774,Bryan Adams,4.0,0.0386,80,Reckless (30th Anniversary / Deluxe Edition),80s Rock Anthems,Summer Of '69,1984-11-05,0.0,1.0,2.0,216053.0,0.0183,80s,High,1984.0,3.6008833333333334
0.712,113.805,0.671,rock,-7.815,0.103,0.462,"Queen, David Bowie",4.0,0.0476,79,Hot Space (2011 Remaster),80s Rock Anthems,Under Pressure - Remastered 2011,1982-05-03,0.0,1.0,2.0,248440.0,0.429,80s,High,1982.0,4.140666666666666
0.716,94.379,0.535,rock,-5.025,0.659,0.901,Joan Jett & the Blackhearts,4.0,0.0431,77,I Love Rock 'N' Roll (Expanded Edition),80s Rock Anthems,I Love Rock 'N Roll,1981-11-18,0.0,1.0,4.0,175173.0,0.326,80s,High,1981.0,2.91955
0.932,122.431,0.631,rock,-4.142,0.0918,0.971,The Rolling Stones,4.0,0.0354,76,Tattoo You (2009 Re-Mastered),80s Rock Anthems,Start Me Up - Remastered 2009,1981-08-24,0.137,1.0,5.0,213067.0,0.0429,80s,High,1981.0,3.5511166666666667
0.835,129.981,0.572,rock,-6.219,0.0702,0.795,Van Halen,4.0,0.0317,75,1984 (Remastered),80s Rock Anthems,Jump - 2015 Remaster,1984-01-04,0.000377,1.0,0.0,241600.0,0.171,80s,High,1984.0,4.026666666666666
0.449,84.383,0.623,rock,-13.333,0.0613,0.573,Tom Petty,4.0,0.0253,75,Full Moon Fever,80s Rock Anthems,Free Fallin',1989-01-01,0.0,1.0,5.0,256000.0,0.212,80s,High,1989.0,4.266666666666667
0.873,106.767,0.389,rock,-4.768,0.273,0.303,AC/DC,4.0,0.0475,73,Back In Black,80s Rock Anthems,Hells Bells,1980-07-25,0.0055,0.0,4.0,312293.0,0.00532,80s,High,1980.0,5.204883333333333
0.768,81.909,0.558,rock,-9.997,0.124,0.429,The Police,4.0,0.0343,73,Ghost In The Machine (Remastered 2003),80s Rock Anthems,Every Little Thing She Does Is Magic,1981-10-02,0.0626,1.0,2.0,260573.0,0.121,80s,High,1981.0,4.342883333333333
0.549,176.941,0.516,rock,-13.741,0.184,0.907,Don Henley,4.0,0.0373,73,Building The Perfect Beast,80s Rock Anthems,The Boys Of Summer,1984-11-19,0.00572,1.0,6.0,288733.0,0.501,80s,High,1984.0,4.812216666666667
0.952,122.093,0.398,rock,-6.042,0.1,0.584,Bruce Springsteen,4.0,0.061,72,Born In The U.S.A.,80s Rock Anthems,Born in the U.S.A.,1984-06-04,7.75e-05,1.0,4.0,278680.0,0.000373,80s,High,1984.0,4.644666666666667
0.478,114.02,0.766,rock,-13.487,0.165,0.965,Tom Petty,4.0,0.0329,73,Full Moon Fever,80s Rock Anthems,I Won't Back Down,1989-01-01,2.49e-06,1.0,7.0,178360.0,0.0513,80s,High,1989.0,2.9726666666666666
0.953,84.989,0.267,rock,-4.899,0.283,0.568,Def Leppard,4.0,0.096,72,Hysteria (Super Deluxe),80s Rock Anthems,Pour Some Sugar On Me - Remastered 2017,1987-08-03,0.0,0.0,1.0,267307.0,0.00211,80s,High,1987.0,4.455116666666667
0.803,150.036,0.253,rock,-3.977,0.309,0.258,Bon Jovi,4.0,0.0392,72,Slippery When Wet,80s Rock Anthems,Wanted Dead Or Alive,1986-08-16,0.0146,1.0,7.0,308667.0,0.129,80s,High,1986.0,5.14445
0.978,141.167,0.526,rock,-5.436,0.0744,0.451,Van Halen,4.0,0.108,72,1984 (Remastered),80s Rock Anthems,Panama - 2015 Remaster,1984-01-04,4.75e-05,1.0,8.0,210227.0,0.00122,80s,High,1984.0,3.5037833333333332
0.811,126.59,0.561,rock,-6.157,0.287,0.635,Bryan Adams,4.0,0.0265,71,Reckless (30th Anniversary / Deluxe Edition),80s Rock Anthems,Run To You,1984-11-05,3.66e-05,1.0,4.0,233270.0,0.00515,80s,High,1984.0,3.8878333333333335
0.528,109.975,0.932,rock,-6.472,0.163,0.757,Queen,4.0,0.161,71,The Game (Deluxe Remastered Version),80s Rock Anthems,Another One Bites The Dust - Remastered 2011,1980-06-27,0.329,0.0,5.0,214653.0,0.115,80s,High,1980.0,3.57755
0.812,127.568,0.691,rock,-7.772,0.299,0.685,Duran Duran,4.0,0.0558,71,Rio (Collector's Edition),80s Rock Anthems,Hungry Like the Wolf - 2009 Remaster,1982-05-10,1.16e-06,1.0,0.0,220627.0,0.0433,80s,High,1982.0,3.6771166666666666
0.942,97.909,0.511,rock,-10.407,0.139,0.498,Tears For Fears,4.0,0.0429,71,Songs From The Big Chair,80s Rock Anthems,Shout,1985-02-25,1.87e-05,1.0,0.0,393667.0,0.174,80s,High,1985.0,6.561116666666667
0.899,152.445,0.475,rock,-4.321,0.14,0.603,Bon Jovi,4.0,0.0637,72,Bon Jovi,80s Rock Anthems,Runaway,1984-01-23,1.91e-05,0.0,9.0,230667.0,0.00375,80s,High,1984.0,3.84445
0.96,131.707,0.469,rock,-4.809,0.334,0.37,Journey,4.0,0.0629,70,Frontiers (2023 Remaster),80s Rock Anthems,Separate Ways (Worlds Apart) [2023 Remaster],1983-02-01,1.81e-06,0.0,4.0,323453.0,0.141,80s,High,1983.0,5.390883333333333
0.96,117.486,0.574,rock,-4.906,0.121,0.978,Bruce Springsteen,4.0,0.032,70,Born In The U.S.A.,80s Rock Anthems,Glory Days,1984-06-04,0.0,1.0,9.0,254733.0,0.0457,80s,High,1984.0,4.24555
0.58,127.402,0.741,rock,-9.05,0.212,0.944,Pat Benatar,4.0,0.0304,70,Crimes Of Passion,80s Rock Anthems,Hit Me With Your Best Shot,1980-08-05,3.61e-05,1.0,4.0,171267.0,0.117,80s,High,1980.0,2.85445
0.763,148.366,0.365,rock,-9.45,0.0865,0.342,Danzig,4.0,0.0591,69,Danzig,80s Rock Anthems,Mother,1988-01-01,0.000457,0.0,11.0,204867.0,0.00726,80s,High,1988.0,3.41445
0.804,111.457,0.591,rock,-7.299,0.0818,0.658,Stevie Nicks,4.0,0.0454,69,Bella Donna (2016 Remastered),80s Rock Anthems,Edge of Seventeen - 2016 Remaster,1981-07-27,5.98e-06,1.0,0.0,329413.0,0.327,80s,High,1981.0,5.490216666666667
0.427,119.18,0.753,rock,-11.112,0.058,0.295,Midnight Oil,4.0,0.0387,69,Diesel And Dust,80s Rock Anthems,Beds Are Burning - Remastered,1987-10-02,0.00065,1.0,0.0,255680.0,0.00787,80s,High,1987.0,4.261333333333333
0.506,140.309,0.799,rock,-9.414,0.0365,0.518,The Police,4.0,0.0606,69,Zenyatta Mondatta (Remastered 2003),80s Rock Anthems,Don't Stand So Close To Me,1980-10-03,0.00107,1.0,2.0,242667.0,0.0453,80s,High,1980.0,4.04445
0.846,107.01,0.659,rock,-5.508,0.203,0.659,Def Leppard,4.0,0.0274,69,Hysteria,80s Rock Anthems,Hysteria,1987-08-03,0.0144,1.0,7.0,354636.0,0.0318,80s,High,1987.0,5.9106
0.833,142.663,0.553,rock,-6.667,0.0737,0.773,Blondie,4.0,0.0347,69,Call Me,80s Rock Anthems,Call Me,2004-01-01,0.00246,0.0,2.0,212227.0,0.000646,80s,High,2004.0,3.5371166666666665
0.858,133.615,0.503,rock,-6.296,0.0803,0.419,Beastie Boys,5.0,0.0657,68,Licensed To Ill,80s Rock Anthems,Fight For Your Right,1986-11-15,0.00234,1.0,8.0,208653.0,0.00757,80s,High,1986.0,3.47755
0.632,140.176,0.531,rock,-5.557,0.364,0.294,Poison,4.0,0.0312,68,Open Up And Say...Ahh! (20th Anniversary Edition),80s Rock Anthems,Every Rose Has Its Thorn - 2003 Remaster,1988-03-21,1.14e-05,1.0,6.0,260173.0,0.16,80s,High,1988.0,4.336216666666667
0.691,119.96,0.823,hip-hop,-7.322,0.1,0.707,"GIMS, DYSTINCT",4.0,0.197,74,SPIDER,French Rap Classics,SPIDER,2024-05-10,1.73e-06,0.0,9.0,188818.0,0.0774,french,High,2024.0,3.1469666666666667
0.78,134.937,0.724,hip-hop,-5.407,0.139,0.72,"Central Cee, JRK 19",5.0,0.354,70,Bolide Noir,French Rap Classics,Bolide Noir,2024-08-22,0.0,0.0,1.0,170800.0,0.294,french,High,2024.0,2.8466666666666667
0.693,87.973,0.702,hip-hop,-4.941,0.0702,0.572,"Gazo, Tiakola",4.0,0.191,68,LA MELO EST GANGX,French Rap Classics,MAMI WATA,2023-12-01,0.0,0.0,5.0,233240.0,0.139,french,High,2023.0,3.8873333333333333
0.926,105.969,0.682,k-pop,-2.515,0.19,0.86,NAYEON,4.0,0.0607,73,Unknown,K-Pop Daebak,ABCD,2024-06-14,0.0,0.0,3.0,162840.0,0.0404,modern,High,2024.0,2.714
0.628,140.053,0.668,k-pop,-4.692,0.0293,0.568,LISA,4.0,0.046,83,Rockstar,K-Pop Daebak,Rockstar,2024-06-27,0.0,1.0,8.0,138213.0,0.129,modern,High,2024.0,2.30355
0.747,120.073,0.745,k-pop,-4.278,0.0738,0.363,aespa,4.0,0.0815,72,Armageddon - The 1st Album,K-Pop Daebak,Supernova,2024-05-27,1.69e-06,0.0,11.0,178880.0,0.0073,modern,High,2024.0,2.981333333333333
0.786,91.992,0.695,k-pop,-2.048,0.109,0.465,aespa,4.0,0.0666,74,Armageddon - The 1st Album,K-Pop Daebak,Armageddon,2024-05-27,1.41e-06,1.0,9.0,196467.0,0.0668,modern,High,2024.0,3.27445
0.597,170.022,0.77,k-pop,-4.901,0.239,0.875,"Lee Young Ji, D.O.",4.0,0.223,72,16 Fantasy,K-Pop Daebak,Small girl (feat. D.O.),2024-06-21,0.0,1.0,1.0,189707.0,0.53,modern,High,2024.0,3.161783333333333
0.782,108.038,0.875,k-pop,-3.905,0.113,0.906,"ZICO, JENNIE",4.0,0.078,78,SPOT!,K-Pop Daebak,SPOT!,2024-04-26,0.0,0.0,5.0,167707.0,0.151,modern,High,2024.0,2.7951166666666665
0.895,124.994,0.803,k-pop,-2.888,0.154,0.757,NewJeans,4.0,0.0623,78,How Sweet,K-Pop Daebak,How Sweet,2024-05-24,5.67e-06,1.0,1.0,219027.0,0.0816,modern,High,2024.0,3.65045
0.728,140.041,0.774,k-pop,-5.079,0.0473,0.461,BABYMONSTER,4.0,0.169,78,BABYMONS7ER,K-Pop Daebak,SHEESH,2024-04-01,0.0,1.0,2.0,170357.0,0.113,modern,High,2024.0,2.8392833333333334
0.5,101.959,0.871,k-pop,-8.675,0.0672,0.76,BABYMONSTER,4.0,0.103,75,BABYMONS7ER,K-Pop Daebak,LIKE THAT,2024-04-01,3.49e-06,0.0,11.0,168359.0,0.32,modern,High,2024.0,2.8059833333333333
0.774,109.945,0.801,k-pop,-3.604,0.0968,0.383,NCT DREAM,4.0,0.157,69,DREAM( )SCAPE,K-Pop Daebak,Smoothie,2024-03-25,0.0,1.0,1.0,188080.0,0.00871,modern,High,2024.0,3.1346666666666665
0.872,131.016,0.644,k-pop,-1.54,0.363,0.378,aespa,4.0,0.0417,78,Drama - The 4th Mini Album,K-Pop Daebak,Drama,2023-11-10,0.0,0.0,6.0,214973.0,0.164,modern,High,2023.0,3.582883333333333
0.592,157.969,0.521,pop,-7.777,0.122,0.535,"Lady Gaga, Bruno Mars",3.0,0.0304,100,Die With A Smile,Global Top 50,Die With A Smile,2024-08-16,0.0,0.0,6.0,251668.0,0.308,global,High,2024.0,4.194466666666667
0.783,149.027,0.777,pop,-4.477,0.355,0.939,"ROSÉ, Bruno Mars",4.0,0.26,98,APT.,Global Top 50,APT.,2024-10-18,0.0,0.0,0.0,169917.0,0.0283,global,High,2024.0,2.83195
0.507,104.978,0.747,pop,-10.171,0.117,0.438,Billie Eilish,4.0,0.0358,97,HIT ME HARD AND SOFT,Global Top 50,BIRDS OF A FEATHER,2024-05-17,0.0608,1.0,2.0,210373.0,0.2,global,High,2024.0,3.5062166666666665
0.808,108.548,0.554,pop,-4.169,0.159,0.372,Gracie Abrams,4.0,0.0368,93,The Secret of Us (Deluxe),Global Top 50,That’s So True,2024-10-18,0.0,1.0,1.0,166300.0,0.214,global,High,2024.0,2.7716666666666665
0.756,116.034,0.66,pop,-3.743,0.193,0.838,Jimin,4.0,0.032,92,MUSE,Global Top 50,Who,2024-07-19,0.0,0.0,0.0,170888.0,0.00289,global,High,2024.0,2.848133333333333
0.711,146.921,0.487,pop,-4.22,0.152,0.317,Jin,4.0,0.0322,71,Happy - :') (Remixes),Global Top 50,Running Wild,2024-11-19,0.0,1.0,8.0,151647.0,0.000175,global,High,2024.0,2.52745
0.413,94.938,0.494,pop,-10.432,0.193,0.273,Gigi Perez,4.0,0.0254,93,Sailor Song,Global Top 50,Sailor Song,2024-07-26,6.72e-05,1.0,11.0,211979.0,0.682,global,High,2024.0,3.532983333333333
0.907,112.964,0.674,pop,-4.086,0.297,0.721,Sabrina Carpenter,4.0,0.064,93,Short n' Sweet,Global Top 50,Taste,2024-08-23,0.0,1.0,3.0,157280.0,0.101,global,High,2024.0,2.6213333333333333
0.651,112.648,0.694,pop,-6.968,0.0787,0.471,"Oscar Maydon, Fuerza Regida",3.0,0.0784,93,Tu Boda,Global Top 50,Tu Boda,2024-09-26,1.36e-05,1.0,6.0,225881.0,0.496,global,High,2024.0,3.764683333333333
0.247,148.101,0.467,pop,-12.002,0.17,0.126,Billie Eilish,4.0,0.0431,93,HIT ME HARD AND SOFT,Global Top 50,WILDFLOWER,2024-05-17,0.000271,0.0,6.0,261467.0,0.612,global,High,2024.0,4.357783333333333
0.776,103.963,0.699,pop,-5.282,0.205,0.708,Sabrina Carpenter,4.0,0.0293,88,Short n' Sweet,Global Top 50,Espresso,2024-08-23,5.36e-06,1.0,0.0,175459.0,0.131,global,High,2024.0,2.9243166666666665
0.722,119.973,0.769,pop,-5.485,0.111,0.57,"The Weeknd, Playboi Carti",4.0,0.0507,92,Timeless,Global Top 50,Timeless (with Playboi Carti),2024-09-27,2.56e-06,0.0,11.0,256000.0,0.0584,global,High,2024.0,4.266666666666667
0.582,116.712,0.7,pop,-5.96,0.0881,0.785,Chappell Roan,4.0,0.0356,94,"Good Luck, Babe!",Global Top 50,"Good Luck, Babe!",2024-04-05,0.0,0.0,11.0,218424.0,0.0502,global,High,2024.0,3.6404
0.563,105.008,0.833,pop,-5.593,0.139,0.343,"Rauw Alejandro, Bad Bunny",4.0,0.204,82,Cosa Nuestra,Global Top 50,Qué Pasaría...,2024-11-15,1.27e-05,0.0,4.0,182857.0,0.528,global,High,2024.0,3.047616666666667
0.627,150.273,0.336,pop,-7.463,0.0708,0.35,Mariah Carey,4.0,0.0384,87,Merry Christmas,Global Top 50,All I Want for Christmas Is You,1994-10-28,0.0,1.0,7.0,241107.0,0.164,global,High,1994.0,4.01845
0.598,107.732,0.733,pop,-8.228,0.156,0.935,Wham!,4.0,0.0278,72,The Singles: Echoes from the Edge of Heaven,Global Top 50,Last Christmas - Single Version,2023-07-07,3.71e-06,1.0,2.0,265960.0,0.212,global,High,2023.0,4.432666666666667
0.471,105.029,0.472,pop,-5.692,0.14,0.219,Benson Boone,3.0,0.0603,89,Fireworks & Rollerblades,Global Top 50,Beautiful Things,2024-04-05,0.0,1.0,10.0,180304.0,0.151,global,High,2024.0,3.0050666666666666
0.668,128.027,0.924,pop,-6.795,0.0678,0.787,KAROL G,4.0,0.0469,93,Si Antes Te Hubiera Conocido,Global Top 50,Si Antes Te Hubiera Conocido,2024-06-21,0.000594,1.0,11.0,195824.0,0.446,global,High,2024.0,3.263733333333333
0.872,184.115,0.466,pop,-3.344,0.121,0.806,Linkin Park,4.0,0.0336,79,From Zero,Global Top 50,The Emptiness Machine,2024-11-15,0.0,1.0,7.0,190428.0,0.0156,global,High,2024.0,3.1738
0.586,107.015,0.675,pop,-6.086,0.104,0.621,Sabrina Carpenter,4.0,0.0531,87,Short n' Sweet,Global Top 50,Please Please Please,2024-08-23,0.0,1.0,9.0,186365.0,0.257,global,High,2024.0,3.1060833333333333
0.406,115.94,0.53,pop,-7.507,0.133,0.338,Gracie Abrams,3.0,0.033,90,The Secret of Us,Global Top 50,"I Love You, I'm Sorry",2024-06-21,0.0,1.0,10.0,157147.0,0.656,global,High,2024.0,2.6191166666666668
0.369,174.097,0.448,pop,-9.514,0.638,0.0998,Lord Huron,3.0,0.0452,88,Strange Trails,Global Top 50,The Night We Met,2015-04-06,0.272,1.0,9.0,208212.0,0.968,global,High,2015.0,3.4702
0.627,155.865,0.687,pop,-4.975,0.0893,0.47,"Rauw Alejandro, Romeo Santos",4.0,0.181,78,Cosa Nuestra,Global Top 50,Khé?,2024-11-15,0.0,1.0,7.0,206066.0,0.326,global,High,2024.0,3.4344333333333332
0.807,124.053,0.612,pop,-2.81,0.101,0.398,The Neighbourhood,4.0,0.0336,90,I Love You.,Global Top 50,Sweater Weather,2013-04-22,0.0177,1.0,10.0,240400.0,0.0495,global,High,2013.0,4.006666666666667
0.417,67.528,0.464,pop,-9.345,0.0974,0.479,Arctic Monkeys,4.0,0.0256,90,AM,Global Top 50,I Wanna Be Yours,2013-09-09,0.022,0.0,0.0,183956.0,0.136,global,High,2013.0,3.065933333333333
0.604,159.92,0.561,pop,-4.409,0.104,0.242,Teddy Swims,3.0,0.0337,89,I've Tried Everything But Therapy (Part 1),Global Top 50,Lose Control,2023-09-15,1.9e-05,1.0,9.0,210689.0,0.199,global,High,2023.0,3.5114833333333335
0.559,78.558,0.558,pop,-9.222,0.109,0.62,"Tyler, The Creator, Kali Uchis",4.0,0.0959,90,Flower Boy,Global Top 50,See You Again (feat. Kali Uchis),2017-07-21,7.49e-06,1.0,6.0,180387.0,0.371,global,High,2017.0,3.00645
0.661,173.372,0.429,pop,-7.227,0.234,0.285,Coldplay,4.0,0.0281,89,Parachutes,Global Top 50,Yellow,2000-07-10,0.000121,1.0,11.0,266773.0,0.00239,global,High,2000.0,4.4462166666666665
0.812,80.09,0.505,pop,-3.986,0.444,0.664,"Tyler, The Creator, GloRilla, Sexyy Red, Lil Wayne",4.0,0.461,88,CHROMAKOPIA,Global Top 50,"Sticky (feat. GloRilla, Sexyy Red & Lil Wayne)",2024-10-28,0.0,1.0,1.0,255916.0,0.285,global,High,2024.0,4.265266666666666
0.56,134.066,0.853,pop,-4.961,0.0944,0.86,Bruno Mars,4.0,0.0406,88,24K Magic,Global Top 50,That's What I Like,2016-11-17,0.0,1.0,1.0,206693.0,0.013,global,High,2016.0,3.4448833333333333
0.698,143.994,0.726,pop,-4.165,0.309,0.867,Bruno Mars,4.0,0.0431,89,Unorthodox Jukebox,Global Top 50,Locked out of Heaven,2012-12-07,0.0,1.0,5.0,233478.0,0.049,global,High,2012.0,3.8913
0.727,94.99,0.739,pop,-5.968,0.104,0.676,Sabrina Carpenter,4.0,0.0426,90,Short n' Sweet,Global Top 50,Bed Chem,2024-08-23,0.0,0.0,11.0,171870.0,0.0678,global,High,2024.0,2.8645
0.555,96.063,0.392,pop,-6.707,0.13,0.191,"Tyler, The Creator, Lola Young",3.0,0.039,87,CHROMAKOPIA,Global Top 50,Like Him (feat. Lola Young),2024-10-28,0.000253,0.0,4.0,278015.0,0.287,global,High,2024.0,4.633583333333333
0.52,120.001,0.672,pop,-7.747,0.115,0.37,One Direction,4.0,0.0353,89,FOUR (Deluxe),Global Top 50,Night Changes,2014-11-17,0.0,1.0,8.0,226600.0,0.859,global,High,2014.0,3.776666666666667
0.47,67.086,0.598,pop,-8.744,0.505,0.879,Brenda Lee,4.0,0.0496,83,Merry Christmas From Brenda Lee,Global Top 50,Rockin' Around The Christmas Tree,1964-10-19,0.0,1.0,8.0,126267.0,0.617,global,High,1964.0,2.10445
0.64,84.828,0.264,pop,-6.221,0.151,0.19,"The Weeknd, JENNIE, Lily-Rose Depp",4.0,0.0442,89,The Idol Episode 4 (Music from the HBO Original Series),Global Top 50,"One Of The Girls (with JENNIE, Lily Rose Depp)",2023-06-23,2.31e-06,1.0,8.0,244685.0,0.0393,global,High,2023.0,4.078083333333334
0.841,109.021,0.635,pop,-5.379,0.0622,0.424,Bruno Mars,4.0,0.0422,85,Doo-Wops & Hooligans,Global Top 50,Just the Way You Are,2010-05-11,0.0,1.0,5.0,220734.0,0.0134,global,High,2010.0,3.6789
0.706,80.969,0.722,pop,-4.857,0.067,0.599,Shaboozey,4.0,0.0292,84,"Where I've Been, Isn't Where I'm Going",Global Top 50,A Bar Song (Tipsy),2024-05-31,0.0,1.0,9.0,171292.0,0.072,global,High,2024.0,2.8548666666666667
0.757,142.579,0.482,pop,-4.586,0.143,0.12,The Kid LAROI,4.0,0.0355,88,THE FIRST TIME,Global Top 50,NIGHTS LIKE THIS,2023-11-10,0.0016,1.0,6.0,86984.0,0.0137,global,High,2023.0,1.4497333333333333
0.643,117.025,0.74,pop,-5.446,0.0407,0.96,Hozier,4.0,0.0413,84,Unreal Unearth: Unaired,Global Top 50,Too Sweet,2024-08-19,0.00229,1.0,10.0,251424.0,0.041,global,High,2024.0,4.1904
0.725,130.504,0.633,pop,-4.257,0.205,0.64,Sabrina Carpenter,4.0,0.0427,87,Short n' Sweet,Global Top 50,Juno,2024-08-23,0.0,1.0,5.0,223192.0,0.0461,global,High,2024.0,3.719866666666667
0.731,101.654,0.483,pop,-6.696,0.151,0.484,Vance Joy,4.0,0.0381,85,Dream Your Life Away (Deluxe Edition),Global Top 50,Riptide,2014-08-05,0.0,1.0,1.0,204280.0,0.436,global,High,2014.0,3.4046666666666665
0.928,127.939,0.571,pop,-3.725,0.297,0.488,Linkin Park,4.0,0.0453,78,From Zero,Global Top 50,Heavy Is the Crown,2024-11-15,0.0,0.0,4.0,167012.0,0.00932,global,High,2024.0,2.783533333333333
0.513,109.935,0.745,pop,-9.116,0.216,0.929,"Tito Double P, Peso Pluma",3.0,0.087,88,INCÓMODO,Global Top 50,DOS DÍAS,2024-08-22,0.0,1.0,1.0,154620.0,0.783,global,High,2024.0,2.577
0.689,120.208,0.724,pop,-7.174,0.0922,0.936,Tito Double P,3.0,0.0524,89,INCÓMODO,Global Top 50,EL LOKERON,2024-08-22,6.77e-06,0.0,7.0,146141.0,0.573,global,High,2024.0,2.4356833333333334
0.621,191.868,0.525,pop,-7.364,0.291,0.592,Ariana Grande,4.0,0.117,82,Santa Tell Me,Global Top 50,Santa Tell Me,2014-11-24,0.0,1.0,7.0,204093.0,0.0489,global,High,2014.0,3.40155
0.424,119.705,0.754,pop,-8.463,0.0652,0.806,Bobby Helms,4.0,0.0363,80,Jingle Bell Rock/Captain Santa Claus (And His Reindeer Space Patrol),Global Top 50,Jingle Bell Rock,1957-12-02,0.0,1.0,2.0,130973.0,0.643,global,High,1957.0,2.1828833333333333
0.646,115.842,0.645,pop,-8.334,0.074,0.295,Ariana Grande,4.0,0.0427,86,eternal sunshine,Global Top 50,we can't be friends (wait for your love),2024-03-08,3.04e-05,1.0,5.0,228639.0,0.0615,global,High,2024.0,3.81065
0.789,91.911,0.757,latin,-3.46,0.0717,0.464,"Mora, Feid",4.0,0.0583,78,MICRODOSIS,Chill Spanish Vibes,LA INOCENTE,2022-04-01,0.0,0.0,5.0,202174.0,0.307,chill,High,2022.0,3.3695666666666666
0.778,96.057,0.911,latin,-2.248,0.179,0.345,"Bad Bunny, Feid",4.0,0.262,84,nadie sabe lo que va a pasar mañana,Chill Spanish Vibes,PERRO NEGRO,2023-10-13,2.16e-05,1.0,5.0,162768.0,0.0887,chill,High,2023.0,2.7128
0.786,111.989,0.781,latin,-5.211,0.107,0.759,"Feid, Rema",4.0,0.0885,68,BUBALU,Chill Spanish Vibes,BUBALU,2023-09-22,5.88e-06,0.0,6.0,228253.0,0.115,chill,High,2023.0,3.8042166666666666
0.411,169.934,0.584,latin,-7.147,0.0955,0.412,Bad Bunny,4.0,0.0838,71,EL ÚLTIMO TOUR DEL MUNDO,Chill Spanish Vibes,HACIENDO QUE ME AMAS,2020-11-27,4.47e-05,0.0,10.0,217769.0,0.869,chill,High,2020.0,3.6294833333333334
0.804,110.982,0.82,latin,-7.226,0.064,0.844,Piso 21,4.0,0.0528,68,El Amor En Los Tiempos Del Perreo,Chill Spanish Vibes,Tan Bonita,2021-03-18,0.00215,1.0,9.0,211998.0,0.175,chill,High,2021.0,3.5333
0.522,110.427,0.75,latin,-7.018,0.0743,0.601,"Marc Seguí, Rauw Alejandro, Pol Granch",4.0,0.0293,78,Tiroteo (Remix),Chill Spanish Vibes,Tiroteo - Remix,2021-04-01,0.0,1.0,9.0,321556.0,0.282,chill,High,2021.0,5.359266666666667
0.888,130.97,0.617,latin,-4.567,0.162,0.771,Morat,4.0,0.0402,72,Sobre El Amor Y Sus Efectos Secundarios,Chill Spanish Vibes,Cómo Te Atreves,2016-06-17,0.0,1.0,4.0,240560.0,0.0705,chill,High,2016.0,4.009333333333333
0.856,123.031,0.748,latin,-3.517,0.142,0.927,Sebastian Yatra,4.0,0.0348,68,Tacones Rojos,Chill Spanish Vibes,Tacones Rojos,2021-10-22,0.0,0.0,11.0,189320.0,0.0824,chill,High,2021.0,3.1553333333333335
0.673,92.06,0.453,latin,-5.649,0.131,0.266,Danny Ocean,4.0,0.144,76,@dannocean,Chill Spanish Vibes,Fuera del mercado,2022-02-17,0.0,1.0,8.0,159849.0,0.32,chill,High,2022.0,2.66415
0.686,79.928,0.647,latin,-5.745,0.528,0.268,"Bad Bunny, Bomba Estéreo",4.0,0.0413,80,Un Verano Sin Ti,Chill Spanish Vibes,Ojitos Lindos,2022-05-06,1.34e-06,0.0,3.0,258299.0,0.08,chill,High,2022.0,4.304983333333333
0.595,108.02,0.777,latin,-6.79,0.0669,0.546,"Bad Bunny, The Marías",4.0,0.0375,75,Un Verano Sin Ti,Chill Spanish Vibes,Otro Atardecer,2022-05-06,0.00139,1.0,2.0,244444.0,0.59,chill,High,2022.0,4.074066666666667
0.588,142.004,0.872,latin,-6.276,0.17,0.93,Bad Bunny,4.0,0.0492,70,Un Verano Sin Ti,Chill Spanish Vibes,Yo No Soy Celoso,2022-05-06,0.0,1.0,0.0,230704.0,0.275,chill,High,2022.0,3.845066666666667
0.498,122.016,0.876,latin,-7.511,0.143,0.428,Bad Bunny,4.0,0.0478,75,Un Verano Sin Ti,Chill Spanish Vibes,Neverita,2022-05-06,0.0,1.0,10.0,173119.0,0.0706,chill,High,2022.0,2.8853166666666668
0.69,151.991,0.839,latin,-4.464,0.176,0.744,Bad Bunny,4.0,0.0615,76,Un Verano Sin Ti,Chill Spanish Vibes,Un Coco,2022-05-06,8.33e-06,1.0,11.0,196413.0,0.207,chill,High,2022.0,3.27355
0.616,103.071,0.797,latin,-10.229,0.0979,0.451,"Bad Bunny, Buscabulla",4.0,0.375,74,Un Verano Sin Ti,Chill Spanish Vibes,Andrea,2022-05-06,0.000293,0.0,1.0,339612.0,0.762,chill,High,2022.0,5.6602
0.516,111.005,0.87,latin,-8.006,0.11,0.53,KAROL G,4.0,0.0541,71,PROVENZA,Chill Spanish Vibes,PROVENZA,2022-04-22,0.00823,1.0,1.0,210200.0,0.656,chill,High,2022.0,3.5033333333333334
0.543,139.929,0.84,latin,-4.941,0.128,0.74,"Ovy On The Drums, Beéle",4.0,0.0568,70,Inolvidable,Chill Spanish Vibes,Inolvidable,2020-01-15,0.0,1.0,0.0,225812.0,0.678,chill,High,2020.0,3.763533333333333
0.623,130.037,0.919,latin,-6.521,0.0609,0.775,ROSALÍA,4.0,0.0992,71,DESPECHÁ,Chill Spanish Vibes,DESPECHÁ,2022-07-28,1.63e-05,1.0,7.0,157018.0,0.184,chill,High,2022.0,2.616966666666667
0.782,128.033,0.621,latin,-5.548,0.23,0.55,"Bizarrap, Quevedo",4.0,0.044,80,"Quevedo: Bzrp Music Sessions, Vol. 52",Chill Spanish Vibes,"Quevedo: Bzrp Music Sessions, Vol. 52",2022-07-06,0.033,1.0,2.0,198938.0,0.0125,chill,High,2022.0,3.3156333333333334
0.524,83.97,0.653,latin,-9.016,0.203,0.553,Kali Uchis,4.0,0.0502,81,Sin Miedo (del Amor y Otros Demonios) ∞,Chill Spanish Vibes,telepatía,2020-12-04,0.0,0.0,11.0,160191.0,0.112,chill,High,2020.0,2.66985
0.586,189.978,0.326,latin,-7.966,0.0787,0.295,HUMBE,4.0,0.0605,71,AURORA,Chill Spanish Vibes,AMOR DE CINE,2021-11-11,0.0,1.0,6.0,262309.0,0.531,chill,High,2021.0,4.371816666666667
0.662,93.976,0.892,latin,-3.894,0.363,0.607,"Ñengo Flow, Bad Bunny",4.0,0.162,68,Gato de Noche,Chill Spanish Vibes,Gato de Noche,2022-12-22,1.24e-06,1.0,8.0,227013.0,0.169,chill,High,2022.0,3.78355
0.724,83.118,0.569,latin,-4.076,0.27,0.562,"Grupo Frontera, Bad Bunny",4.0,0.0474,75,un x100to,Chill Spanish Vibes,un x100to,2023-04-17,0.0,0.0,6.0,194563.0,0.228,chill,High,2023.0,3.2427166666666665
0.421,98.224,0.537,latin,-8.72,0.138,0.524,iñigo quintero,4.0,0.0285,80,Si No Estás,Chill Spanish Vibes,Si No Estás,2022-09-23,0.0,1.0,5.0,184061.0,0.827,chill,High,2022.0,3.0676833333333335
0.665,100.09,0.858,latin,-4.772,0.119,0.659,"Feid, Young Miko",4.0,0.152,79,FERXXOCALIPSIS,Chill Spanish Vibes,CLASSY 101,2023-12-01,0.0,1.0,11.0,195587.0,0.126,chill,High,2023.0,3.2597833333333335
0.534,93.924,0.832,arabic,-7.813,0.165,0.116,Polo G,4.0,0.253,78,THE GOAT,Arab X,Martin & Gina,2020-05-15,0.0,0.0,1.0,132833.0,0.345,modern,High,2020.0,2.2138833333333334
0.542,135.14,0.926,arabic,-5.064,0.0877,0.564,"Lil Baby, 42 Dugg",4.0,0.293,70,My Turn (Deluxe),Arab X,We Paid (feat. 42 Dugg),2020-05-01,0.0,1.0,1.0,181929.0,0.135,modern,High,2020.0,3.03215
0.73,155.008,0.834,arabic,-3.714,0.124,0.446,Travis Scott,4.0,0.222,81,ASTROWORLD,Arab X,SICKO MODE,2018-08-03,0.0,1.0,8.0,312820.0,0.00513,modern,High,2018.0,5.213666666666667
0.564,77.972,0.856,arabic,-6.295,0.134,0.483,Lil Baby,4.0,0.392,70,On Me,Arab X,On Me,2020-12-04,0.0,0.0,6.0,135960.0,0.00327,modern,High,2020.0,2.266
0.576,166.162,0.77,arabic,-11.845,0.08,0.364,Polo G,4.0,0.339,68,Die A Legend,Arab X,Chosen 1,2019-06-07,0.0,0.0,8.0,127200.0,0.138,modern,High,2019.0,2.12
0.716,91.007,0.701,arabic,-3.671,0.324,0.732,"24kGoldn, iann dior",4.0,0.0361,80,El Dorado,Arab X,Mood (feat. iann dior),2021-03-26,0.0,0.0,7.0,140533.0,0.174,modern,High,2021.0,2.342216666666667
0.658,140.042,0.8,arabic,-6.142,0.111,0.462,"Internet Money, Gunna, Don Toliver, NAV",4.0,0.079,77,B4 The Storm,Arab X,Lemonade (feat. NAV),2020-08-28,0.0,0.0,1.0,195429.0,0.25,modern,High,2020.0,3.25715
0.882,148.038,0.569,arabic,-2.777,0.142,0.201,"Travis Scott, Playboi Carti",4.0,0.06,88,UTOPIA,Arab X,FE!N (feat. Playboi Carti),2023-07-28,0.0,0.0,3.0,191701.0,0.0316,modern,High,2023.0,3.1950166666666666
0.662,112.509,0.897,arabic,-6.903,0.534,0.39,"Lil Baby, Gunna",4.0,0.292,79,Drip Harder,Arab X,Drip Too Hard (Lil Baby & Gunna),2018-10-05,0.0,0.0,1.0,145543.0,0.0852,modern,High,2018.0,2.4257166666666667
0.346,119.957,0.963,arabic,-9.309,0.108,0.562,"Lil Baby, Drake",4.0,0.53,75,Harder Than Ever,Arab X,Yes Indeed,2018-05-18,0.0,0.0,5.0,142273.0,0.0355,modern,High,2018.0,2.3712166666666668
0.524,140.053,0.747,arabic,-6.807,0.2,0.363,"Kodak Black, XXXTENTACION",4.0,0.245,71,Project Baby 2: All Grown Up,Arab X,Roll in Peace (feat. XXXTENTACION),2017-08-18,0.0,0.0,10.0,213132.0,0.0306,modern,High,2017.0,3.5522
0.444,140.063,0.906,arabic,-8.692,0.173,0.678,"21 Savage, Metro Boomin",4.0,0.384,68,Savage Mode,Arab X,No Heart,2016-07-15,6.44e-05,0.0,4.0,235040.0,0.136,modern,High,2016.0,3.917333333333333
0.639,168.112,0.772,arabic,-7.119,0.0698,0.261,"Polo G, Lil Tjay",4.0,0.467,74,Die A Legend,Arab X,Pop Out (feat. Lil Tjay),2019-06-07,0.0,1.0,1.0,166560.0,0.15,modern,High,2019.0,2.776
0.487,127.05,0.964,arabic,-6.071,0.115,0.108,Lil Baby,4.0,0.421,77,Street Gossip,Arab X,Pure Cocaine,2018-11-30,6.07e-06,0.0,10.0,154024.0,0.00127,modern,High,2018.0,2.567066666666667
0.347,75.016,0.884,arabic,-8.227,0.0871,0.376,21 Savage,4.0,0.35,72,Issa Album,Arab X,Bank Account,2017-07-06,7e-06,0.0,8.0,220307.0,0.015,modern,High,2017.0,3.6717833333333334
0.619,127.956,0.962,arabic,-5.562,0.083,0.154,Lil Baby,4.0,0.405,72,My Turn (Deluxe),Arab X,Low Down,2020-05-01,0.0,0.0,10.0,144652.0,0.0354,modern,High,2020.0,2.4108666666666667
0.395,76.984,0.793,arabic,-5.578,0.109,0.128,"Lil Baby, Gunna",4.0,0.385,69,Street Gossip,Arab X,Ready (feat. Gunna),2018-11-30,1.4e-05,1.0,1.0,213287.0,0.277,modern,High,2018.0,3.5547833333333334
0.353,87.997,0.797,arabic,-9.931,0.102,0.0731,"Metro Boomin, 21 Savage",4.0,0.369,73,NOT ALL HEROES WEAR CAPES (Deluxe),Arab X,10 Freaky Girls (with 21 Savage),2018-11-06,0.0,0.0,6.0,208293.0,0.59,modern,High,2018.0,3.47155
0.516,119.996,0.877,arabic,-5.426,0.143,0.255,Lil Baby,4.0,0.0706,77,Too Hard,Arab X,Freestyle,2017-12-01,0.0,0.0,2.0,162053.0,0.215,modern,High,2017.0,2.7008833333333335
0.744,84.005,0.867,arabic,-5.171,0.0713,0.645,"NLE Choppa, Roddy Ricch",4.0,0.227,71,Top Shotta,Arab X,Walk Em Down (feat. Roddy Ricch),2020-08-07,0.0,1.0,2.0,173288.0,0.268,modern,High,2020.0,2.888133333333333
0.515,120.1,0.567,arabic,-10.265,0.078,0.321,Lil Tjay,1.0,0.247,73,True 2 Myself,Arab X,F.N,2019-10-11,0.0,0.0,6.0,224000.0,0.354,modern,High,2019.0,3.7333333333333334
0.463,108.003,0.97,arabic,-7.259,0.151,0.46,"Quality Control, Lil Baby, DaBaby",4.0,0.366,72,Quality Control: Control The Streets Volume 2,Arab X,Baby (Lil Baby feat. DaBaby),2019-08-16,0.0,1.0,10.0,142417.0,0.0957,modern,High,2019.0,2.3736166666666665
0.662,143.943,0.767,arabic,-4.856,0.123,0.259,Gunna,4.0,0.0578,69,a Gift & a Curse,Arab X,back to the moon,2023-06-16,0.0,0.0,5.0,193333.0,0.103,modern,High,2023.0,3.2222166666666667
0.622,130.001,0.847,arabic,-6.747,0.285,0.22,Gunna,4.0,0.0903,82,a Gift & a Curse,Arab X,fukumean,2023-06-16,0.0,0.0,1.0,125040.0,0.119,modern,High,2023.0,2.084
0.701,134.039,0.71,arabic,-5.415,0.178,0.564,"Lil Durk, Morgan Wallen",4.0,0.0317,68,Almost Healed,Arab X,Stand By Me (feat. Morgan Wallen),2023-05-26,0.0,1.0,11.0,219174.0,0.0105,modern,High,2023.0,3.6529
0.727,150.062,0.477,arabic,-4.053,0.108,0.227,"DJ Khaled, Lil Baby, Lil Durk",4.0,0.286,70,KHALED KHALED,Arab X,EVERY CHANCE I GET (feat. Lil Baby & Lil Durk),2021-04-30,0.0,1.0,2.0,236524.0,0.000866,modern,High,2021.0,3.942066666666667
0.48,143.029,0.846,arabic,-8.618,0.0989,0.419,"Lil Durk, Lil Baby, Polo G",4.0,0.359,68,Just Cause Y'all Waited 2,Arab X,3 Headed Goat (feat. Lil Baby & Polo G),2020-05-08,0.0,0.0,8.0,169532.0,0.269,modern,High,2020.0,2.8255333333333335
0.651,163.935,0.665,arabic,-5.515,0.0896,0.237,Juice WRLD,4.0,0.156,77,Goodbye & Good Riddance,Arab X,Lean Wit Me,2018-12-10,0.0,1.0,1.0,175755.0,0.0414,modern,High,2018.0,2.92925
0.692,79.899,0.623,arabic,-5.122,0.153,0.566,Juice WRLD,4.0,0.0504,78,Death Race For Love (Bonus Track Version),Arab X,Robbery,2019-03-08,0.0,1.0,2.0,240051.0,0.328,modern,High,2019.0,4.00085
0.572,141.996,0.823,arabic,-6.067,0.113,0.568,"Trippie Redd, Juice WRLD",4.0,0.0865,69,A Love Letter To You 3,Arab X,1400 / 999 Freestyle (feat. Juice WRLD),2018-11-09,0.0,0.0,6.0,175954.0,0.0079,modern,High,2018.0,2.9325666666666668
0.613,149.972,0.65,arabic,-6.13,0.267,0.0804,Juice WRLD,4.0,0.128,76,Legends Never Die,Arab X,Wishing Well,2020-07-10,0.0,0.0,9.0,194621.0,0.00336,modern,High,2020.0,3.2436833333333333
0.529,161.989,0.671,arabic,-7.226,0.0856,0.203,Juice WRLD,4.0,0.307,83,Goodbye & Good Riddance,Arab X,All Girls Are The Same,2018-12-10,0.000335,1.0,0.0,165820.0,0.0769,modern,High,2018.0,2.7636666666666665
0.736,147.946,0.776,arabic,-4.612,0.159,0.233,Juice WRLD,4.0,0.247,71,Goodbye & Good Riddance,Arab X,Black & White,2018-12-10,0.0,1.0,7.0,186945.0,0.0802,modern,High,2018.0,3.11575
0.801,104.986,0.778,arabic,-7.326,0.0912,0.914,Asake,4.0,0.106,70,Work Of Art,Arab X,Lonely At The Top,2023-06-15,0.000155,0.0,6.0,157714.0,0.692,modern,High,2023.0,2.6285666666666665
0.819,110.14,0.726,arabic,-7.094,0.27,0.636,Young Jonn,4.0,0.106,70,Jiggy Forever,Arab X,Stronger,2024-04-12,9.65e-05,1.0,8.0,141818.0,0.477,modern,High,2024.0,2.3636333333333335
0.651,67.813,0.49,arabic,-6.259,0.108,0.567,"Ayo Maff, Fireboy DML",5.0,0.138,68,Dealer,Arab X,Dealer,2024-04-16,7.59e-06,1.0,11.0,180594.0,0.714,modern,High,2024.0,3.0099
0.653,150.097,0.547,arabic,-3.875,0.103,0.163,"Post Malone, Young Thug",4.0,0.081,74,Hollywood's Bleeding,Arab X,Goodbyes (feat. Young Thug),2019-09-06,0.0,1.0,5.0,174853.0,0.456,modern,High,2019.0,2.9142166666666665
0.552,144.941,0.64,arabic,-5.679,0.119,0.112,"Future, Metro Boomin, Travis Scott, Playboi Carti",4.0,0.129,84,WE DON'T TRUST YOU,Arab X,Type Shit,2024-03-22,0.0,1.0,2.0,228267.0,0.0215,modern,High,2024.0,3.80445
0.552,119.476,0.765,arabic,-7.524,0.193,0.492,"Metro Boomin, Travis Scott, Young Thug",4.0,0.309,82,HEROES & VILLAINS,Arab X,Trance (with Travis Scott & Young Thug),2022-12-02,0.0,0.0,1.0,194787.0,0.175,modern,High,2022.0,3.24645
0.764,140.113,0.882,arabic,-5.241,0.119,0.886,"Central Cee, Lil Baby",4.0,0.204,81,BAND4BAND (feat. Lil Baby),Arab X,BAND4BAND (feat. Lil Baby),2024-05-23,0.0,1.0,11.0,140733.0,0.359,modern,High,2024.0,2.34555
0.634,101.837,0.502,arabic,-3.367,0.188,0.645,"Asake, Wizkid",3.0,0.144,72,Lungu Boy,Arab X,MMS,2024-08-08,0.0341,0.0,8.0,219628.0,0.677,modern,High,2024.0,3.6604666666666668
0.64,112.984,0.869,arabic,-7.677,0.0747,0.535,"Asake, Travis Scott",4.0,0.0424,68,Lungu Boy,Arab X,Active,2024-08-08,0.00119,0.0,5.0,172598.0,0.011,modern,High,2024.0,2.8766333333333334
0.719,113.012,0.897,arabic,-7.164,0.0677,0.546,"Smur Lee, ODUMODUBLVCK, Shallipopi",4.0,0.157,71,JUJU (feat. Shallipopi),Arab X,JUJU (feat. Shallipopi),2024-08-22,0.000531,0.0,6.0,157756.0,0.116,modern,High,2024.0,2.6292666666666666
0.668,87.973,0.573,arabic,-4.356,0.109,0.145,"Metro Boomin, Future, Don Toliver",4.0,0.0467,82,HEROES & VILLAINS,Arab X,Too Many Nights (feat. Don Toliver & with Future),2022-12-02,4.01e-05,0.0,7.0,199920.0,0.189,modern,High,2022.0,3.332
0.52,95.865,0.578,arabic,-8.399,0.124,0.425,"FOLA, Bnxn",4.0,0.151,68,alone (Remix),Arab X,alone - Remix,2024-10-04,3.38e-06,0.0,11.0,154579.0,0.554,modern,High,2024.0,2.5763166666666666
0.841,147.989,0.754,arabic,-4.563,0.0903,0.838,Rema,4.0,0.0921,68,HEIS,Arab X,OZEBA,2024-07-10,0.0,1.0,2.0,137684.0,0.136,modern,High,2024.0,2.2947333333333333
0.683,145.379,0.501,arabic,-7.881,0.0685,0.623,"Bnxn, Rema",5.0,0.211,71,Fi Kan We Kan,Arab X,Fi Kan We Kan,2024-10-15,9.25e-05,0.0,6.0,161379.0,0.109,modern,High,2024.0,2.68965
0.648,93.2,0.737,arabic,-5.493,0.105,0.746,"Wizkid, Brent Faiyaz",4.0,0.138,77,Piece of My Heart (feat. Brent Faiyaz),Arab X,Piece of My Heart (feat. Brent Faiyaz),2024-10-18,6.92e-06,1.0,1.0,259354.0,0.252,modern,High,2024.0,4.322566666666667
0.541,139.978,0.716,arabic,-7.909,0.115,0.387,"Lil Baby, Gunna, Lil Uzi Vert",4.0,0.149,72,Harder Than Ever,Arab X,Life Goes On,2018-05-18,0.0,1.0,1.0,247055.0,0.0021,modern,High,2018.0,4.117583333333333
0.874,118.079,0.774,arabic,-5.641,0.413,0.927,Wizkid,4.0,0.0488,75,Kese (Dance),Arab X,Kese (Dance),2024-11-15,0.34,0.0,5.0,174053.0,0.142,modern,High,2024.0,2.9008833333333333
0.52,120.001,0.672,pop,-7.747,0.115,0.37,One Direction,4.0,0.0353,89,FOUR (Deluxe),Soft Pop Hits,Night Changes,2014-11-17,0.0,1.0,8.0,226600.0,0.859,soft,High,2014.0,3.776666666666667
0.366,141.981,0.604,pop,-7.519,0.133,0.13,Adele,4.0,0.0282,77,Easy On Me,Soft Pop Hits,Easy On Me,2021-10-14,0.0,1.0,5.0,224695.0,0.578,soft,High,2021.0,3.7449166666666667
0.422,119.964,0.53,pop,-6.262,0.107,0.349,Miley Cyrus,4.0,0.0342,78,Bangerz (Deluxe Version),Soft Pop Hits,Wrecking Ball,2013-10-04,0.0,1.0,5.0,221360.0,0.407,soft,High,2013.0,3.6893333333333334
0.264,119.93,0.422,pop,-7.064,0.132,0.331,John Legend,4.0,0.0322,83,Love In The Future (Expanded Edition),Soft Pop Hits,All of Me,2013-08-30,0.0,1.0,8.0,269560.0,0.922,soft,High,2013.0,4.492666666666667
0.547,95.0,0.778,pop,-7.273,0.132,0.442,"P!nk, Nate Ruess",4.0,0.0489,83,The Truth About Love,Soft Pop Hits,Just Give Me a Reason (feat. Nate Ruess),2012-09-18,0.000306,1.0,2.0,242733.0,0.344,soft,High,2012.0,4.04555
0.706,122.013,0.663,pop,-4.972,0.115,0.474,OneRepublic,4.0,0.0383,71,Native,Soft Pop Hits,Counting Stars,2014-01-01,0.0,0.0,1.0,257840.0,0.0654,soft,High,2014.0,4.2973333333333334
0.779,173.799,0.468,pop,-4.839,0.101,0.26,Sia,4.0,0.0779,77,This Is Acting (Deluxe Version),Soft Pop Hits,Unstoppable,2016-10-21,0.000373,1.0,9.0,217747.0,0.112,soft,High,2016.0,3.6291166666666665
0.661,173.372,0.429,pop,-7.227,0.234,0.285,Coldplay,4.0,0.0281,89,Parachutes,Soft Pop Hits,Yellow,2000-07-10,0.000121,1.0,11.0,266773.0,0.00239,soft,High,2000.0,4.4462166666666665
0.454,159.982,0.689,pop,-7.643,0.0707,0.912,Djo,4.0,0.0584,89,DECIDE,Soft Pop Hits,End of Beginning,2022-09-16,0.00259,1.0,2.0,159246.0,0.0351,soft,High,2022.0,2.6541
0.5,117.896,0.664,pop,-6.935,0.0966,0.801,Noah Kahan,4.0,0.0651,87,Stick Season,Soft Pop Hits,Stick Season,2022-10-14,0.0,1.0,9.0,182347.0,0.799,soft,High,2022.0,3.0391166666666667
0.28,72.795,0.612,pop,-8.648,0.088,0.387,Bruno Mars,4.0,0.0434,87,Unorthodox Jukebox,Soft Pop Hits,When I Was Your Man,2012-12-07,0.0,1.0,0.0,213827.0,0.932,soft,High,2012.0,3.5637833333333333
0.663,121.07,0.6,pop,-5.802,0.119,0.286,One Direction,4.0,0.0477,86,Midnight Memories (Deluxe),Soft Pop Hits,Story of My Life,2013-11-25,0.0,1.0,3.0,245493.0,0.225,soft,High,2013.0,4.09155
0.537,122.769,0.445,pop,-8.532,0.0944,0.131,Tom Odell,4.0,0.04,86,Long Way Down (Deluxe),Soft Pop Hits,Another Love,2013-06-24,1.65e-05,0.0,4.0,244360.0,0.695,soft,High,2013.0,4.072666666666667
0.635,103.019,0.617,pop,-6.769,0.164,0.446,"The Chainsmokers, Coldplay",4.0,0.0317,86,Memories...Do Not Open,Soft Pop Hits,Something Just Like This,2017-04-07,1.44e-05,0.0,11.0,247160.0,0.0498,soft,High,2017.0,4.1193333333333335
0.296,115.284,0.351,pop,-10.109,0.095,0.12,"Billie Eilish, Khalid",4.0,0.0333,86,lovely (with Khalid),Soft Pop Hits,lovely (with Khalid),2018-04-19,0.0,0.0,4.0,200186.0,0.934,soft,High,2018.0,3.3364333333333334
0.697,138.992,0.74,pop,-4.912,0.224,0.732,Sabrina Carpenter,4.0,0.034,86,emails i can't send,Soft Pop Hits,Nonsense,2022-07-15,0.0,1.0,8.0,163648.0,0.0268,soft,High,2022.0,2.7274666666666665
0.652,95.977,0.825,pop,-3.183,0.0931,0.931,Ed Sheeran,4.0,0.0802,86,÷ (Deluxe),Soft Pop Hits,Shape of You,2017-03-03,0.0,0.0,1.0,233713.0,0.581,soft,High,2017.0,3.8952166666666668
0.192,175.212,0.369,pop,-12.151,0.0954,0.148,Zach Bryan,3.0,0.04,85,Something in the Orange,Soft Pop Hits,Something in the Orange,2022-04-22,8.35e-06,0.0,4.0,228013.0,0.555,soft,High,2022.0,3.8002166666666666
0.841,109.021,0.635,pop,-5.379,0.0622,0.424,Bruno Mars,4.0,0.0422,85,Doo-Wops & Hooligans,Soft Pop Hits,Just the Way You Are,2010-05-11,0.0,1.0,5.0,220734.0,0.0134,soft,High,2010.0,3.6789
0.557,85.043,0.358,pop,-7.398,0.0902,0.494,James Arthur,4.0,0.059,85,Back from the Edge,Soft Pop Hits,Say You Won't Let Go,2016-10-28,0.0,1.0,10.0,211467.0,0.695,soft,High,2016.0,3.52445
0.607,81.001,0.684,pop,-8.127,0.191,0.498,Miguel,4.0,0.1,85,All I Want Is You,Soft Pop Hits,Sure Thing,2010-11-26,0.000307,0.0,11.0,195373.0,0.0267,soft,High,2010.0,3.2562166666666665
0.448,95.05,0.599,pop,-6.312,0.106,0.168,Ed Sheeran,3.0,0.0232,86,÷ (Deluxe),Soft Pop Hits,Perfect,2017-03-03,0.0,1.0,8.0,263400.0,0.163,soft,High,2017.0,4.39
0.442,146.277,0.557,pop,-7.224,0.11,0.213,Coldplay,4.0,0.0243,84,A Rush of Blood to the Head,Soft Pop Hits,The Scientist,2002-08-27,1.46e-05,1.0,5.0,309600.0,0.731,soft,High,2002.0,5.16
0.552,75.881,0.346,pop,-6.864,0.114,0.0789,Adele,4.0,0.0282,84,Skyfall,Soft Pop Hits,Skyfall,2012-10-04,0.0,0.0,0.0,286480.0,0.417,soft,High,2012.0,4.774666666666667
0.822,167.997,0.604,pop,-4.833,0.147,0.288,Imagine Dragons,4.0,0.0438,84,Evolve,Soft Pop Hits,Thunder,2017-06-23,0.134,1.0,0.0,187147.0,0.00672,soft,High,2017.0,3.1191166666666668
0.543,68.534,0.359,pop,-7.582,0.118,0.453,Taylor Swift,4.0,0.0919,84,Lover,Soft Pop Hits,Lover,2019-08-23,1.58e-05,1.0,7.0,221307.0,0.492,soft,High,2019.0,3.68845
0.763,120.042,0.695,pop,-3.497,0.0863,0.551,Post Malone,4.0,0.0396,83,Hollywood's Bleeding,Soft Pop Hits,Circles,2019-09-06,0.00242,1.0,0.0,215280.0,0.189,soft,High,2019.0,3.588
0.425,102.078,0.357,pop,-7.301,0.322,0.27,Conan Gray,3.0,0.0333,83,Kid Krow,Soft Pop Hits,Heather,2020-03-20,0.0,1.0,5.0,198040.0,0.584,soft,High,2020.0,3.300666666666667
0.741,153.96,0.601,pop,-5.569,0.415,0.441,Justin Bieber,4.0,0.0478,83,Justice,Soft Pop Hits,Ghost,2021-03-19,2.91e-05,1.0,2.0,153190.0,0.185,soft,High,2021.0,2.553166666666667
0.713,120.032,0.742,pop,-5.522,0.059,0.879,Maroon 5,4.0,0.0303,83,V,Soft Pop Hits,Maps,2014-09-02,0.0,0.0,1.0,189960.0,0.0205,soft,High,2014.0,3.166
0.379,107.989,0.614,pop,-10.48,0.0986,0.201,Ed Sheeran,4.0,0.0476,84,x (Deluxe Edition),Soft Pop Hits,Photograph,2014-06-21,0.000464,1.0,4.0,258987.0,0.607,soft,High,2014.0,4.31645
0.754,149.789,0.752,pop,-6.684,0.0486,0.755,Shawn Mendes,4.0,0.0615,82,Handwritten,Soft Pop Hits,Stitches,2015-04-14,0.0,1.0,1.0,206880.0,0.0151,soft,High,2015.0,3.448
0.417,138.178,0.209,pop,-8.74,0.113,0.124,Coldplay,4.0,0.0338,82,X&Y,Soft Pop Hits,Fix You,2005-06-07,0.00196,1.0,3.0,295533.0,0.164,soft,High,2005.0,4.92555
0.603,97.994,0.712,pop,-5.52,0.115,0.67,Luke Combs,4.0,0.0262,82,Gettin' Old,Soft Pop Hits,Fast Car,2023-03-24,0.0,1.0,8.0,265493.0,0.186,soft,High,2023.0,4.424883333333334
0.574,111.881,0.459,pop,-4.857,0.0885,0.183,Lewis Capaldi,4.0,0.0577,81,Divinely Uninspired To A Hellish Extent (Extended Edition),Soft Pop Hits,Before You Go,2019-11-22,0.0,1.0,3.0,215107.0,0.608,soft,High,2019.0,3.5851166666666665
0.648,96.888,0.633,pop,-6.645,0.161,0.49,Taylor Swift,4.0,0.062,81,Midnights,Soft Pop Hits,Anti-Hero,2022-10-21,2.62e-06,1.0,4.0,200690.0,0.121,soft,High,2022.0,3.3448333333333333
0.776,77.987,0.585,pop,-5.898,0.3,0.427,Avril Lavigne,4.0,0.0459,81,Let Go,Soft Pop Hits,Complicated,2002-06-04,7.74e-06,1.0,5.0,244507.0,0.0572,soft,High,2002.0,4.075116666666666
0.585,139.631,0.449,pop,-6.761,0.0833,0.212,Coldplay,4.0,0.0268,81,Mylo Xyloto,Soft Pop Hits,Paradise,2011-10-24,8.75e-05,1.0,5.0,278719.0,0.0509,soft,High,2011.0,4.645316666666667
0.327,91.05,0.775,pop,-7.241,0.0821,0.595,Maroon 5,4.0,0.0557,82,JORDI (Deluxe),Soft Pop Hits,Memories,2021-06-11,0.0,1.0,11.0,189486.0,0.841,soft,High,2021.0,3.1581
0.445,78.998,0.781,pop,-6.061,0.184,0.591,Ed Sheeran,4.0,0.0295,81,x (Deluxe Edition),Soft Pop Hits,Thinking out Loud,2014-06-21,0.0,1.0,2.0,281560.0,0.474,soft,High,2014.0,4.692666666666667
0.638,79.064,0.481,pop,-5.862,0.154,0.497,Train,4.0,0.0276,80,Drops Of Jupiter,Soft Pop Hits,Drops of Jupiter (Tell Me),2001-03-27,0.0,1.0,0.0,259933.0,0.153,soft,High,2001.0,4.332216666666667
0.845,110.056,0.671,pop,-4.93,0.329,0.775,Dua Lipa,4.0,0.048,80,Dance The Night (From Barbie The Album),Soft Pop Hits,Dance The Night - From Barbie The Album,2023-05-25,0.0,0.0,11.0,176579.0,0.0207,soft,High,2023.0,2.9429833333333333
0.797,139.994,0.704,pop,-5.927,0.0546,0.825,OneRepublic,4.0,0.0475,79,"I Ain’t Worried (Music From The Motion Picture ""Top Gun: Maverick"")",Soft Pop Hits,I Ain't Worried,2022-05-13,0.000745,1.0,0.0,148486.0,0.0826,soft,High,2022.0,2.4747666666666666
0.628,103.998,0.674,pop,-7.079,0.0944,0.552,P!nk,4.0,0.03,79,The Truth About Love,Soft Pop Hits,Try,2012-09-18,0.0,1.0,2.0,247907.0,0.00144,soft,High,2012.0,4.131783333333333
0.473,119.992,0.765,pop,-5.829,0.391,0.34,Lukas Graham,4.0,0.0514,79,Lukas Graham,Soft Pop Hits,7 Years,2016-04-01,0.0,1.0,10.0,237300.0,0.287,soft,High,2016.0,3.955
0.465,89.087,0.449,pop,-8.964,0.303,0.543,Giveon,3.0,0.0791,79,TAKE TIME,Soft Pop Hits,Heartbreak Anniversary,2020-03-27,1.02e-06,1.0,0.0,198371.0,0.524,soft,High,2020.0,3.3061833333333333
0.798,116.032,0.796,pop,-6.312,0.0952,0.942,"Elton John, Dua Lipa, PNAU",4.0,0.0317,79,Cold Heart (PNAU Remix),Soft Pop Hits,Cold Heart - PNAU Remix,2021-08-13,4.19e-05,1.0,1.0,202735.0,0.034,soft,High,2021.0,3.3789166666666666
0.53,108.038,0.63,pop,-7.259,0.177,0.417,"Meghan Trainor, John Legend",3.0,0.0434,78,Title (Deluxe),Soft Pop Hits,Like I'm Gonna Lose You (feat. John Legend),2015-01-09,0.0,1.0,0.0,225053.0,0.4,soft,High,2015.0,3.7508833333333333
0.55,101.19,0.551,pop,-5.339,0.202,0.342,"Stephen Sanchez, Em Beihold",3.0,0.0286,78,Until I Found You (Em Beihold Version),Soft Pop Hits,Until I Found You (with Em Beihold) - Em Beihold Version,2022-04-22,0.0,1.0,10.0,176440.0,0.777,soft,High,2022.0,2.9406666666666665
0.401,111.825,0.677,pop,-8.467,0.116,0.195,Niall Horan,4.0,0.0308,78,Flicker (Deluxe),Soft Pop Hits,This Town,2017-10-20,0.0,1.0,9.0,232852.0,0.712,soft,High,2017.0,3.8808666666666665
0.699,114.481,0.85,pop,-3.292,0.32,0.915,Paul Russell,4.0,0.0776,78,Lil Boo Thang,Soft Pop Hits,Lil Boo Thang,2023-08-18,0.0,1.0,0.0,114234.0,0.152,soft,High,2023.0,1.9039
0.764,169.928,0.591,pop,-5.484,0.103,0.478,"The Kid LAROI, Justin Bieber",4.0,0.0483,78,STAY (with Justin Bieber),Soft Pop Hits,STAY (with Justin Bieber),2021-07-09,0.0,1.0,1.0,141806.0,0.0383,soft,High,2021.0,2.3634333333333335
0.45,178.765,0.597,pop,-6.658,0.382,0.537,"Ariana Grande, Justin Bieber",3.0,0.0418,78,Stuck with U,Soft Pop Hits,Stuck with U (with Justin Bieber),2020-05-08,0.0,1.0,8.0,228482.0,0.223,soft,High,2020.0,3.8080333333333334
0.82,144.905,0.621,pop,-4.865,0.104,0.452,Bruno Mars,4.0,0.0367,78,Doo-Wops & Hooligans,Soft Pop Hits,Marry You,2010-05-11,0.0,1.0,10.0,230192.0,0.332,soft,High,2010.0,3.836533333333333
0.174,112.672,0.681,pop,-8.745,0.0983,0.231,Calum Scott,4.0,0.0315,78,Only Human (Deluxe),Soft Pop Hits,Dancing On My Own,2018-03-09,3.35e-05,1.0,1.0,260285.0,0.837,soft,High,2018.0,4.3380833333333335
0.488,136.07,0.752,pop,-7.05,0.0936,0.533,Halsey,4.0,0.0705,78,Manic,Soft Pop Hits,Without Me,2020-01-17,9.2e-06,1.0,6.0,201661.0,0.293,soft,High,2020.0,3.3610166666666665
0.738,119.976,0.721,pop,-4.77,0.118,0.637,"Marshmello, Jonas Brothers",4.0,0.0403,77,Leave Before You Love Me,Soft Pop Hits,Leave Before You Love Me (with Jonas Brothers),2021-05-21,4.41e-06,1.0,7.0,154983.0,0.00226,soft,High,2021.0,2.58305
0.902,100.012,0.673,pop,-2.392,0.0558,0.536,American Authors,4.0,0.0346,77,"Oh, What A Life",Soft Pop Hits,Best Day Of My Life,2014-01-01,0.000227,1.0,2.0,194240.0,0.0591,soft,High,2014.0,3.2373333333333334
0.788,120.076,0.748,pop,-7.055,0.0863,0.884,Maroon 5,4.0,0.0334,78,V,Soft Pop Hits,Sugar,2014-09-02,0.0,1.0,1.0,235493.0,0.0591,soft,High,2014.0,3.9248833333333333
0.657,107.01,0.753,pop,-3.061,0.112,0.437,"Zedd, Maren Morris, Grey",4.0,0.0449,76,The Middle,Soft Pop Hits,The Middle,2018-01-23,0.0,1.0,7.0,184732.0,0.171,soft,High,2018.0,3.078866666666667
0.342,102.819,0.516,pop,-8.985,0.21,0.0993,Selena Gomez,4.0,0.0425,76,Rare,Soft Pop Hits,Lose You To Love Me,2020-01-10,0.0,1.0,4.0,206459.0,0.55,soft,High,2020.0,3.4409833333333335
0.794,114.066,0.601,pop,-5.844,0.418,0.244,"Mark Ronson, Miley Cyrus",4.0,0.0671,76,Late Night Feelings,Soft Pop Hits,Nothing Breaks Like a Heart (feat. Miley Cyrus),2019-06-21,1.36e-06,0.0,7.0,217099.0,0.00987,soft,High,2019.0,3.618316666666667
0.673,203.812,0.492,pop,-5.431,0.137,0.488,Morgan Wallen,4.0,0.0347,76,3 Songs At A Time Sampler,Soft Pop Hits,Last Night,2023-01-31,0.0,1.0,6.0,163855.0,0.413,soft,High,2023.0,2.730916666666667
0.426,84.876,0.674,pop,-9.504,0.132,0.337,Lorde,4.0,0.122,76,Pure Heroine,Soft Pop Hits,Royals,2013-09-27,0.0,1.0,7.0,190185.0,0.12,soft,High,2013.0,3.16975
0.825,94.931,0.56,pop,-3.862,0.161,0.268,Vanessa Carlton,4.0,0.0379,75,Be Not Nobody,Soft Pop Hits,A Thousand Miles,2002-04-30,0.0,1.0,11.0,237493.0,0.323,soft,High,2002.0,3.9582166666666665
0.792,119.054,0.627,pop,-4.311,0.0845,0.415,Taylor Swift,4.0,0.031,75,Fearless (Taylor's Version),Soft Pop Hits,Love Story (Taylor’s Version),2021-04-09,3.97e-06,1.0,2.0,235767.0,0.13,soft,High,2021.0,3.92945
0.54,116.947,0.759,pop,-6.039,0.0945,0.75,"Shawn Mendes, Camila Cabello",4.0,0.0287,75,Señorita,Soft Pop Hits,Señorita,2019-06-21,0.0,0.0,9.0,190960.0,0.037,soft,High,2019.0,3.1826666666666665
0.683,159.878,0.515,pop,-5.099,0.392,0.572,Katy Perry,4.0,0.0371,74,Teenage Dream: The Complete Confection,Soft Pop Hits,Wide Awake,2012-03-12,2.64e-06,1.0,5.0,220947.0,0.0749,soft,High,2012.0,3.68245
0.444,150.96,0.703,pop,-9.331,0.0973,0.712,Jason Mraz,4.0,0.0417,74,We Sing. We Dance. We Steal Things.,Soft Pop Hits,I'm Yours,2008-05-12,0.0,1.0,11.0,242947.0,0.559,soft,High,2008.0,4.0491166666666665
0.495,129.062,0.864,pop,-7.036,0.0992,0.72,"Gotye, Kimbra",4.0,0.037,74,Making Mirrors,Soft Pop Hits,Somebody That I Used To Know,2011-01-01,0.000133,1.0,0.0,244973.0,0.591,soft,High,2011.0,4.082883333333333
0.706,92.513,0.482,pop,-5.762,0.105,0.144,Alicia Keys,4.0,0.0607,74,Girl on Fire (Remixes) - EP,Soft Pop Hits,Girl on Fire,2012-11-18,0.00106,1.0,9.0,224920.0,0.135,soft,High,2012.0,3.748666666666667
0.586,126.684,0.553,pop,-6.319,0.0813,0.443,Dean Lewis,4.0,0.0362,74,Be Alright,Soft Pop Hits,Be Alright,2018-06-29,0.0,1.0,11.0,196373.0,0.697,soft,High,2018.0,3.272883333333333
0.903,74.988,0.52,pop,-5.497,0.254,0.652,BANNERS,4.0,0.042,74,Where The Shadow Ends,Soft Pop Hits,Someone To You,2019-10-04,0.0,1.0,2.0,219801.0,0.00517,soft,High,2019.0,3.66335
0.331,72.023,0.459,pop,-12.603,0.135,0.271,Duncan Laurence,3.0,0.0421,73,Arcade,Soft Pop Hits,Arcade,2019-03-07,0.00104,0.0,9.0,183624.0,0.817,soft,High,2019.0,3.0604
0.714,175.924,0.564,pop,-4.987,0.155,0.33,Rachel Platten,4.0,0.129,73,Wildfire,Soft Pop Hits,Fight Song,2016-01-01,0.0,1.0,7.0,204013.0,0.0549,soft,High,2016.0,3.4002166666666667
0.798,120.012,0.719,pop,-4.582,0.134,0.591,Katy Perry,4.0,0.0361,73,Teenage Dream,Soft Pop Hits,Teenage Dream,2010-01-01,2.34e-06,1.0,10.0,227741.0,0.0162,soft,High,2010.0,3.7956833333333333
0.588,113.608,0.491,pop,-6.177,0.0906,0.193,P!nk,4.0,0.0506,72,Beautiful Trauma,Soft Pop Hits,What About Us,2017-10-13,2.01e-06,1.0,1.0,269600.0,0.0281,soft,High,2017.0,4.493333333333333
0.71,89.929,0.5,pop,-3.015,0.329,0.419,Imagine Dragons,4.0,0.0339,72,Night Visions,Soft Pop Hits,Demons,2012-09-04,0.00025,1.0,3.0,175200.0,0.19,soft,High,2012.0,2.92
0.445,50.827,0.286,pop,-8.087,0.114,0.278,Forest Blakk,4.0,0.0347,72,If You Love Her,Soft Pop Hits,If You Love Her,2020-09-30,0.0,1.0,6.0,217352.0,0.355,soft,High,2020.0,3.622533333333333
0.415,114.145,0.728,pop,-6.852,0.0616,0.455,Julia Michaels,4.0,0.0639,72,Nervous System,Soft Pop Hits,Issues,2017-07-28,0.0,1.0,8.0,176320.0,0.401,soft,High,2017.0,2.9386666666666668
0.632,147.873,0.494,pop,-6.89,0.0869,0.0797,Lauren Daigle,4.0,0.0342,72,Look Up Child,Soft Pop Hits,You Say,2018-09-07,0.0,1.0,5.0,274693.0,0.682,soft,High,2018.0,4.578216666666667
0.473,75.801,0.464,pop,-10.086,0.109,0.604,"JP Saxe, Julia Michaels",4.0,0.129,72,If the World Was Ending (feat. Julia Michaels),Soft Pop Hits,If the World Was Ending (feat. Julia Michaels),2019-10-17,0.0,1.0,1.0,208687.0,0.866,soft,High,2019.0,3.4781166666666667
0.72,79.983,0.508,pop,-5.908,0.0563,0.472,Beyoncé,4.0,0.0628,71,I AM...SASHA FIERCE,Soft Pop Hits,Halo,2008-11-17,0.0,0.0,11.0,261640.0,0.272,soft,High,2008.0,4.360666666666667
0.638,184.086,0.378,pop,-5.576,0.0849,0.735,"fun., Janelle Monáe",4.0,0.075,71,Some Nights,Soft Pop Hits,We Are Young (feat. Janelle Monáe),2012-02-21,7.66e-05,1.0,10.0,250627.0,0.02,soft,High,2012.0,4.177116666666667
0.549,90.04,0.644,pop,-5.415,0.134,0.167,Alicia Keys,4.0,0.0285,71,As I Am (Expanded Edition),Soft Pop Hits,No One,2007-11-09,8.85e-06,0.0,1.0,253813.0,0.0209,soft,High,2007.0,4.230216666666666
0.725,123.28,0.49,pop,-3.304,0.0983,0.335,Amy Winehouse,4.0,0.0392,70,Back To Black,Soft Pop Hits,Back To Black,2006-10-27,2.68e-05,1.0,10.0,240440.0,0.123,soft,High,2006.0,4.007333333333333
0.63,89.991,0.654,pop,-4.644,0.111,0.43,"Dan + Shay, Justin Bieber",4.0,0.0259,70,"10,000 Hours (with Justin Bieber)",Soft Pop Hits,"10,000 Hours (with Justin Bieber)",2019-10-04,0.0,1.0,10.0,167693.0,0.153,soft,High,2019.0,2.7948833333333334
0.316,118.582,0.398,pop,-7.031,0.295,0.174,Andra Day,4.0,0.0368,70,Cheers to the Fall,Soft Pop Hits,Rise Up,2015-08-28,0.0,1.0,1.0,253342.0,0.805,soft,High,2015.0,4.222366666666667
0.922,130.007,0.666,pop,-4.645,0.0867,0.758,Katy Perry,4.0,0.0352,70,Teenage Dream: The Complete Confection,Soft Pop Hits,Part Of Me,2012-01-01,0.0,1.0,5.0,216160.0,0.000348,soft,High,2012.0,3.6026666666666665
0.348,74.541,0.349,pop,-6.142,0.12,0.0886,Christina Perri,4.0,0.0316,69,lovestrong.,Soft Pop Hits,jar of hearts,2011-05-10,0.0,1.0,3.0,246587.0,0.726,soft,High,2011.0,4.109783333333334
0.787,117.089,0.399,pop,-2.88,0.0685,0.572,Sia,5.0,0.0499,69,1000 Forms Of Fear (Deluxe Version),Soft Pop Hits,Chandelier,2015-05-04,6.07e-05,1.0,1.0,216120.0,0.0197,soft,High,2015.0,3.602
0.465,113.81,0.6,pop,-4.951,0.149,0.0682,Zoe Wees,4.0,0.0314,69,Control,Soft Pop Hits,Control,2020-03-13,1.48e-06,1.0,4.0,230880.0,0.643,soft,High,2020.0,3.848
0.698,143.994,0.726,pop,-4.165,0.309,0.867,Bruno Mars,4.0,0.0431,89,Unorthodox Jukebox,Throwback Party,Locked out of Heaven,2012-12-07,0.0,1.0,5.0,233478.0,0.049,throwback,High,2012.0,3.8913
0.587,186.003,0.679,pop,-7.015,0.137,0.486,"The Weeknd, Daft Punk",4.0,0.276,87,Starboy,Throwback Party,Starboy,2016-11-25,6.35e-06,1.0,7.0,230453.0,0.141,throwback,High,2016.0,3.840883333333333
0.669,112.238,0.908,pop,-2.827,0.237,0.662,Eminem,4.0,0.0738,86,The Eminem Show,Throwback Party,Without Me,2002-05-26,0.0,1.0,7.0,290320.0,0.00286,throwback,High,2002.0,4.838666666666667
0.652,95.977,0.825,pop,-3.183,0.0931,0.931,Ed Sheeran,4.0,0.0802,86,÷ (Deluxe),Throwback Party,Shape of You,2017-03-03,0.0,0.0,1.0,233713.0,0.581,throwback,High,2017.0,3.8952166666666668
0.939,129.024,0.671,pop,-3.206,0.298,0.53,"Pitbull, AFROJACK, Ne-Yo, Nayer",4.0,0.161,84,Planet Pit (Deluxe Version),Throwback Party,Give Me Everything (feat. Nayer),2011-06-17,0.0,1.0,8.0,252307.0,0.191,throwback,High,2011.0,4.205116666666667
0.902,84.412,0.573,pop,-7.638,0.0928,0.876,a-ha,4.0,0.054,84,Hunting High and Low,Throwback Party,Take on Me,1985-06-01,0.00125,0.0,6.0,225280.0,0.018,throwback,High,1985.0,3.7546666666666666
0.824,100.024,0.778,pop,-5.892,0.405,0.758,"Shakira, Wyclef Jean",4.0,0.0707,84,"Oral Fixation, Vol. 2 (Expanded Edition)",Throwback Party,Hips Don't Lie (feat. Wyclef Jean),2005-11-28,0.0,0.0,10.0,218093.0,0.284,throwback,High,2005.0,3.6348833333333332
0.791,105.018,0.894,pop,-4.699,0.0388,0.583,"USHER, Lil Jon, Ludacris",4.0,0.112,84,Confessions (Expanded Edition),Throwback Party,Yeah! (feat. Lil Jon & Ludacris),2004-03-23,0.0,1.0,2.0,250373.0,0.0183,throwback,High,2004.0,4.172883333333333
0.866,128.038,0.578,pop,-3.804,0.257,0.619,WALK THE MOON,4.0,0.0619,83,TALKING IS HARD,Throwback Party,Shut Up and Dance,2014-12-02,0.0,1.0,1.0,199080.0,0.00701,throwback,High,2014.0,3.318
0.887,122.509,0.532,pop,-3.757,0.294,0.794,Bon Jovi,4.0,0.0335,83,Slippery When Wet,Throwback Party,Livin' On A Prayer,1986-08-16,0.000206,1.0,0.0,249293.0,0.0778,throwback,High,1986.0,4.154883333333333
0.783,124.08,0.532,pop,-5.697,0.161,0.643,Avicii,4.0,0.0523,83,True,Throwback Party,Wake Me Up,2013-01-01,0.0012,1.0,2.0,247427.0,0.0038,throwback,High,2013.0,4.123783333333333
0.838,143.04,0.774,pop,-3.914,0.242,0.924,Britney Spears,4.0,0.114,83,In The Zone,Throwback Party,Toxic,2003-11-13,0.025,0.0,5.0,198800.0,0.0249,throwback,High,2003.0,3.3133333333333335
0.711,125.135,0.692,pop,-7.498,0.12,0.875,"Eurythmics, Annie Lennox, Dave Stewart",4.0,0.0317,83,Sweet Dreams (Are Made Of This),Throwback Party,Sweet Dreams (Are Made of This) - 2005 Remaster,1983-01-04,0.0,0.0,0.0,216933.0,0.225,throwback,High,1983.0,3.61555
0.837,120.028,0.755,pop,-2.718,0.289,0.714,Kesha,4.0,0.142,83,Animal (Expanded Edition),Throwback Party,TiK ToK,2010-01-01,0.0,0.0,2.0,199693.0,0.0991,throwback,High,2010.0,3.3282166666666666
0.76,99.947,0.655,pop,-3.669,0.299,0.409,Justin Bieber,4.0,0.045,83,Purpose (Deluxe),Throwback Party,Sorry,2015-11-13,0.0,0.0,0.0,200787.0,0.0797,throwback,High,2015.0,3.34645
0.823,128.035,0.646,pop,-4.123,0.322,0.418,"Calvin Harris, Ellie Goulding",4.0,0.0394,82,Motion,Throwback Party,Outside (feat. Ellie Goulding),2014-10-31,0.0,0.0,2.0,227267.0,0.213,throwback,High,2014.0,3.7877833333333335
0.807,114.742,0.729,pop,-6.492,0.319,0.765,"Timbaland, Keri Hilson, D.O.E.",4.0,0.0936,82,Shock Value,Throwback Party,The Way I Are,2007-01-01,0.75,1.0,6.0,179120.0,0.181,throwback,High,2007.0,2.985333333333333
0.835,125.983,0.527,pop,-5.298,0.249,0.654,Avicii,4.0,0.0433,82,The Days / Nights,Throwback Party,The Nights,2014-01-01,0.0,1.0,6.0,176658.0,0.0166,throwback,High,2014.0,2.9443
0.861,119.963,0.663,pop,-3.398,0.082,0.654,"USHER, Pitbull",4.0,0.109,81,Raymond v Raymond (Expanded Edition),Throwback Party,DJ Got Us Fallin' In Love (feat. Pitbull),2010-03-30,0.0,0.0,7.0,220800.0,0.0338,throwback,High,2010.0,3.68
0.699,92.96,0.759,pop,-5.745,0.443,0.907,Britney Spears,4.0,0.0307,81,...Baby One More Time (Digital Deluxe Version),Throwback Party,...Baby One More Time,1999-01-12,0.000131,0.0,0.0,211067.0,0.202,throwback,High,1999.0,3.5177833333333335
0.806,94.948,0.843,pop,-5.946,0.0771,0.613,Outkast,4.0,0.269,81,Stankonia,Throwback Party,Ms. Jackson,2000-10-31,0.0,0.0,4.0,270507.0,0.143,throwback,High,2000.0,4.50845
0.806,119.001,0.851,pop,-4.618,0.121,0.774,Lady Gaga,4.0,0.0787,81,The Fame,Throwback Party,Poker Face,2008-01-01,1.72e-06,1.0,4.0,237200.0,0.119,throwback,High,2008.0,3.953333333333333
0.802,124.022,0.721,pop,-5.797,0.694,0.724,"Pitbull, Ne-Yo",4.0,0.0583,82,Globalization,Throwback Party,Time of Our Lives,2014-11-21,0.0,1.0,1.0,229360.0,0.0921,throwback,High,2014.0,3.8226666666666667
0.856,127.949,0.596,pop,-3.556,0.141,0.743,Calvin Harris,4.0,0.0346,81,Motion,Throwback Party,Summer,2014-10-31,0.0178,0.0,4.0,222533.0,0.0211,throwback,High,2014.0,3.7088833333333335
0.824,118.818,0.709,pop,-8.824,0.0888,0.867,Whitney Houston,4.0,0.0453,81,Whitney,Throwback Party,I Wanna Dance with Somebody (Who Loves Me),1987-06-02,0.000307,1.0,1.0,291293.0,0.207,throwback,High,1987.0,4.854883333333333
0.869,159.805,0.533,pop,-5.093,0.136,0.425,"The Chainsmokers, Daya",4.0,0.173,80,Don't Let Me Down,Throwback Party,Don't Let Me Down,2016-02-05,0.00538,1.0,11.0,208373.0,0.156,throwback,High,2016.0,3.4728833333333333
0.844,113.324,0.788,pop,-3.131,0.0723,0.382,Britney Spears,4.0,0.0334,80,Blackout,Throwback Party,Gimme More,2007-10-25,0.000678,1.0,2.0,251240.0,0.25,throwback,High,2007.0,4.187333333333333
0.803,106.97,0.818,pop,-4.282,0.153,0.632,Bruno Mars,4.0,0.0797,80,24K Magic,Throwback Party,24K Magic,2016-11-17,0.0,1.0,1.0,225983.0,0.034,throwback,High,2016.0,3.766383333333333
0.799,120.372,0.71,pop,-4.897,0.349,0.725,Cyndi Lauper,4.0,0.0328,80,She's So Unusual,Throwback Party,Girls Just Want to Have Fun,1983-10-14,0.000602,1.0,6.0,238267.0,0.22,throwback,High,1983.0,3.9711166666666666
0.834,139.13,0.509,pop,-6.205,0.0732,0.774,Bryan Adams,4.0,0.0386,80,Reckless (30th Anniversary / Deluxe Edition),Throwback Party,Summer Of '69,1984-11-05,0.0,1.0,2.0,216053.0,0.0183,throwback,High,1984.0,3.6008833333333334
0.795,89.99,0.646,pop,-3.293,0.267,0.796,"Gym Class Heroes, Adam Levine",4.0,0.0976,80,The Papercut Chronicles II,Throwback Party,Stereo Hearts (feat. Adam Levine),2011-11-11,0.0,1.0,9.0,210960.0,0.0319,throwback,High,2011.0,3.516
0.58,120.021,0.782,pop,-6.548,0.108,0.66,Carly Rae Jepsen,4.0,0.0407,80,Kiss,Throwback Party,Call Me Maybe,2012-01-01,2.28e-06,1.0,7.0,193400.0,0.0114,throwback,High,2012.0,3.223333333333333
0.882,102.04,0.742,pop,-2.862,0.206,0.463,"Sean Paul, Dua Lipa",4.0,0.117,80,Mad Love The Prequel,Throwback Party,No Lie,2018-06-29,0.0,1.0,7.0,221176.0,0.0466,throwback,High,2018.0,3.6862666666666666
0.787,126.062,0.604,pop,-3.674,0.127,0.301,"David Guetta, Sia",4.0,0.103,80,Nothing but the Beat (Ultimate Edition),Throwback Party,Titanium (feat. Sia),2012-12-07,0.15,0.0,0.0,245040.0,0.0679,throwback,High,2012.0,4.084
0.583,117.0,0.967,pop,-5.562,0.0519,0.964,"Justin Timberlake, Timbaland",4.0,0.0789,80,FutureSex/LoveSounds,Throwback Party,SexyBack (feat. Timbaland),2006-09-12,0.0,0.0,7.0,242733.0,0.0584,throwback,High,2006.0,4.04555
0.766,127.966,0.744,pop,-6.375,0.509,0.61,Black Eyed Peas,4.0,0.0265,80,THE E.N.D. (THE ENERGY NEVER DIES) [Deluxe Version],Throwback Party,I Gotta Feeling,2009-01-01,0.0,1.0,0.0,289133.0,0.0873,throwback,High,2009.0,4.818883333333333
0.567,125.02,0.845,pop,-8.118,0.0811,0.793,Justin Bieber,4.0,0.0956,79,Purpose (Deluxe),Throwback Party,What Do You Mean?,2015-11-13,0.00142,0.0,5.0,205680.0,0.59,throwback,High,2015.0,3.428
0.669,122.669,0.834,pop,-5.582,0.0535,0.547,Rihanna,4.0,0.0637,79,Good Girl Gone Bad: Reloaded,Throwback Party,Don't Stop The Music,2008-06-02,7.18e-05,0.0,6.0,267080.0,0.0341,throwback,High,2008.0,4.451333333333333
0.864,110.009,0.768,pop,-6.149,0.162,0.891,Spice Girls,4.0,0.0324,79,Spice,Throwback Party,Wannabe,1996-01-01,0.0,1.0,11.0,173027.0,0.101,throwback,High,1996.0,2.883783333333333
0.834,95.053,0.751,pop,-5.444,0.355,0.894,Britney Spears,4.0,0.0437,79,Oops!... I Did It Again,Throwback Party,Oops!...I Did It Again,2000-05-16,1.77e-05,0.0,1.0,211160.0,0.3,throwback,High,2000.0,3.5193333333333334
0.739,118.99,0.822,pop,-4.541,0.181,0.745,"Lady Gaga, Colby O'Donis",4.0,0.0311,79,The Fame,Throwback Party,Just Dance,2008-01-01,4.28e-05,0.0,1.0,241933.0,0.0264,throwback,High,2008.0,4.032216666666667
0.857,128.024,0.414,pop,-4.078,0.343,0.348,"Calvin Harris, John Newman",4.0,0.0808,79,Motion,Throwback Party,Blame (feat. John Newman),2014-10-31,0.00574,0.0,0.0,212960.0,0.0287,throwback,High,2014.0,3.5493333333333332
0.574,125.18,0.613,pop,-7.961,0.38,0.755,"50 Cent, Olivia",5.0,0.467,78,The Massacre,Throwback Party,Candy Shop,2005-03-03,3.13e-05,1.0,11.0,209107.0,0.0253,throwback,High,2005.0,3.485116666666667
0.84,129.042,0.612,pop,-3.145,0.116,0.438,"Swedish House Mafia, John Martin",4.0,0.0509,78,Don't You Worry Child,Throwback Party,Don't You Worry Child - Radio Edit,2012-09-14,0.0,0.0,11.0,212862.0,0.112,throwback,High,2012.0,3.5477
0.815,123.063,0.636,pop,-5.098,0.163,0.636,"Robin Schulz, Francesco Yates",4.0,0.0581,78,Sugar,Throwback Party,Sugar (feat. Francesco Yates),2015-09-25,0.0,0.0,5.0,219043.0,0.0185,throwback,High,2015.0,3.650716666666667
0.714,100.972,0.892,pop,-6.055,0.0521,0.817,Justin Timberlake,4.0,0.141,78,Justified,Throwback Party,Rock Your Body,2002-11-04,0.000234,0.0,4.0,267267.0,0.201,throwback,High,2002.0,4.45445
0.814,124.921,0.707,pop,-4.509,0.168,0.717,Rihanna,4.0,0.0577,78,Good Girl Gone Bad: Reloaded,Throwback Party,Disturbia,2008-06-02,0.0,0.0,11.0,238627.0,0.0861,throwback,High,2008.0,3.977116666666667
0.844,131.459,0.729,pop,-8.824,0.0604,0.777,"Elton John, Kiki Dee",4.0,0.0344,78,Rock Of The Westies,Throwback Party,Don't Go Breaking My Heart,1975-10-24,2.87e-06,1.0,5.0,275440.0,0.149,throwback,High,1975.0,4.5906666666666665
0.563,126.007,0.766,pop,-7.516,0.115,0.964,Kylie Minogue,4.0,0.0339,78,Fever,Throwback Party,Can't Get You out of My Head,2001-10-01,0.683,0.0,9.0,230640.0,0.0263,throwback,High,2001.0,3.844
0.6,125.04,0.951,pop,-4.675,0.0712,0.822,Sean Paul,4.0,0.0685,78,The Trinity,Throwback Party,Temperature,2005-09-26,0.0,0.0,0.0,218573.0,0.106,throwback,High,2005.0,3.6428833333333333
0.726,121.981,0.503,pop,-5.456,0.0895,0.529,"Disclosure, Sam Smith",4.0,0.167,78,Settle (Special Edition),Throwback Party,Latch,2013-06-03,7.98e-05,1.0,1.0,255632.0,0.0159,throwback,High,2013.0,4.260533333333333
0.736,127.999,0.579,pop,-3.863,0.198,0.613,Avicii,4.0,0.0527,78,Stories,Throwback Party,Waiting For Love,2015-10-02,0.0,0.0,6.0,230613.0,0.31,throwback,High,2015.0,3.84355
0.777,130.003,0.73,pop,-5.194,0.0691,0.575,"Jennifer Lopez, Pitbull",4.0,0.0496,78,Love?,Throwback Party,On The Floor,2011-04-29,0.000486,0.0,3.0,284867.0,0.105,throwback,High,2011.0,4.7477833333333335
0.551,92.887,0.911,pop,-3.75,0.0863,0.969,Mary J. Blige,4.0,0.045,78,No More Drama,Throwback Party,Family Affair,2001-08-28,4.35e-05,0.0,8.0,265867.0,0.133,throwback,High,2001.0,4.431116666666667
0.8,160.078,0.647,pop,-5.384,0.334,0.942,Taylor Swift,4.0,0.165,78,1989 (Deluxe),Throwback Party,Shake It Off,2014-01-01,0.0,1.0,7.0,219200.0,0.0647,throwback,High,2014.0,3.6533333333333333
0.64,99.017,0.779,pop,-8.415,0.101,0.499,Rihanna,4.0,0.159,78,Music Of The Sun,Throwback Party,Pon de Replay,2005-08-29,0.000766,1.0,7.0,246960.0,0.000155,throwback,High,2005.0,4.116
0.625,93.764,0.798,pop,-9.689,0.103,0.858,Ace of Base,4.0,0.0548,77,The Sign,Throwback Party,All That She Wants,1993-12-24,7.98e-05,1.0,11.0,211213.0,0.00547,throwback,High,1993.0,3.5202166666666668
0.86,127.075,0.608,pop,-5.324,0.262,0.437,"Flo Rida, Sia",4.0,0.0554,77,Wild Ones,Throwback Party,Wild Ones (feat. Sia),2012-06-22,0.0,0.0,5.0,232947.0,0.0991,throwback,High,2012.0,3.88245
0.811,116.047,0.794,pop,-8.966,0.101,0.862,"Daft Punk, Pharrell Williams, Nile Rodgers",4.0,0.038,77,Get Lucky (Radio Edit) [feat. Pharrell Williams and Nile Rodgers],Throwback Party,Get Lucky (Radio Edit) [feat. Pharrell Williams and Nile Rodgers],2013-04-19,1.07e-06,0.0,6.0,248413.0,0.0426,throwback,High,2013.0,4.140216666666666
0.889,126.04,0.584,pop,-5.941,0.309,0.464,Avicii,4.0,0.0343,77,Levels,Throwback Party,Levels - Radio Edit,2011-10-28,0.828,0.0,1.0,199907.0,0.0462,throwback,High,2011.0,3.3317833333333335
0.654,117.046,0.92,pop,-3.051,0.036,0.847,Michael Jackson,4.0,0.0401,77,Thriller 25 Super Deluxe Edition,Throwback Party,Billie Jean,2008-02-08,0.0153,0.0,11.0,293827.0,0.0236,throwback,High,2008.0,4.897116666666666
0.716,94.379,0.535,pop,-5.025,0.659,0.901,Joan Jett & the Blackhearts,4.0,0.0431,77,I Love Rock 'N' Roll (Expanded Edition),Throwback Party,I Love Rock 'N Roll,1981-11-18,0.0,1.0,4.0,175173.0,0.326,throwback,High,1981.0,2.91955
0.77,99.165,0.646,pop,-6.596,0.0715,0.681,"Beyoncé, JAY-Z",4.0,0.226,77,Dangerously In Love,Throwback Party,Crazy In Love (feat. Jay-Z),2003-06-24,0.0,0.0,2.0,236133.0,0.00249,throwback,High,2003.0,3.93555
0.927,123.962,0.631,pop,-2.787,0.148,0.465,"Calvin Harris, Rihanna",4.0,0.0332,77,This Is What You Came For,Throwback Party,This Is What You Came For,2016-04-29,0.119,0.0,9.0,222160.0,0.199,throwback,High,2016.0,3.7026666666666666
0.922,146.078,0.641,pop,-4.457,0.0862,0.847,"Macklemore, Ryan Lewis, Macklemore & Ryan Lewis, Ray Dalton",4.0,0.0786,76,The Heist,Throwback Party,Can't Hold Us (feat. Ray Dalton),2012-10-09,0.0,1.0,2.0,258343.0,0.0291,throwback,High,2012.0,4.305716666666667
0.716,125.006,0.747,pop,-2.457,0.251,0.751,Nicki Minaj,4.0,0.0751,76,Pink Friday: Roman Reloaded The Re-Up (Explicit Version),Throwback Party,Starships,2012-01-01,0.0,0.0,11.0,210627.0,0.135,throwback,High,2012.0,3.51045
0.646,88.634,0.867,pop,-4.674,0.279,0.67,"Blackstreet, Dr. Dre, Queen Pen",4.0,0.288,76,Another Level,Throwback Party,No Diggity,1996-09-09,0.0,0.0,1.0,304600.0,0.303,throwback,High,1996.0,5.076666666666667
0.869,127.966,0.616,pop,-3.911,0.064,0.473,"Flo Rida, David Guetta",4.0,0.0327,76,Only One Flo (Part 1),Throwback Party,Club Can't Handle Me (feat. David Guetta),2010-11-24,0.0,1.0,0.0,234560.0,0.0283,throwback,High,2010.0,3.9093333333333335
0.855,120.05,0.67,pop,-3.035,0.335,0.648,"Pitbull, Chris Brown",4.0,0.0499,77,Planet Pit (Deluxe Version),Throwback Party,International Love (feat. Chris Brown),2011-06-17,0.0,0.0,0.0,227280.0,0.0124,throwback,High,2011.0,3.788
0.83,113.03,0.666,pop,-5.715,0.191,0.702,Justin Timberlake,4.0,0.0751,76,"CAN'T STOP THE FEELING! (from DreamWorks Animation's ""TROLLS"")",Throwback Party,"CAN'T STOP THE FEELING! (from DreamWorks Animation's ""TROLLS"")",2016-05-06,0.0,1.0,0.0,236002.0,0.0123,throwback,High,2016.0,3.9333666666666667
0.915,126.094,0.544,pop,-3.405,0.115,0.51,"Calvin Harris, Alesso, Hurts",4.0,0.0841,76,Motion,Throwback Party,Under Control (feat. Hurts),2014-10-31,0.000914,1.0,8.0,184280.0,0.129,throwback,High,2014.0,3.0713333333333335
0.86,93.989,0.737,pop,-2.652,0.0574,0.656,"Daddy Yankee, Snow",4.0,0.0593,76,Con Calma,Throwback Party,Con Calma,2019-01-24,1.94e-06,0.0,8.0,193227.0,0.11,throwback,High,2019.0,3.22045
0.851,126.885,0.722,pop,-3.873,0.108,0.452,The Wanted,4.0,0.0639,76,Battleground (Deluxe Edition),Throwback Party,Glad You Came,2011-01-01,0.0,0.0,7.0,197936.0,0.0319,throwback,High,2011.0,3.2989333333333333
0.809,98.007,0.723,pop,-3.081,0.565,0.274,"Major Lazer, MØ, DJ Snake",4.0,0.0625,76,Peace Is The Mission : Extended,Throwback Party,Lean On (feat. MØ & DJ Snake),2015-11-27,0.00123,0.0,7.0,176561.0,0.00346,throwback,High,2015.0,2.9426833333333335
0.89,128.011,0.706,pop,-4.444,0.306,0.684,Flo Rida,4.0,0.0688,76,Wild Ones,Throwback Party,Good Feeling,2012-06-22,0.00286,0.0,1.0,248133.0,0.0588,throwback,High,2012.0,4.13555
0.593,119.958,0.79,pop,-9.204,0.065,0.72,Stromae,4.0,0.0776,75,Cheese,Throwback Party,Alors on danse - Radio Edit,2010-01-01,0.00202,0.0,1.0,206067.0,0.0983,throwback,High,2010.0,3.43445
0.766,127.975,0.735,pop,-4.485,0.108,0.6,"Rihanna, Calvin Harris",4.0,0.0383,75,Talk That Talk,Throwback Party,We Found Love,2011-11-19,0.00141,1.0,1.0,215227.0,0.025,throwback,High,2011.0,3.5871166666666667
0.835,129.981,0.572,pop,-6.219,0.0702,0.795,Van Halen,4.0,0.0317,75,1984 (Remastered),Throwback Party,Jump - 2015 Remaster,1984-01-04,0.000377,1.0,0.0,241600.0,0.171,throwback,High,1984.0,4.026666666666666
0.872,126.05,0.56,pop,-4.269,0.371,0.682,"Owl City, Carly Rae Jepsen",4.0,0.14,75,The Midsummer Station,Throwback Party,Good Time,2012-08-17,6.98e-06,1.0,3.0,205933.0,0.0239,throwback,High,2012.0,3.4322166666666667
0.751,91.031,0.706,pop,-6.323,0.168,0.195,Iyaz,4.0,0.0708,75,Replay,Throwback Party,Replay,2009-08-18,0.0,1.0,9.0,182307.0,0.173,throwback,High,2009.0,3.03845
0.702,129.948,0.686,pop,-5.325,0.204,0.29,"Ariana Grande, Zedd",4.0,0.0455,75,My Everything (Deluxe),Throwback Party,Break Free,2014-08-22,4.46e-05,0.0,7.0,214840.0,0.00637,throwback,High,2014.0,3.5806666666666667
0.861,128.99,0.704,pop,-4.221,0.0992,0.636,"Gala, Molella, Phil Jay",4.0,0.0493,75,Come Into My Life (The Album),Throwback Party,"Freed From Desire - prod. Molella, Phil Jay",1997-11-17,0.0615,0.0,2.0,213394.0,0.587,throwback,High,1997.0,3.556566666666667
0.655,122.49,0.572,pop,-7.027,0.0901,0.392,Irene Cara,4.0,0.0344,75,What a Feelin',Throwback Party,Flashdance...What a Feeling - Radio Edit,1983-11-02,3.41e-06,0.0,7.0,237053.0,0.00579,throwback,High,1983.0,3.9508833333333335
0.7,101.875,0.85,pop,-6.49,0.244,0.724,"Nelly, City Spud",4.0,0.0478,75,Country Grammar,Throwback Party,Ride Wit Me,2000-06-27,1.66e-06,1.0,7.0,291782.0,0.0607,throwback,High,2000.0,4.863033333333333
0.807,174.06,0.622,pop,-6.752,0.306,0.892,Lou Bega,4.0,0.408,75,A Little Bit of Mambo,Throwback Party,Mambo No. 5 (a Little Bit of...),1999-07-19,0.0,0.0,5.0,220293.0,0.103,throwback,High,1999.0,3.67155
0.697,122.746,0.613,pop,-8.618,0.332,0.476,Daft Punk,4.0,0.133,74,Discovery,Throwback Party,One More Time,2001-03-12,0.0,1.0,2.0,320357.0,0.0194,throwback,High,2001.0,5.339283333333333
0.648,125.035,0.869,pop,-8.698,0.126,0.9,"Earth, Wind & Fire",4.0,0.0633,75,Raise!,Throwback Party,Let's Groove,1981-11-14,2.17e-05,0.0,11.0,339320.0,0.121,throwback,High,1981.0,5.655333333333333
0.832,107.657,0.794,pop,-4.862,0.203,0.871,Shakira,4.0,0.0407,74,Laundry Service,Throwback Party,"Whenever, Wherever",2001-11-13,1.14e-05,0.0,1.0,196160.0,0.237,throwback,High,2001.0,3.2693333333333334
0.954,128.016,0.627,pop,-4.804,0.292,0.312,"Alex Gaudino, Crystal Waters",4.0,0.0425,74,Destination Calabria,Throwback Party,Destination Calabria - Radio Edit,2007-02-19,0.000814,1.0,2.0,223112.0,0.0015,throwback,High,2007.0,3.7185333333333332
0.853,108.016,0.731,pop,-4.219,0.268,0.605,Backstreet Boys,4.0,0.0363,74,Backstreet's Back,Throwback Party,Everybody (Backstreet's Back) - Radio Edit,1997-08-12,0.0,0.0,10.0,225360.0,0.0352,throwback,High,1997.0,3.756
0.842,111.038,0.625,pop,-5.285,0.181,0.26,Madonna,4.0,0.0376,74,Celebration (double disc version),Throwback Party,Like a Prayer,2009-09-18,2.12e-05,1.0,5.0,342680.0,0.264,throwback,High,2009.0,5.711333333333333
0.842,132.032,0.706,pop,-3.956,0.0688,0.861,Katy Perry,4.0,0.0417,74,One Of The Boys,Throwback Party,Hot N Cold,2008-06-17,0.0,1.0,7.0,220227.0,7.73e-05,throwback,High,2008.0,3.67045
0.928,172.656,0.614,pop,-4.806,0.0845,0.879,*NSYNC,4.0,0.0516,74,No Strings Attached,Throwback Party,Bye Bye Bye,2000-03-21,0.00104,0.0,8.0,200560.0,0.0408,throwback,High,2000.0,3.3426666666666667
0.741,107.075,0.956,pop,-4.753,0.0615,0.911,Nelly,4.0,0.124,74,Nellyville,Throwback Party,Hot In Herre,2002-06-25,0.0,0.0,11.0,228240.0,0.204,throwback,High,2002.0,3.804
0.879,129.991,0.812,pop,-10.998,0.365,0.962,Aqua,4.0,0.0397,74,Aquarium (Special Edition),Throwback Party,Barbie Girl,1997-01-01,0.224,0.0,1.0,197960.0,0.017,throwback,High,1997.0,3.2993333333333332
0.711,110.621,0.975,pop,-3.904,0.0799,0.815,"Timbaland, Justin Timberlake, Nelly Furtado",4.0,0.0632,74,Shock Value,Throwback Party,Give It To Me,2007-04-02,0.000552,1.0,8.0,234027.0,0.168,throwback,High,2007.0,3.90045
0.772,128.168,0.766,pop,-9.362,0.183,0.919,Depeche Mode,4.0,0.0353,74,Speak and Spell (Deluxe),Throwback Party,Just Can't Get Enough,1981-11-02,0.0584,1.0,0.0,220893.0,0.403,throwback,High,1981.0,3.68155
0.535,103.644,0.707,pop,-19.793,0.0884,0.641,Bee Gees,4.0,0.0436,74,Staying Alive (Original Motion Picture Soundtrack),Throwback Party,Stayin' Alive,1977-12-13,0.00615,0.0,10.0,92867.0,0.113,throwback,High,1977.0,1.5477833333333333
0.833,95.487,0.715,pop,-5.379,0.164,0.612,Mark Morrison,4.0,0.108,73,Return of the Mack,Throwback Party,Return of the Mack,1996-04-22,0.0,1.0,2.0,213093.0,0.00631,throwback,High,1996.0,3.55155
0.821,118.881,0.878,pop,-9.875,0.183,0.947,Michael Jackson,4.0,0.089,73,Off the Wall,Throwback Party,Don't Stop 'Til You Get Enough,1979-08-10,0.0461,1.0,11.0,365467.0,0.126,throwback,High,1979.0,6.091116666666666
0.862,128.036,0.498,pop,-6.02,0.352,0.469,"Guru Josh Project, Klaas",4.0,0.0588,73,Infinity 2008,Throwback Party,Infinity 2008 - Klaas Vocal Edit,2008-05-07,0.00918,0.0,7.0,192294.0,0.000313,throwback,High,2008.0,3.2049
0.857,119.975,0.56,pop,-4.145,0.381,0.432,Olly Alexander (Years & Years),4.0,0.0384,73,Communion (Deluxe),Throwback Party,King,2015-07-10,0.0,0.0,4.0,215360.0,0.0594,throwback,High,2015.0,3.5893333333333333
0.699,122.987,0.811,pop,-5.211,0.148,0.733,"Madcon, Ray Dalton",4.0,0.114,73,Don't Worry (feat. Ray Dalton),Throwback Party,Don't Worry (with Ray Dalton) - Radio Edit,2015-04-10,1.38e-06,1.0,7.0,214789.0,0.0726,throwback,High,2015.0,3.579816666666667
0.599,119.993,0.853,pop,-4.756,0.0759,0.843,"Robin Thicke, T.I., Pharrell Williams",4.0,0.0411,73,Blurred Lines (Deluxe),Throwback Party,Blurred Lines,2013-01-01,7.93e-06,1.0,7.0,263827.0,0.00334,throwback,High,2013.0,4.397116666666666
0.931,113.026,0.753,pop,-4.922,0.234,0.767,"Madonna, Justin Timberlake, Timbaland",4.0,0.0653,73,Celebration (double disc version),Throwback Party,4 Minutes (feat. Justin Timberlake & Timbaland),2009-09-18,0.00696,1.0,2.0,189693.0,0.00994,throwback,High,2009.0,3.16155
0.837,126.342,0.597,pop,-6.518,0.839,0.447,Eric Prydz,4.0,0.375,73,Call on Me (Radio Mix),Throwback Party,Call on Me - Radio Mix,2004-09-10,0.00115,1.0,10.0,171360.0,0.00427,throwback,High,2004.0,2.856
0.713,115.443,0.784,pop,-6.865,0.0904,0.97,The Emotions,4.0,0.0339,73,Rejoice,Throwback Party,Best of My Love,1977-06-10,0.14,1.0,0.0,220560.0,0.447,throwback,High,1977.0,3.676
0.985,127.99,0.801,pop,-2.69,0.297,0.72,"Bingo Players, Far East Movement",4.0,0.0647,72,Get Up (Rattle) [feat. Far East Movement],Throwback Party,Get Up (Rattle) [feat. Far East Movement] - Vocal Edit,2012-12-08,6.86e-06,1.0,7.0,166933.0,0.0205,throwback,High,2012.0,2.782216666666667
0.271,111.485,0.898,pop,-12.238,0.0461,0.742,Prince,4.0,0.091,73,Parade - Music from the Motion Picture Under the Cherry Moon,Throwback Party,Kiss,1986-03-31,0.00138,1.0,7.0,226240.0,0.0135,throwback,High,1986.0,3.7706666666666666
0.876,129.884,0.666,pop,-3.078,0.259,0.552,"David Guetta, Flo Rida, Nicki Minaj",4.0,0.0414,72,Nothing but the Beat (Ultimate Edition),Throwback Party,Where Them Girls At (feat. Nicki Minaj & Flo Rida),2012-12-07,0.0,1.0,3.0,194840.0,0.055,throwback,High,2012.0,3.247333333333333
0.76,129.996,0.702,pop,-3.174,0.132,0.696,Katy Perry,4.0,0.0684,72,One Of The Boys,Throwback Party,I Kissed A Girl,2008-06-17,0.0,1.0,5.0,179640.0,0.00226,throwback,High,2008.0,2.994
0.81,126.052,0.572,pop,-5.791,0.13,0.11,"Lana Del Rey, Cedric Gervais",4.0,0.0558,72,Summertime Sadness (Lana Del Rey Vs. Cedric Gervais) [Cedric Gervais Remix],Throwback Party,Summertime Sadness (Lana Del Rey Vs. Cedric Gervais) - Cedric Gervais Remix,2013-02-01,6.53e-06,0.0,1.0,214912.0,0.0157,throwback,High,2013.0,3.5818666666666665
0.781,119.977,0.751,pop,-3.724,0.036,0.814,Taio Cruz,4.0,0.0862,72,The Rokstarr Hits Collection,Throwback Party,Dynamite,2010-01-01,0.0,1.0,4.0,202613.0,0.0039,throwback,High,2010.0,3.3768833333333332
0.952,122.093,0.398,pop,-6.042,0.1,0.584,Bruce Springsteen,4.0,0.061,72,Born In The U.S.A.,Throwback Party,Born in the U.S.A.,1984-06-04,7.75e-05,1.0,4.0,278680.0,0.000373,throwback,High,1984.0,4.644666666666667
0.534,108.17,0.877,pop,-6.178,0.0441,0.89,Will Smith,4.0,0.15,72,Big Willie Style,Throwback Party,Miami,1997-10-03,1.67e-05,1.0,1.0,197560.0,0.0339,throwback,High,1997.0,3.292666666666667
0.838,100.021,0.832,pop,-5.414,0.152,0.965,Mr. President,4.0,0.0421,72,We See The Same Sun,Throwback Party,Coco Jamboo,1996-05-17,0.0,0.0,1.0,218733.0,0.0791,throwback,High,1996.0,3.64555
0.662,124.149,0.729,pop,-7.191,0.305,0.359,"Stardust, Benjamin Diamond, Alan Braxe, Thomas Bangalter",4.0,0.337,72,Music Sounds Better With You,Throwback Party,Music Sounds Better With You - Radio Edit,1998-07-20,0.208,0.0,5.0,260907.0,0.00128,throwback,High,1998.0,4.34845
0.937,132.067,0.727,pop,-2.871,0.091,0.749,PSY,4.0,0.286,72,Gangnam Style (강남스타일),Throwback Party,Gangnam Style (강남스타일),2012-01-01,0.0,0.0,11.0,219493.0,0.00417,throwback,High,2012.0,3.6582166666666667
0.736,130.011,0.75,pop,-4.168,0.265,0.355,"LMFAO, Lauren Bennett, GoonRock",4.0,0.155,72,Sorry For Party Rocking,Throwback Party,Party Rock Anthem,2011-01-01,0.0,0.0,5.0,262147.0,0.0202,throwback,High,2011.0,4.369116666666667
0.859,124.948,0.733,pop,-5.03,0.105,0.52,"R3HAB, A Touch Of Class",4.0,0.033,71,All Around The World (La La La),Throwback Party,All Around The World (La La La),2019-04-05,0.0645,0.0,9.0,147840.0,0.479,throwback,High,2019.0,2.464
0.786,96.987,0.808,pop,-6.897,0.0574,0.899,Ace of Base,4.0,0.0447,71,The Sign,Throwback Party,The Sign,1993-12-24,0.0701,0.0,4.0,191240.0,0.00928,throwback,High,1993.0,3.187333333333333
0.63,120.016,0.875,pop,-3.475,0.127,0.548,"The Pussycat Dolls, Busta Rhymes",4.0,0.0994,71,PCD,Throwback Party,Don't Cha,2005-01-01,2.47e-06,1.0,1.0,272080.0,0.00546,throwback,High,2005.0,4.534666666666666
0.517,133.149,0.867,pop,-13.22,0.0864,0.862,MC Hammer,4.0,0.088,71,Please Hammer Don't Hurt 'Em,Throwback Party,U Can't Touch This,1990-02-20,0.000343,0.0,11.0,257360.0,0.00449,throwback,High,1990.0,4.289333333333333
0.907,140.982,0.518,pop,-3.732,0.0838,0.961,Billy Ocean,4.0,0.0343,71,Billy Ocean (Expanded Edition),Throwback Party,Love Really Hurts Without You,1976-01-05,1.15e-05,1.0,5.0,179013.0,0.00221,throwback,High,1976.0,2.98355
0.936,131.986,0.729,pop,-7.536,0.0367,0.598,Rednex,4.0,0.0776,71,Sex & Violins,Throwback Party,Cotton Eye Joe,1994-08-12,0.000892,1.0,9.0,194000.0,0.0129,throwback,High,1994.0,3.2333333333333334
0.828,123.907,0.587,pop,-5.108,0.331,0.493,Lady Gaga,4.0,0.161,71,Born This Way (International Special Edition Version),Throwback Party,Born This Way,2011-05-23,0.0,1.0,11.0,260253.0,0.00327,throwback,High,2011.0,4.33755
0.763,101.965,0.72,pop,-4.068,0.18,0.742,"Clean Bandit, Sean Paul, Anne-Marie",4.0,0.0523,70,Rockabye (feat. Sean Paul & Anne-Marie),Throwback Party,Rockabye (feat. Sean Paul & Anne-Marie),2016-10-21,0.0,0.0,9.0,251088.0,0.406,throwback,High,2016.0,4.1848
0.748,125.896,0.503,pop,-4.124,0.343,0.356,"Alesso, Tove Lo",4.0,0.0619,70,Forever,Throwback Party,Heroes (we could be),2015-05-22,0.0,1.0,5.0,210013.0,0.0305,throwback,High,2015.0,3.5002166666666668
0.573,107.363,0.684,pop,-12.3,0.306,0.716,Baltimora,4.0,0.0261,70,Living In The Background,Throwback Party,Tarzan Boy,1985-01-01,0.028,1.0,5.0,378947.0,0.318,throwback,High,1985.0,6.315783333333333
0.732,146.005,0.583,pop,-5.729,0.269,0.277,"Zara Larsson, MNEK",4.0,0.0459,70,So Good,Throwback Party,Never Forget You,2017-03-17,9.57e-06,0.0,11.0,213428.0,0.00315,throwback,High,2017.0,3.5571333333333333
0.792,116.012,0.979,pop,-2.784,0.102,0.583,Vanilla Ice,4.0,0.0388,70,Vanilla Ice Is Back! - Hip Hop Classics,Throwback Party,Ice Ice Baby,2008-11-04,7.71e-06,1.0,2.0,254467.0,0.0025,throwback,High,2008.0,4.241116666666667
0.556,138.978,0.531,pop,-6.245,0.318,0.156,Chezile,3.0,0.0252,82,Beanie,Bedroom Pop,Beanie,2023-11-28,0.00915,1.0,5.0,132160.0,0.407,bedroom,High,2023.0,2.2026666666666666
0.663,146.053,0.634,pop,-6.818,0.102,0.6,beabadoobee,4.0,0.0331,80,Beatopia,Bedroom Pop,the perfect pair,2022-07-15,0.124,1.0,11.0,177533.0,0.433,bedroom,High,2022.0,2.9588833333333335
0.394,96.192,0.421,pop,-8.312,0.0984,0.399,Rio Romeo,3.0,0.0277,78,Good God!,Bedroom Pop,Nothing's New,2022-09-23,4.74e-06,1.0,11.0,211000.0,0.863,bedroom,High,2022.0,3.5166666666666666
0.546,104.996,0.742,pop,-7.694,0.115,0.868,Clairo,4.0,0.0315,78,Immunity,Bedroom Pop,Bags,2019-08-02,0.38,1.0,1.0,260520.0,0.172,bedroom,High,2019.0,4.342
0.486,163.9,0.687,pop,-8.673,0.115,0.792,HYBS,4.0,0.0579,76,Tip Toe,Bedroom Pop,Tip Toe,2023-06-20,0.126,1.0,11.0,224726.0,0.587,bedroom,High,2023.0,3.745433333333333
0.529,75.515,0.551,pop,-10.469,0.178,0.521,Mac DeMarco,4.0,0.0517,80,This Old Dog,Bedroom Pop,For the First Time,2017-05-05,0.0093,0.0,5.0,182307.0,0.296,bedroom,High,2017.0,3.03845
0.0867,129.989,0.696,pop,-25.203,0.108,0.349,sign crushes motorist,4.0,0.0418,73,i'll be okay,Bedroom Pop,Better,2022-08-05,0.922,1.0,7.0,98750.0,0.988,bedroom,High,2022.0,1.6458333333333333
0.351,87.057,0.665,pop,-9.424,0.109,0.451,Crumb,4.0,0.0276,71,Jinx,Bedroom Pop,Ghostride,2019-06-14,0.819,1.0,2.0,126120.0,0.516,bedroom,High,2019.0,2.102
0.585,102.331,0.75,pop,-7.576,0.155,0.584,Clairo,4.0,0.0285,73,4EVER,Bedroom Pop,4EVER,2018-04-27,0.00552,0.0,9.0,159595.0,0.049,bedroom,High,2018.0,2.6599166666666667
0.286,71.123,0.587,pop,-8.839,0.214,0.302,Faye Webster,4.0,0.0315,71,I Know I'm Funny haha,Bedroom Pop,In A Good Way,2021-06-25,0.0288,1.0,9.0,224680.0,0.185,bedroom,High,2021.0,3.744666666666667
0.382,155.901,0.541,pop,-14.323,0.304,0.343,girl in red,4.0,0.035,73,i wanna be your girlfriend,Bedroom Pop,i wanna be your girlfriend,2018-03-02,0.000836,1.0,7.0,204991.0,0.0215,bedroom,High,2018.0,3.416516666666667
0.872,184.115,0.466,rock,-3.344,0.121,0.806,Linkin Park,4.0,0.0336,89,The Emptiness Machine,Alternative Rock,The Emptiness Machine,2024-09-05,0.0,1.0,7.0,190428.0,0.0156,alternative,High,2024.0,3.1738
0.62,117.038,0.741,rock,-5.505,0.0398,0.934,Hozier,4.0,0.0412,79,Unheard,Alternative Rock,Too Sweet,2024-03-22,0.000809,1.0,10.0,251424.0,0.0295,alternative,High,2024.0,4.1904
0.568,107.849,0.614,rock,-5.477,0.0997,0.516,Audioslave,4.0,0.0276,77,Audioslave,Alternative Rock,Like a Stone,2002-11-17,0.0,0.0,7.0,293960.0,0.00797,alternative,High,2002.0,4.899333333333334
0.532,85.03,0.548,rock,-7.596,0.217,0.405,Arctic Monkeys,4.0,0.0323,84,AM,Alternative Rock,Do I Wanna Know?,2013-09-09,0.000263,1.0,5.0,272394.0,0.186,alternative,High,2013.0,4.5399
0.767,96.483,0.592,rock,-2.788,0.127,0.328,Red Hot Chili Peppers,4.0,0.027,81,Californication (Deluxe Edition),Alternative Rock,Californication,1999-06-08,0.00165,0.0,9.0,329733.0,0.0021,alternative,High,1999.0,5.49555
0.713,74.989,0.645,rock,-5.355,0.113,0.566,Twenty One Pilots,4.0,0.0393,80,Blurryface,Alternative Rock,Ride,2015-05-15,0.0,1.0,6.0,214507.0,0.00835,alternative,High,2015.0,3.5751166666666667
0.795,123.229,0.458,rock,-3.265,0.0756,0.513,Red Hot Chili Peppers,4.0,0.0574,81,Californication (Deluxe Edition),Alternative Rock,Otherside,1999-06-08,0.000202,1.0,0.0,255373.0,0.00316,alternative,High,1999.0,4.256216666666667
0.935,120.092,0.627,rock,-4.882,0.147,0.287,Linkin Park,4.0,0.0324,81,Minutes to Midnight,Alternative Rock,What I've Done,2007-05-14,0.0,1.0,5.0,205227.0,0.0092,alternative,High,2007.0,3.42045
0.87,164.057,0.28,rock,-4.219,0.101,0.284,Paramore,4.0,0.0592,71,Decode,Alternative Rock,Decode,2008-11-04,0.00608,0.0,10.0,261960.0,0.000686,alternative,High,2008.0,4.366
0.865,100.016,0.58,rock,-4.359,0.106,0.587,Linkin Park,4.0,0.0313,74,Meteora (Bonus Edition),Alternative Rock,Breaking the Habit,2003-09-16,0.0,0.0,4.0,196133.0,0.105,alternative,High,2003.0,3.268883333333333
0.941,119.783,0.502,rock,-5.194,0.553,0.124,Yeah Yeah Yeahs,4.0,0.0716,75,Fever To Tell (Deluxe Remastered),Alternative Rock,Maps,2003-04-29,0.319,1.0,7.0,219987.0,0.000346,alternative,High,2003.0,3.66645
0.972,110.006,0.585,rock,-4.45,0.0707,0.585,Linkin Park,4.0,0.0534,76,LIVING THINGS,Alternative Rock,BURN IT DOWN,2012-06-19,0.0,0.0,9.0,230253.0,0.0143,alternative,High,2012.0,3.83755
0.881,158.066,0.413,rock,-5.541,0.0805,0.364,Foo Fighters,4.0,0.0367,81,The Colour And The Shape,Alternative Rock,Everlong,1997-05-20,0.000308,0.0,11.0,250547.0,5.99e-05,alternative,High,1997.0,4.175783333333333
0.808,117.971,0.493,rock,-3.365,0.0983,0.38,Linkin Park,4.0,0.0362,70,Transformers: Revenge Of The Fallen The Album,Alternative Rock,New Divide,2009-06-12,0.0,0.0,5.0,268613.0,0.000235,alternative,High,2009.0,4.476883333333333
0.742,159.779,0.268,rock,-4.939,0.626,0.416,Green Day,4.0,0.0355,74,21st Century Breakdown,Alternative Rock,21 Guns,2009-05-15,0.0,1.0,5.0,321093.0,0.0518,alternative,High,2009.0,5.35155
0.839,94.015,0.517,rock,-3.521,0.108,0.416,Keane,4.0,0.0287,73,Hopes And Fears,Alternative Rock,Everybody's Changing,2004-05-10,0.000365,1.0,0.0,215880.0,0.0014,alternative,High,2004.0,3.598
0.637,80.401,0.514,rock,-6.418,0.389,0.18,Linkin Park,4.0,0.0363,71,Minutes to Midnight,Alternative Rock,Leave Out All The Rest,2007-05-14,2.27e-06,1.0,0.0,209307.0,0.213,alternative,High,2007.0,3.48845
0.796,169.835,0.289,rock,-4.22,0.202,0.33,My Chemical Romance,4.0,0.0494,74,The Black Parade,Alternative Rock,I Don't Love You,2006-10-23,2.61e-05,1.0,0.0,238680.0,0.00837,alternative,High,2006.0,3.978
0.717,88.969,0.595,rock,-4.803,0.108,0.547,Red Hot Chili Peppers,4.0,0.0295,82,Californication (Deluxe Edition),Alternative Rock,Scar Tissue,1999-06-08,0.00274,1.0,0.0,215907.0,0.0779,alternative,High,1999.0,3.59845
0.442,81.201,0.513,rock,-13.529,0.0878,0.243,Pixies,4.0,0.0343,72,Death to the Pixies,Alternative Rock,Where Is My Mind?,1997-10-06,0.000838,1.0,4.0,229227.0,0.00731,alternative,High,1997.0,3.82045
0.911,108.0,0.615,rock,-3.584,0.0908,0.685,Linkin Park,4.0,0.0278,74,LIVING THINGS,Alternative Rock,CASTLE OF GLASS,2012-06-19,0.00188,0.0,1.0,205400.0,0.0686,alternative,High,2012.0,3.4233333333333333
0.938,91.455,0.618,rock,-3.442,0.167,0.875,Red Hot Chili Peppers,4.0,0.0456,81,By the Way (Deluxe Edition),Alternative Rock,Can't Stop,2002-07-09,0.0,1.0,9.0,269000.0,0.0179,alternative,High,2002.0,4.483333333333333
0.684,77.15,0.36,rock,-6.457,0.34,0.2,Pearl Jam,4.0,0.0308,73,Ten,Alternative Rock,Black,1991-08-27,0.0,0.0,4.0,342653.0,0.323,alternative,High,1991.0,5.710883333333333
0.901,113.967,0.621,rock,-5.396,0.0875,0.744,New Radicals,4.0,0.0302,74,Maybe You've Been Brainwashed Too,Alternative Rock,You Get What You Give,1998-01-01,0.0,1.0,2.0,300773.0,0.17,alternative,High,1998.0,5.012883333333333
0.595,129.786,0.519,rock,-5.001,0.0762,0.237,Måneskin,4.0,0.0283,68,THE LONELIEST,Alternative Rock,THE LONELIEST,2022-10-07,0.0,1.0,2.0,247067.0,0.00151,alternative,High,2022.0,4.117783333333334
0.849,156.036,0.636,rock,-7.075,0.372,0.917,Cage The Elephant,4.0,0.106,76,Cage The Elephant (Expanded Edition),Alternative Rock,Ain't No Rest for the Wicked,2009-03-24,0.0,1.0,0.0,175493.0,0.0438,alternative,High,2009.0,2.9248833333333333
0.9,104.655,0.427,rock,-3.674,0.119,0.599,Red Hot Chili Peppers,4.0,0.0499,77,Stadium Arcadium,Alternative Rock,Snow (Hey Oh),2006-05-09,1.75e-05,1.0,11.0,334667.0,0.116,alternative,High,2006.0,5.5777833333333335
0.921,120.0,0.668,rock,-3.727,0.0877,0.782,Muse,4.0,0.0439,78,Black Holes and Revelations,Alternative Rock,Supermassive Black Hole,2006-06-19,0.00517,1.0,7.0,212440.0,0.0492,alternative,High,2006.0,3.5406666666666666
0.944,105.338,0.394,rock,-6.506,0.298,0.265,Pearl Jam,4.0,0.0761,77,Ten,Alternative Rock,Even Flow,1991-08-27,4.54e-06,0.0,10.0,292581.0,0.00178,alternative,High,1991.0,4.87635
0.905,128.019,0.602,rock,-4.046,0.117,0.411,Muse,4.0,0.0775,75,The Resistance,Alternative Rock,Uprising,2009-09-10,0.064,1.0,2.0,304840.0,0.000202,alternative,High,2009.0,5.080666666666667
0.715,137.028,0.276,rock,-5.356,0.201,0.173,Kings of Leon,4.0,0.0432,76,Only By The Night,Alternative Rock,Use Somebody,2008-09-23,0.000417,1.0,0.0,230760.0,0.00552,alternative,High,2008.0,3.846
0.913,96.184,0.556,rock,-2.36,0.346,0.73,Red Hot Chili Peppers,4.0,0.0437,77,Stadium Arcadium,Alternative Rock,Dani California,2006-05-09,8.59e-06,1.0,0.0,282160.0,0.0193,alternative,High,2006.0,4.7026666666666666
0.839,143.969,0.572,rock,-5.083,0.522,0.465,Beach Weather,4.0,0.0377,73,Chit Chat,Alternative Rock,"Sex, Drugs, Etc.",2016-11-04,0.00976,0.0,4.0,196784.0,0.013,alternative,High,2016.0,3.279733333333333
0.588,144.636,0.424,rock,-5.455,0.298,0.193,Coldplay,4.0,0.0278,74,A Rush of Blood to the Head,Alternative Rock,In My Place,2002-08-27,4.95e-06,1.0,9.0,226680.0,0.0553,alternative,High,2002.0,3.778
0.939,106.031,0.644,rock,-3.486,0.233,0.861,Finger Eleven,4.0,0.0456,74,Them Vs. You Vs. Me (Deluxe Edition),Alternative Rock,Paralyzer,2007-01-01,0.0,0.0,11.0,208107.0,0.157,alternative,High,2007.0,3.46845
0.486,119.955,0.556,rock,-7.139,0.164,0.243,Green Day,4.0,0.0329,68,21st Century Breakdown,Alternative Rock,Last Night on Earth,2009-05-15,1.45e-06,1.0,2.0,236533.0,0.0371,alternative,High,2009.0,3.9422166666666665
0.842,100.127,0.297,rock,-7.457,0.0848,0.586,Alice In Chains,4.0,0.0488,72,Dirt (2022 Remaster),Alternative Rock,Would? (2022 Remaster),1992-09-29,9.1e-06,1.0,6.0,206773.0,0.000286,alternative,High,1992.0,3.4462166666666665
0.796,105.991,0.6,rock,-4.481,0.484,0.75,The Rasmus,4.0,0.0275,71,Dead Letters,Alternative Rock,In the Shadows,2003-03-24,5.2e-05,1.0,2.0,257920.0,0.000109,alternative,High,2003.0,4.298666666666667
0.663,104.561,0.277,rock,-8.821,0.136,0.527,Franz Ferdinand,4.0,0.0377,80,Franz Ferdinand,Alternative Rock,Take Me Out,2004-02-16,0.00051,0.0,4.0,237027.0,0.000409,alternative,High,2004.0,3.95045
0.645,89.518,0.552,rock,-6.595,0.0424,0.588,Candlebox,4.0,0.0268,68,Candlebox,Alternative Rock,Far Behind,1993-07-16,1.38e-06,1.0,7.0,299733.0,0.00187,alternative,High,1993.0,4.99555
0.584,170.411,0.509,rock,-4.907,0.384,0.685,Queens of the Stone Age,4.0,0.057,69,Songs For The Deaf,Alternative Rock,No One Knows,2002-01-01,9.96e-05,1.0,0.0,278747.0,0.0368,alternative,High,2002.0,4.645783333333333
0.94,151.417,0.437,rock,-6.946,0.222,0.48,The Cure,4.0,0.0426,73,"Kiss Me, Kiss Me, Kiss Me",Alternative Rock,Just Like Heaven,1987-01-01,0.000573,1.0,9.0,212013.0,0.0524,alternative,High,1987.0,3.53355
0.97,122.444,0.451,rock,-4.938,0.102,0.198,Red Hot Chili Peppers,4.0,0.107,74,By the Way (Deluxe Edition),Alternative Rock,By the Way,2002-07-09,0.00355,1.0,0.0,216933.0,0.0264,alternative,High,2002.0,3.61555
0.945,91.906,0.51,rock,-5.405,0.0413,0.323,Linkin Park,4.0,0.0804,79,From Zero,Rock This,Two Faced,2024-11-15,4.8e-06,1.0,1.0,183584.0,0.000658,modern,High,2024.0,3.0597333333333334
0.862,98.021,0.511,rock,-5.677,0.0939,0.361,Fontaines D.C.,4.0,0.0659,69,Romance,Rock This,Starburster,2024-08-23,1.86e-06,1.0,10.0,221451.0,0.0656,modern,High,2024.0,3.69085
0.812,82.002,0.417,rock,-3.979,0.189,0.419,beabadoobee,4.0,0.0332,69,This Is How Tomorrow Moves,Rock This,Beaches,2024-08-09,2.11e-05,1.0,10.0,230053.0,0.0154,modern,High,2024.0,3.834216666666667
0.872,184.115,0.466,rock,-3.344,0.121,0.806,Linkin Park,4.0,0.0336,79,From Zero,Rock This,The Emptiness Machine,2024-11-15,0.0,1.0,7.0,190428.0,0.0156,modern,High,2024.0,3.1738
0.964,140.817,0.445,metal,-5.493,0.0773,0.448,Metallica,4.0,0.282,68,Kill 'Em All (Remastered),Heavy Metal Classics,Seek & Destroy - Remastered,1983-07-24,0.0132,1.0,9.0,414720.0,0.037,heavy,High,1983.0,6.912
0.908,114.816,0.415,metal,-9.701,0.082,0.437,Pantera,4.0,0.0765,71,Cowboys from Hell,Heavy Metal Classics,Cowboys from Hell,1990-07-20,0.0345,1.0,2.0,243533.0,0.00437,heavy,High,1990.0,4.058883333333333
0.836,105.173,0.543,metal,-9.11,0.153,0.56,Metallica,4.0,0.0353,75,Master Of Puppets (Remastered),Death Metal Essentials,Master Of Puppets,1986-03-03,0.431,0.0,4.0,515387.0,0.000647,death,High,1986.0,8.589783333333333
0.704,118.242,0.43,metal,-8.008,0.0933,0.703,Pantera,4.0,0.0804,73,Vulgar Display of Power,Death Metal Essentials,Walk,1992-02-21,0.00221,0.0,1.0,315120.0,0.000155,death,High,1992.0,5.252
0.934,127.066,0.417,metal,-3.908,0.132,0.287,System Of A Down,4.0,0.119,83,Toxicity,Death Metal Essentials,Chop Suey!,2001-09-04,0.0015,0.0,7.0,210240.0,0.000278,death,High,2001.0,3.504
0.891,92.049,0.283,metal,-8.165,0.159,0.226,Korn,4.0,0.178,68,Korn,Death Metal Essentials,Blind,1994-10-11,0.0038,1.0,2.0,258267.0,0.00678,death,High,1994.0,4.30445
0.695,102.178,0.437,metal,-9.447,0.124,0.413,Metallica,3.0,0.0617,72,...And Justice For All,Death Metal Essentials,One,1988-08-25,0.0857,1.0,7.0,447440.0,0.00111,death,High,1988.0,7.457333333333334
0.763,148.366,0.365,metal,-9.45,0.0865,0.342,Danzig,4.0,0.0591,69,Danzig,Death Metal Essentials,Mother,1988-01-01,0.000457,0.0,11.0,204867.0,0.00726,death,High,1988.0,3.41445
0.908,114.816,0.415,metal,-9.701,0.082,0.437,Pantera,4.0,0.0765,71,Cowboys from Hell,Death Metal Essentials,Cowboys from Hell,1990-07-20,0.0345,1.0,2.0,243533.0,0.00437,death,High,1990.0,4.058883333333333
0.828,123.257,0.577,metal,-8.691,0.0581,0.604,Metallica,4.0,0.0298,79,Metallica,Death Metal Essentials,Enter Sandman,1991-08-12,0.0114,0.0,6.0,331267.0,0.00213,death,High,1991.0,5.521116666666667
0.916,118.004,0.58,metal,-4.358,0.126,0.683,Avenged Sevenfold,4.0,0.0387,75,Hail to the King,Death Metal Essentials,Hail to the King,2013-08-23,0.0259,0.0,3.0,305907.0,0.000297,death,High,2013.0,5.09845
0.898,103.299,0.353,metal,-5.877,0.39,0.525,Korn,4.0,0.052,77,Follow The Leader,Death Metal Essentials,Freak On a Leash,1998-08-18,0.105,1.0,2.0,255733.0,2.23e-05,death,High,1998.0,4.262216666666666
0.963,125.033,0.59,metal,-6.489,0.0781,0.586,Rob Zombie,4.0,0.0676,77,Hellbilly Deluxe,Death Metal Essentials,Dragula,1998-01-01,0.000105,0.0,0.0,222827.0,8.75e-05,death,High,1998.0,3.713783333333333
0.949,129.984,0.554,metal,-4.928,0.2,0.233,Avenged Sevenfold,4.0,0.0787,70,Nightmare,Death Metal Essentials,Nightmare,2010-07-23,9.98e-05,1.0,2.0,374453.0,0.000318,death,High,2010.0,6.240883333333334
0.781,71.841,0.443,metal,-4.277,0.166,0.372,Deftones,4.0,0.0377,77,Around the Fur,Death Metal Essentials,My Own Summer (Shove It),1997-10-27,0.205,1.0,1.0,214760.0,1.33e-05,death,High,1997.0,3.5793333333333335
0.714,107.441,0.567,metal,-8.512,0.186,0.191,TOOL,3.0,0.0302,68,Lateralus,Death Metal Essentials,Schism,2001-05-15,0.417,0.0,9.0,403533.0,0.0012,death,High,2001.0,6.72555
0.776,77.987,0.585,punk,-5.898,0.3,0.427,Avril Lavigne,4.0,0.0459,81,Let Go,Pop Punk Powerhouses,Complicated,2002-06-04,7.74e-06,1.0,5.0,244507.0,0.0572,pop punk,High,2002.0,4.075116666666666
0.954,143.85,0.465,punk,-4.251,0.573,0.458,The All-American Rejects,4.0,0.044,70,Move Along,Pop Punk Powerhouses,Dirty Little Secret,2005-01-01,5.38e-06,1.0,10.0,193653.0,0.000346,pop punk,High,2005.0,3.22755
0.849,162.152,0.643,punk,-5.428,0.058,0.903,Jimmy Eat World,4.0,0.0526,80,Bleed American,Pop Punk Powerhouses,The Middle,2001-07-17,0.0,1.0,2.0,165853.0,0.0371,pop punk,High,2001.0,2.7642166666666665
0.691,100.008,0.718,punk,-6.44,0.0627,0.552,The All-American Rejects,4.0,0.0387,69,When The World Comes Down,Pop Punk Powerhouses,Gives You Hell,2008-01-01,0.0,1.0,4.0,213107.0,0.0159,pop punk,High,2008.0,3.5517833333333333
0.75,118.015,0.774,punk,-4.927,0.0808,0.927,Fountains Of Wayne,4.0,0.0412,72,Welcome Interstate Managers,Pop Punk Powerhouses,Stacy's Mom,2003-01-01,1.78e-05,0.0,11.0,197987.0,0.00207,pop punk,High,2003.0,3.2997833333333335
0.906,172.977,0.517,punk,-3.677,0.113,0.731,Paramore,4.0,0.0735,73,Riot!,Pop Punk Powerhouses,Misery Business,2007-06-11,9.26e-06,1.0,1.0,211520.0,0.00272,pop punk,High,2007.0,3.525333333333333
0.883,93.41,0.45,punk,-4.094,0.293,0.328,Evanescence,4.0,0.0524,69,The Open Door,Pop Punk Powerhouses,Call Me When You're Sober,2006-01-01,0.0,1.0,7.0,214707.0,0.00193,pop punk,High,2006.0,3.57845
0.9,149.937,0.487,punk,-4.417,0.358,0.484,Avril Lavigne,4.0,0.0482,77,Let Go,Pop Punk Powerhouses,Sk8er Boi,2002-06-04,0.0,1.0,0.0,204000.0,6.79e-05,pop punk,High,2002.0,3.4
0.406,151.95,0.457,punk,-7.462,0.117,0.208,Avril Lavigne,3.0,0.0291,73,Let Go,Pop Punk Powerhouses,I'm with You,2002-06-04,0.0,1.0,9.0,223067.0,0.08,pop punk,High,2002.0,3.717783333333333
0.939,177.751,0.494,punk,-3.127,0.139,0.893,Good Charlotte,4.0,0.126,75,The Young and The Hopeless,Pop Punk Powerhouses,The Anthem,2002-10-04,0.0,1.0,1.0,175093.0,0.00666,pop punk,High,2002.0,2.9182166666666665
0.893,104.031,0.61,punk,-3.681,0.021,0.673,Paramore,4.0,0.0921,71,Paramore,Pop Punk Powerhouses,Ain't It Fun,2013-04-05,4.41e-05,1.0,9.0,296520.0,0.154,pop punk,High,2013.0,4.942
0.923,136.01,0.602,punk,-3.763,0.0561,0.765,Paramore,4.0,0.044,78,Paramore,Pop Punk Powerhouses,Still into You,2013-04-05,0.0,1.0,5.0,216013.0,0.0098,pop punk,High,2013.0,3.600216666666667
0.83,170.094,0.569,punk,-4.106,0.114,0.609,Panic! At The Disco,4.0,0.14,72,A Fever You Can't Sweat Out,Pop Punk Powerhouses,I Write Sins Not Tragedies,2005-09-27,0.0,0.0,9.0,186635.0,0.0807,pop punk,High,2005.0,3.1105833333333335
0.897,148.708,0.434,punk,-4.918,0.612,0.685,blink-182,4.0,0.0488,81,Enema Of The State,Pop Punk Powerhouses,All The Small Things,1999-06-01,0.0,1.0,0.0,167067.0,0.0103,pop punk,High,1999.0,2.78445
0.814,104.98,0.546,punk,-5.146,0.0972,0.146,Green Day,4.0,0.0314,77,American Idiot,Pop Punk Powerhouses,Wake Me up When September Ends,2004-09-21,0.0,1.0,7.0,285653.0,0.023,pop punk,High,2004.0,4.760883333333333
0.943,94.612,0.331,punk,-3.188,0.242,0.296,Evanescence,4.0,0.0698,83,Fallen,Pop Punk Powerhouses,Bring Me To Life,2003-03-04,2.06e-06,0.0,4.0,235893.0,0.00721,pop punk,High,2003.0,3.93155
0.926,149.976,0.578,punk,-3.689,0.14,0.877,Avril Lavigne,4.0,0.0548,71,Goodbye Lullaby (Expanded Edition),Pop Punk Powerhouses,What the Hell,2011-03-08,0.0127,0.0,6.0,220707.0,0.00472,pop punk,High,2011.0,3.67845
0.781,110.024,0.655,punk,-6.547,0.0867,0.584,blink-182,4.0,0.034,75,blink-182,Pop Punk Powerhouses,I Miss You,2003-01-01,5.33e-06,1.0,11.0,227240.0,0.00103,pop punk,High,2003.0,3.787333333333333
0.682,167.06,0.496,punk,-4.095,0.0589,0.474,Green Day,4.0,0.0294,70,Greatest Hits: God's Favorite Band,Pop Punk Powerhouses,Boulevard of Broken Dreams,2017-11-17,2.94e-05,1.0,8.0,262333.0,0.00552,pop punk,High,2017.0,4.372216666666667
0.988,186.113,0.38,punk,-2.042,0.368,0.769,Green Day,4.0,0.0639,79,American Idiot,Pop Punk Powerhouses,American Idiot,2004-09-21,7.86e-05,1.0,1.0,176346.0,2.64e-05,pop punk,High,2004.0,2.9391
0.823,87.904,0.693,punk,-3.761,0.328,0.741,Weezer,4.0,0.0726,68,Make Believe,Pop Punk Powerhouses,Beverly Hills,2005-05-10,0.0,1.0,5.0,196093.0,0.0932,pop punk,High,2005.0,3.2682166666666665
0.563,137.715,0.452,punk,-6.607,0.143,0.209,Paramore,3.0,0.0272,74,Brand New Eyes,Pop Punk Powerhouses,The Only Exception,2009-09-28,0.0,1.0,4.0,267653.0,0.144,pop punk,High,2009.0,4.460883333333333
0.744,119.921,0.628,punk,-4.718,0.313,0.277,"mgk, YUNGBLUD, Travis Barker",4.0,0.0379,68,Hotel Diablo,Pop Punk Powerhouses,I Think I'm OKAY (with YUNGBLUD & Travis Barker),2019-07-05,0.0,1.0,7.0,169397.0,0.0257,pop punk,High,2019.0,2.8232833333333334
0.946,103.408,0.494,punk,-2.757,0.398,0.741,Lit,4.0,0.0637,74,A Place In The Sun,Pop Punk Powerhouses,My Own Worst Enemy,1999-02-22,0.0,1.0,4.0,169027.0,0.00129,pop punk,High,1999.0,2.8171166666666667
0.904,173.734,0.486,punk,-3.751,0.0947,0.786,Yellowcard,4.0,0.0638,71,Ocean Avenue,Pop Punk Powerhouses,Ocean Avenue,2003-01-01,2.83e-05,0.0,6.0,198267.0,3.43e-05,pop punk,High,2003.0,3.30445
0.932,92.956,0.545,punk,-2.189,0.127,0.464,The Red Jumpsuit Apparatus,4.0,0.0399,75,Don't You Fake It,Pop Punk Powerhouses,Face Down,2006-01-01,0.0,0.0,7.0,192000.0,0.000665,pop punk,High,2006.0,3.2
0.873,143.519,0.308,punk,-4.542,0.0974,0.686,AFI,4.0,0.0533,68,DECEMBERUNDERGROUND,Pop Punk Powerhouses,Miss Murder,2006-06-06,0.000729,1.0,8.0,206587.0,0.00022,pop punk,High,2006.0,3.4431166666666666
0.892,154.844,0.46,punk,-5.046,0.106,0.59,Fall Out Boy,4.0,0.0619,77,Infinity On High,Pop Punk Powerhouses,Thnks fr th Mmrs,2007-01-01,0.0,0.0,10.0,203507.0,0.0051,pop punk,High,2007.0,3.391783333333333
0.857,111.647,0.463,punk,-3.063,0.184,0.856,My Chemical Romance,4.0,0.0632,79,The Black Parade,Pop Punk Powerhouses,Teenagers,2006-10-23,0.0,1.0,4.0,161920.0,0.0506,pop punk,High,2006.0,2.6986666666666665
0.914,196.482,0.403,punk,-5.215,0.065,0.626,Sum 41,4.0,0.142,73,"All Killer, No Filler",Pop Punk Powerhouses,Fat Lip,2001-01-01,0.0,1.0,9.0,178267.0,0.000579,pop punk,High,2001.0,2.9711166666666666
0.951,157.663,0.391,punk,-7.419,0.0878,0.468,blink-182,4.0,0.0688,77,Enema Of The State,Pop Punk Powerhouses,What's My Age Again?,1999-06-01,0.000446,1.0,6.0,148360.0,0.012,pop punk,High,1999.0,2.4726666666666666
0.705,138.559,0.818,punk,-6.679,0.613,0.772,Gorillaz,4.0,0.177,84,Demon Days,Pop Punk Powerhouses,Feel Good Inc.,2005-05-23,0.00233,1.0,6.0,222640.0,0.00836,pop punk,High,2005.0,3.7106666666666666
0.94,179.722,0.21,punk,-3.427,0.269,0.255,My Chemical Romance,4.0,0.123,74,Three Cheers for Sweet Revenge,Pop Punk Powerhouses,I'm Not Okay (I Promise),2004-06-08,0.0,1.0,9.0,186480.0,0.00602,pop punk,High,2004.0,3.108
0.87,164.057,0.28,punk,-4.219,0.101,0.284,Paramore,4.0,0.0592,71,Decode,Pop Punk Powerhouses,Decode,2008-11-04,0.00608,0.0,10.0,261960.0,0.000686,pop punk,High,2008.0,4.366
0.818,119.965,0.695,punk,-5.379,0.0219,0.916,Paramore,4.0,0.0334,73,After Laughter,Pop Punk Powerhouses,Hard Times,2017-05-12,4.87e-06,0.0,5.0,182693.0,0.00647,pop punk,High,2017.0,3.0448833333333334
0.96,125.921,0.356,punk,-3.487,0.209,0.0857,My Chemical Romance,4.0,0.104,76,Three Cheers for Sweet Revenge,Pop Punk Powerhouses,Helena,2004-06-08,0.0,1.0,4.0,204733.0,0.0142,pop punk,High,2004.0,3.4122166666666667
0.883,122.252,0.467,punk,-3.679,0.125,0.309,My Chemical Romance,4.0,0.106,72,The Black Parade,Pop Punk Powerhouses,Famous Last Words,2006-10-23,0.000152,0.0,2.0,299227.0,0.000321,pop punk,High,2006.0,4.987116666666667
0.986,165.981,0.411,punk,-2.522,0.371,0.649,My Chemical Romance,4.0,0.0583,68,Danger Days: The True Lives of the Fabulous Killjoys,Pop Punk Powerhouses,Na Na Na (Na Na Na Na Na Na Na Na Na),2010-11-05,0.00148,0.0,8.0,205960.0,0.000264,pop punk,High,2010.0,3.4326666666666665
0.796,169.835,0.289,punk,-4.22,0.202,0.33,My Chemical Romance,4.0,0.0494,74,The Black Parade,Pop Punk Powerhouses,I Don't Love You,2006-10-23,2.61e-05,1.0,0.0,238680.0,0.00837,pop punk,High,2006.0,3.978
0.886,145.781,0.202,punk,-3.805,0.643,0.192,My Chemical Romance,4.0,0.0816,70,Three Cheers for Sweet Revenge,Pop Punk Powerhouses,The Ghost of You,2004-06-08,0.0,0.0,11.0,194253.0,0.0286,pop punk,High,2004.0,3.23755
0.842,162.011,0.494,punk,-4.784,0.122,0.574,Fall Out Boy,4.0,0.0843,76,From Under The Cork Tree,Pop Punk Powerhouses,"Sugar, We're Goin Down",2005-05-03,0.0,1.0,7.0,229093.0,0.00579,pop punk,High,2005.0,3.818216666666667
0.961,114.451,0.621,punk,-3.198,0.0854,0.449,Fall Out Boy,4.0,0.154,75,From Under The Cork Tree,Pop Punk Powerhouses,"Dance, Dance",2005-05-03,0.0,0.0,11.0,180267.0,0.00523,pop punk,High,2005.0,3.00445
0.827,167.086,0.29,punk,-3.451,0.301,0.45,Green Day,4.0,0.0362,69,American Idiot,Pop Punk Powerhouses,Holiday / Boulevard of Broken Dreams,2004-09-21,2.55e-06,1.0,8.0,493400.0,0.000659,pop punk,High,2004.0,8.223333333333333
0.775,136.02,0.52,punk,-5.803,0.364,0.383,blink-182,4.0,0.0348,71,Enema Of The State,Pop Punk Powerhouses,Adam's Song,1999-06-01,0.0,1.0,0.0,249627.0,0.034,pop punk,High,1999.0,4.16045
0.965,112.363,0.403,punk,-2.238,0.341,0.431,"Pierce The Veil, Kellin Quinn",4.0,0.0964,75,Collide With The Sky,Pop Punk Powerhouses,King For A Day,2012-07-17,0.000276,1.0,6.0,236293.0,3.81e-05,pop punk,High,2012.0,3.9382166666666665
0.925,159.989,0.472,punk,-3.545,0.0826,0.338,Pierce The Veil,4.0,0.15,68,Collide With The Sky,Pop Punk Powerhouses,Bulls In The Bronx,2012-07-17,0.000528,0.0,6.0,267867.0,0.000394,pop punk,High,2012.0,4.46445
0.422,112.751,0.756,blues,-12.967,0.0368,0.487,Elton John,4.0,0.0292,72,Sleeping With The Past (Remastered with bonus tracks),Classic Blues,Sacrifice,1989-08-29,0.00183,0.0,11.0,304133.0,0.0165,classic,High,1989.0,5.068883333333333
0.214,67.531,0.332,blues,-12.518,0.0839,0.11,Whitney Houston,4.0,0.0349,75,The Bodyguard - Original Soundtrack Album,Classic Blues,I Will Always Love You,1992-11-17,5.62e-06,1.0,4.0,271093.0,0.845,classic,High,1992.0,4.5182166666666665
0.498,116.262,0.581,blues,-6.9,0.132,0.111,Phil Collins,4.0,0.0276,74,The Singles (Expanded),Classic Blues,Against All Odds (Take a Look at Me Now) - 2016 Remaster,2016-10-14,0.0,1.0,1.0,206360.0,0.198,classic,High,2016.0,3.4393333333333334
0.428,149.705,0.641,blues,-9.29,0.0579,0.53,Boyz II Men,3.0,0.024,70,Cooleyhighharmony (Bonus Tracks Version),Classic Blues,End Of The Road,1991-04-30,0.0,0.0,5.0,351467.0,0.0666,classic,High,1991.0,5.857783333333333
0.519,140.054,0.546,blues,-9.072,0.24,0.247,Céline Dion,4.0,0.0291,71,The Colour Of My Love,Classic Blues,The Power of Love,1993-11-09,0.00046,1.0,8.0,342400.0,0.36,classic,High,1993.0,5.706666666666667
0.652,80.61,0.52,blues,-6.655,0.256,0.722,Roxette,4.0,0.0274,77,It Must Have Been Love,Classic Blues,"It Must Have Been Love - From the Film ""Pretty Woman""",1990-05-20,6.14e-05,1.0,5.0,258787.0,0.339,classic,High,1990.0,4.313116666666667
0.402,119.873,0.651,blues,-9.303,0.0765,0.258,Michael Jackson,4.0,0.028,68,"HIStory - PAST, PRESENT AND FUTURE - BOOK I",Classic Blues,You Are Not Alone,1995-06-16,7.73e-05,1.0,11.0,345600.0,0.639,classic,High,1995.0,5.76
0.317,131.783,0.509,blues,-16.063,0.0878,0.247,Lionel Richie,4.0,0.0305,69,Can't Slow Down,Classic Blues,Stuck On You,1983-01-01,5.28e-05,1.0,5.0,192067.0,0.621,classic,High,1983.0,3.2011166666666666
0.381,121.948,0.476,blues,-10.238,0.0614,0.33,Roberta Flack,4.0,0.0342,70,Killing Me Softly,Classic Blues,Killing Me Softly With His Song,1973-01-01,0.0,0.0,5.0,286920.0,0.727,classic,High,1973.0,4.782
0.264,99.304,0.636,blues,-14.567,0.275,0.264,Whitney Houston,3.0,0.0263,68,Whitney Houston,Classic Blues,Saving All My Love for You,1985-02-14,4.22e-05,0.0,6.0,238467.0,0.593,classic,High,1985.0,3.97445
0.249,82.803,0.418,blues,-13.744,0.112,0.213,Enya,4.0,0.0301,71,A Day Without Rain,Classic Blues,Only Time,2000-11-11,0.661,1.0,3.0,218547.0,0.841,classic,High,2000.0,3.64245
0.74,118.01,0.593,blues,-6.12,0.102,0.501,OneRepublic,4.0,0.0339,69,Dreaming Out Loud,Classic Blues,Apologize,2007-11-20,2.14e-05,1.0,8.0,208107.0,0.364,classic,High,2007.0,3.46845
0.64,101.991,0.691,blues,-5.087,0.2,0.452,Céline Dion,4.0,0.0384,69,A New Day Has Come,Classic Blues,I'm Alive,2002-03-22,5.24e-06,1.0,8.0,210227.0,0.0247,classic,High,2002.0,3.5037833333333332
0.533,131.745,0.584,blues,-7.11,0.306,0.224,Seal,3.0,0.0305,71,Seal,Classic Blues,Kiss from a Rose,1994-05-31,0.0,0.0,10.0,288427.0,0.684,classic,High,1994.0,4.8071166666666665
0.65,129.993,0.727,blues,-5.357,0.111,0.668,Ne-Yo,4.0,0.0337,70,Year Of The Gentleman (Bonus Track Edition),Classic Blues,Mad,2008-01-01,0.0,1.0,0.0,254533.0,0.662,classic,High,2008.0,4.242216666666667
0.588,94.519,0.686,blues,-8.343,0.0954,0.617,Mario,4.0,0.0554,75,Turning Point,Classic Blues,Let Me Love You,2004-03-15,0.0,0.0,7.0,249120.0,0.178,classic,High,2004.0,4.152
0.72,79.983,0.508,blues,-5.908,0.0563,0.472,Beyoncé,4.0,0.0628,71,I AM...SASHA FIERCE,Classic Blues,Halo,2008-11-17,0.0,0.0,11.0,261640.0,0.272,classic,High,2008.0,4.360666666666667
0.438,87.903,0.384,blues,-9.149,0.101,0.287,Céline Dion,4.0,0.0362,72,Falling into You,Classic Blues,It's All Coming Back to Me Now,1996-03-11,0.0,1.0,0.0,456867.0,0.753,classic,High,1996.0,7.61445
0.467,119.919,0.615,blues,-9.883,0.099,0.177,Céline Dion,4.0,0.0327,74,Falling into You,Classic Blues,"Because You Loved Me (Theme from ""Up Close and Personal"")",1996-03-11,0.0,1.0,1.0,273667.0,0.314,classic,High,1996.0,4.561116666666667
0.825,94.931,0.56,blues,-3.862,0.161,0.268,Vanessa Carlton,4.0,0.0379,75,Be Not Nobody,Classic Blues,A Thousand Miles,2002-04-30,0.0,1.0,11.0,237493.0,0.323,classic,High,2002.0,3.9582166666666665
0.602,94.382,0.805,blues,-9.7,0.0581,0.744,Marvin Gaye,4.0,0.0579,73,Midnight Love,Classic Blues,Sexual Healing,1982-10-01,0.000122,0.0,0.0,238600.0,0.119,classic,High,1982.0,3.9766666666666666
0.512,128.019,0.634,blues,-8.651,0.0588,0.193,K-Ci & JoJo,4.0,0.0285,68,Love Always,Classic Blues,All My Life,1997-01-01,3.91e-06,1.0,1.0,331240.0,0.114,classic,High,1997.0,5.520666666666667
0.479,81.998,0.675,blues,-9.87,0.088,0.454,James Blunt,4.0,0.0278,75,Back to Bedlam,Classic Blues,You're Beautiful,2005-08-08,1.76e-05,0.0,0.0,209493.0,0.633,classic,High,2005.0,3.49155
0.678,138.009,0.713,blues,-3.525,0.149,0.734,Destiny's Child,4.0,0.102,78,The Writing's On The Wall,Classic Blues,Say My Name,1999-07-27,0.0,0.0,5.0,271333.0,0.273,classic,High,1999.0,4.522216666666667
0.859,65.043,0.728,blues,-5.237,0.111,0.535,"Justin Bieber, Ludacris",4.0,0.137,81,My World 2.0,Classic Blues,Baby,2010-01-01,0.0,0.0,5.0,214240.0,0.0401,classic,High,2010.0,3.570666666666667
0.629,93.985,0.657,blues,-4.938,0.254,0.726,USHER,4.0,0.0782,69,8701,Classic Blues,U Remind Me,2001-08-07,0.0,1.0,6.0,266893.0,0.194,classic,High,2001.0,4.448216666666666
0.467,138.007,0.845,blues,-7.674,0.0694,0.702,USHER,4.0,0.138,68,Confessions (Expanded Edition),Classic Blues,Confessions Part II,2004-03-23,0.0,1.0,1.0,211200.0,0.0586,classic,High,2004.0,3.52
0.621,140.036,0.583,blues,-6.902,0.181,0.399,"Beyoncé, JAY-Z",4.0,0.0479,70,BEYONCÉ [Platinum Edition],Classic Blues,Drunk in Love (feat. Jay-Z),2014-11-24,0.00106,0.0,5.0,323480.0,0.00972,classic,High,2014.0,5.391333333333334
0.68,132.012,0.727,blues,-4.498,0.0821,0.728,"Jay Sean, Lil Wayne",4.0,0.0286,77,All Or Nothing,Classic Blues,Down,2009-01-01,0.0,1.0,2.0,212507.0,0.0101,classic,High,2009.0,3.5417833333333335
0.925,86.989,0.749,blues,-5.034,0.52,0.641,"Eminem, Rihanna",4.0,0.227,83,Recovery,Classic Blues,Love The Way You Lie,2010-06-18,0.0,1.0,10.0,263373.0,0.241,classic,High,2010.0,4.38955
0.73,93.867,0.637,blues,-5.38,0.0981,0.731,"Rihanna, Ne-Yo",4.0,0.0877,69,Good Girl Gone Bad: Reloaded,Classic Blues,Hate That I Love You,2008-06-02,0.0,0.0,5.0,218947.0,0.322,classic,High,2008.0,3.6491166666666666
0.932,129.473,0.522,blues,-2.87,0.177,0.33,"Eminem, Lil Wayne",4.0,0.255,68,Recovery,Classic Blues,No Love,2010-06-18,0.0,1.0,11.0,299507.0,0.119,classic,High,2010.0,4.991783333333333
0.622,74.267,0.328,blues,-7.291,0.104,0.401,"Lil Wayne, Bruno Mars",4.0,0.0866,74,Tha Carter IV (Complete Edition),Classic Blues,Mirror,2011-08-29,0.0,0.0,5.0,228093.0,0.858,classic,High,2011.0,3.80155
0.422,74.375,0.692,blues,-10.533,0.0848,0.468,Tracy Chapman,4.0,0.0333,72,Tracy Chapman,Classic Blues,Baby Can I Hold You,1988-04-05,0.0,1.0,2.0,193120.0,0.0811,classic,High,1988.0,3.2186666666666666
0.549,90.04,0.644,blues,-5.415,0.134,0.167,Alicia Keys,4.0,0.0285,71,As I Am (Expanded Edition),Classic Blues,No One,2007-11-09,8.85e-06,0.0,1.0,253813.0,0.0209,classic,High,2007.0,4.230216666666666
0.768,80.063,0.78,blues,-4.325,0.518,0.507,"Eminem, Dido",4.0,0.238,79,The Marshall Mathers LP,Classic Blues,Stan,2000-05-23,2.34e-06,0.0,6.0,404107.0,0.0371,classic,High,2000.0,6.735116666666666
0.614,136.628,0.553,blues,-5.098,0.0811,0.345,George Benson,4.0,0.0306,71,20/20,Classic Blues,Nothing's Gonna Change My Love for You,1985-01-15,0.0,1.0,1.0,242679.0,0.764,classic,High,1985.0,4.04465
0.596,93.135,0.569,blues,-6.486,0.205,0.754,Fantasia,4.0,0.172,69,Fantasia,Classic Blues,When I See U,2006-12-09,7.92e-05,1.0,8.0,217347.0,0.452,classic,High,2006.0,3.62245
0.565,101.967,0.78,blues,-7.32,0.063,0.365,Phil Collins,4.0,0.0306,77,...But Seriously (Deluxe Edition),Classic Blues,Another Day in Paradise - 2016 Remaster,1989-11-20,0.00269,0.0,3.0,322133.0,0.736,classic,High,1989.0,5.368883333333334
0.306,118.068,0.65,blues,-9.443,0.0707,0.605,Ben E. King,4.0,0.0393,75,Don't Play That Song (Mono),Classic Blues,Stand By Me,1962-08-20,7.07e-06,1.0,9.0,180056.0,0.57,classic,High,1962.0,3.0009333333333332
0.661,130.009,0.762,blues,-6.075,0.256,0.769,Sean Kingston,4.0,0.0687,78,Beautiful Girls,Classic Blues,Beautiful Girls,2007-07-23,0.0,0.0,1.0,225373.0,0.15,classic,High,2007.0,3.7562166666666665
0.606,97.785,0.596,rock,-12.145,0.0863,0.886,Lynyrd Skynyrd,4.0,0.0255,78,Second Helping (Expanded Edition),Southern Rock,Sweet Home Alabama,1974-04-15,0.000327,1.0,7.0,283800.0,0.181,southern,High,1974.0,4.73
0.834,118.222,0.249,rock,-8.21,0.0924,0.337,Lynyrd Skynyrd,4.0,0.0574,75,Pronounced' Leh-'Nerd 'Skin-'Nerd,Southern Rock,Free Bird,1973-01-01,9.69e-05,1.0,0.0,547107.0,0.0742,southern,High,1973.0,9.11845
0.752,120.47,0.422,rock,-8.682,0.129,0.404,Lynyrd Skynyrd,4.0,0.0449,73,Pronounced' Leh-'Nerd 'Skin-'Nerd,Southern Rock,Simple Man,1973-01-01,0.000119,1.0,6.0,356627.0,0.0366,southern,High,1973.0,5.943783333333333
0.247,140.232,0.467,folk,-14.161,0.157,0.258,Bon Iver,4.0,0.0314,72,S P E Y S I D E,Indie Folk,S P E Y S I D E,2024-09-20,0.0157,1.0,7.0,209078.0,0.906,indie,High,2024.0,3.4846333333333335
0.5,117.896,0.664,folk,-6.935,0.0966,0.801,Noah Kahan,4.0,0.0651,87,Stick Season,Indie Folk,Stick Season,2022-10-14,0.0,1.0,9.0,182347.0,0.799,indie,High,2022.0,3.0391166666666667
0.638,144.458,0.486,folk,-6.231,0.078,0.178,Mt. Joy,4.0,0.0323,74,Mt. Joy,Indie Folk,Silver Lining,2018-03-02,0.0,1.0,0.0,199827.0,0.000921,indie,High,2018.0,3.33045
0.122,148.658,0.264,folk,-15.399,0.094,0.0735,"The Cinematic Orchestra, Patrick Watson",4.0,0.0349,72,Ma Fleur,Indie Folk,To Build A Home,2007-05-07,0.349,1.0,9.0,371320.0,0.885,indie,High,2007.0,6.188666666666666
0.485,95.968,0.753,folk,-9.431,0.192,0.547,Myles Smith,4.0,0.035,73,My Home,Indie Folk,My Home,2023-10-13,0.00104,1.0,11.0,206250.0,0.345,indie,High,2023.0,3.4375
0.561,115.011,0.598,folk,-11.676,0.196,0.231,The Lumineers,4.0,0.0376,74,The Lumineers,Indie Folk,Stubborn Love,2012-04-03,0.0417,1.0,0.0,279000.0,0.611,indie,High,2012.0,4.65
0.324,141.8,0.733,folk,-8.122,0.067,0.388,Wild Rivers,4.0,0.033,71,Songs to Break Up To,Indie Folk,Thinking 'Bout Love,2020-05-01,0.0,1.0,5.0,199391.0,0.479,indie,High,2020.0,3.323183333333333
0.22,129.9,0.702,folk,-13.696,0.0891,0.197,Chance Peña,4.0,0.0403,79,"Ever-Shifting, Continual Blossoming",Indie Folk,i am not who i was,2024-09-13,0.0,1.0,0.0,145438.0,0.698,indie,High,2024.0,2.423966666666667
0.467,157.338,0.413,folk,-9.282,0.0711,0.377,Bon Iver,4.0,0.0292,69,"SABLE,",Indie Folk,THINGS BEHIND THINGS BEHIND THINGS,2024-10-18,0.0111,1.0,9.0,200589.0,0.732,indie,High,2024.0,3.34315
0.378,120.133,0.662,folk,-10.908,0.121,0.207,Noah Kahan,4.0,0.0361,73,Stick Season,Indie Folk,Orange Juice,2022-10-14,6.84e-06,1.0,9.0,297103.0,0.475,indie,High,2022.0,4.951716666666667
0.216,79.109,0.555,folk,-11.661,0.109,0.504,Richy Mitch & The Coal Miners,3.0,0.0721,84,RMCM,Indie Folk,Evergreen,2017-05-17,0.00416,1.0,3.0,87000.0,0.557,indie,High,2017.0,1.45
0.291,83.943,0.388,folk,-12.952,0.0874,0.51,Adrianne Lenker,4.0,0.0421,77,songs,Indie Folk,anything,2020-10-23,1.93e-05,1.0,3.0,202047.0,0.774,indie,High,2020.0,3.36745
0.363,121.412,0.531,folk,-7.672,0.112,0.259,Hozier,4.0,0.0608,77,Hozier (Expanded Edition),Indie Folk,Work Song,2014-09-19,0.0,1.0,10.0,229720.0,0.749,indie,High,2014.0,3.828666666666667
0.187,132.679,0.303,folk,-16.757,0.102,0.212,Patrick Watson,4.0,0.0356,83,Je te laisserai des mots,Indie Folk,Je te laisserai des mots,2010-09-10,0.499,1.0,2.0,160853.0,0.989,indie,High,2010.0,2.6808833333333335
0.551,148.035,0.527,folk,-11.258,0.403,0.443,Michael Marcagi,4.0,0.0345,84,Scared To Start,Indie Folk,Scared To Start,2024-01-12,2.75e-06,1.0,7.0,159636.0,0.384,indie,High,2024.0,2.6606
0.186,110.044,0.6,folk,-15.926,0.104,0.468,Gregory Alan Isakov,4.0,0.0317,76,This Empty Northern Hemisphere,Indie Folk,Big Black Car,2009-01-01,0.00102,1.0,3.0,217467.0,0.909,indie,High,2009.0,3.62445
0.439,122.877,0.586,folk,-7.993,0.117,0.365,Myles Smith,4.0,0.0346,73,Solo,Indie Folk,Solo,2023-11-15,0.0,1.0,0.0,199756.0,0.715,indie,High,2023.0,3.329266666666667
0.417,87.003,0.654,folk,-9.226,0.831,0.649,Henrik,4.0,0.0387,68,Turn out fine,Indie Folk,Turn out fine,2023-10-27,0.0,1.0,11.0,147608.0,0.446,indie,High,2023.0,2.4601333333333333
0.731,101.654,0.483,folk,-6.696,0.151,0.484,Vance Joy,4.0,0.0381,85,Dream Your Life Away (Deluxe Edition),Indie Folk,Riptide,2014-08-05,0.0,1.0,1.0,204280.0,0.436,indie,High,2014.0,3.4046666666666665
0.731,94.009,0.656,folk,-5.861,0.397,0.376,Mark Ambor,4.0,0.0278,71,Rockwood,Indie Folk,Good To Be,2024-08-16,0.00111,1.0,4.0,147167.0,0.575,indie,High,2024.0,2.4527833333333335
0.624,170.076,0.505,folk,-6.526,0.314,0.413,Noah Kahan,4.0,0.0373,70,Stick Season,Indie Folk,Homesick,2022-10-14,1.06e-05,1.0,6.0,194417.0,0.0253,indie,High,2022.0,3.240283333333333
0.452,108.953,0.413,folk,-10.232,0.332,0.102,Chance Peña,4.0,0.0308,69,"Ever-Shifting, Continual Blossoming",Indie Folk,The Mountain Is You,2024-09-13,0.0413,1.0,0.0,196211.0,0.588,indie,High,2024.0,3.270183333333333
0.864,99.995,0.637,folk,-4.381,0.222,0.706,Vance Joy,4.0,0.0468,69,Nation of Two,Indie Folk,Saturday Sun,2018-02-23,0.0,1.0,8.0,214720.0,0.484,indie,High,2018.0,3.578666666666667
0.413,94.938,0.494,folk,-10.432,0.193,0.273,Gigi Perez,4.0,0.0254,93,Sailor Song,Indie Folk,Sailor Song,2024-07-26,6.72e-05,1.0,11.0,211979.0,0.682,indie,High,2024.0,3.532983333333333
0.331,95.015,0.611,folk,-12.493,0.117,0.559,Ocie Elliott,4.0,0.028,73,EP,Indie Folk,Down by the Water,2018-10-19,0.000276,1.0,4.0,178293.0,0.93,indie,High,2018.0,2.97155
0.312,128.094,0.681,folk,-16.173,0.0935,0.789,Jim Croce,4.0,0.0452,69,You Don't Mess Around With Jim,American Folk,Walkin’ Back to Georgia,1972-04-01,0.000619,0.0,6.0,171853.0,0.816,american,High,1972.0,2.8642166666666666
0.316,127.823,0.625,folk,-12.124,0.194,0.452,Colter Wall,4.0,0.0815,70,Imaginary Appalachia,American Folk,The Devil Wears a Suit and Tie,2015-06-02,0.238,0.0,6.0,236027.0,0.777,american,High,2015.0,3.9337833333333334
0.399,171.402,0.537,folk,-13.547,0.109,0.832,Neil Young,4.0,0.0269,71,Harvest (50th Anniversary Edition),American Folk,Heart of Gold,1972-02-01,0.0546,0.0,4.0,187110.0,0.202,american,High,1972.0,3.1185
0.533,130.398,0.687,folk,-8.853,0.0844,0.814,Jim Croce,4.0,0.0314,71,You Don't Mess Around With Jim,American Folk,Operator (That's Not the Way It Feels),1972-04-01,6.43e-05,1.0,7.0,229707.0,0.573,american,High,1972.0,3.82845
0.331,95.015,0.611,folk,-12.493,0.117,0.559,Ocie Elliott,4.0,0.028,73,EP,American Folk,Down by the Water,2018-10-19,0.000276,1.0,4.0,178293.0,0.93,american,High,2018.0,2.97155
0.309,82.789,0.583,folk,-14.509,0.11,0.473,Colter Wall,4.0,0.045,74,Imaginary Appalachia,American Folk,Sleeping on the Blacktop,2015-06-02,0.207,0.0,2.0,192480.0,0.824,american,High,2015.0,3.208
0.748,119.965,0.868,indian,-3.492,0.252,0.829,"Avvy Sra, Karan Aujla, Jaani",4.0,0.0951,73,White Brown Black,Bhangra Bangers,White Brown Black,2022-12-09,3.93e-06,0.0,1.0,176000.0,0.29,bhangra,High,2022.0,2.933333333333333
0.611,100.024,0.854,indian,-6.26,0.119,0.417,"AP Dhillon, Gminxr, Gurinder Gill, Shinda Kahlon",4.0,0.0864,68,Brown Munde,Bhangra Bangers,Brown Munde,2020-09-18,0.0,0.0,8.0,254400.0,0.223,bhangra,High,2020.0,4.24
0.128,109.986,0.522,lofi,-18.717,0.0941,0.124,"Kina, Adriana Proenza",4.0,0.0357,70,Can We Kiss Forever?,Lofi Hip Hop,Can We Kiss Forever?,2018-08-31,0.026,1.0,4.0,187932.0,0.894,hip-hop,High,2018.0,3.1322
0.235,118.917,0.498,lofi,-16.541,0.144,0.0895,"Kina, Snøw",4.0,0.188,73,Get You The Moon (feat. Snøw),Lofi Hip Hop,Get You The Moon (feat. Snøw),2018-10-08,0.0,0.0,1.0,179080.0,0.72,hip-hop,High,2018.0,2.9846666666666666
0.00362,69.677,0.235,classical,-37.822,0.0956,0.0885,Yehezkel Raz,4.0,0.0441,70,"Preludes, Book 2 - Torrents",Minimalism,Behind Every Decision,2019-12-10,0.79,0.0,3.0,105941.0,0.995,modern,High,2019.0,1.7656833333333333
0.618,126.031,0.853,electronic,-10.833,0.0972,0.32,"Lost Frequencies, Tom Odell",4.0,0.0923,83,Black Friday (pretty like the sun),Tropical House,Black Friday (pretty like the sun),2024-07-19,0.89,1.0,6.0,145599.0,0.633,tropical,High,2024.0,2.42665
0.518,126.089,0.875,electronic,-8.388,0.125,0.37,CYRIL,4.0,0.0551,84,Stumblin' In,Tropical House,Stumblin' In,2023-11-10,0.00995,1.0,2.0,213364.0,0.0638,tropical,High,2023.0,3.5560666666666667
0.791,122.085,0.571,electronic,-5.935,0.0612,0.585,"Kygo, Zak Abel, Nile Rodgers",4.0,0.0741,70,For Life (feat. Nile Rodgers),Tropical House,For Life (feat. Nile Rodgers),2024-04-19,0.0,1.0,1.0,175803.0,0.0494,tropical,High,2024.0,2.93005
0.717,121.985,0.793,electronic,-4.759,0.226,0.466,"Kungs, Cookin' On 3 Burners",4.0,0.0393,76,Layers,Tropical House,This Girl (Kungs Vs. Cookin' On 3 Burners),2016-11-04,3.6e-05,0.0,0.0,195547.0,0.0927,tropical,High,2016.0,3.259116666666667
0.942,120.0,0.762,electronic,-6.432,0.115,0.038,Lavern,4.0,0.038,72,Hold Me,Tropical House,Hold Me,2023-03-31,0.764,0.0,9.0,140000.0,0.586,tropical,High,2023.0,2.3333333333333335
0.777,108.005,0.58,electronic,-5.69,0.342,0.589,"Kygo, Ava Max",4.0,0.0655,76,Whatever,Tropical House,Whatever,2024-01-19,0.0,1.0,3.0,178273.0,0.104,tropical,High,2024.0,2.971216666666667
0.836,113.998,0.729,electronic,-4.312,0.336,0.288,TWOPILOTS,4.0,0.0462,71,Riptide,Tropical House,Riptide,2022-04-21,3.27e-05,1.0,8.0,154731.0,0.156,tropical,High,2022.0,2.57885
0.518,126.089,0.875,electronic,-8.388,0.125,0.37,CYRIL,4.0,0.0551,84,Stumblin' In,Techno Bunker,Stumblin' In,2023-11-10,0.00995,1.0,2.0,213364.0,0.0638,techno,High,2023.0,3.5560666666666667
0.787,119.996,0.704,electronic,-6.751,0.159,0.31,"HUGEL, Topic, Arash, Daecolm",4.0,0.0462,83,I Adore You (feat. Daecolm),Techno Bunker,I Adore You (feat. Daecolm),2024-07-19,0.00538,0.0,11.0,214000.0,0.00926,techno,High,2024.0,3.566666666666667
0.618,126.031,0.853,electronic,-10.833,0.0972,0.32,"Lost Frequencies, Tom Odell",4.0,0.0923,83,Black Friday (pretty like the sun),Techno Bunker,Black Friday (pretty like the sun),2024-07-19,0.89,1.0,6.0,145599.0,0.633,techno,High,2024.0,2.42665
0.856,127.949,0.596,electronic,-3.556,0.141,0.743,Calvin Harris,4.0,0.0346,81,Motion,Techno Bunker,Summer,2014-10-31,0.0178,0.0,4.0,222533.0,0.0211,techno,High,2014.0,3.7088833333333335
0.869,126.027,0.874,electronic,-5.996,0.164,0.726,Matt Sassari,4.0,0.0315,80,Give It To Me (Full Vocal Mix),Techno Bunker,Give It To Me - Full Vocal Mix,2021-10-22,0.00238,0.0,1.0,102861.0,0.00116,techno,High,2021.0,1.71435
0.729,127.028,0.88,electronic,-6.378,0.185,0.246,nimino,4.0,0.176,79,I Only Smoke When I Drink,Techno Bunker,I Only Smoke When I Drink,2024-08-22,0.0113,0.0,11.0,198425.0,0.334,techno,High,2024.0,3.3070833333333334
0.86,128.004,0.755,electronic,-4.811,0.344,0.618,Mr. Belt & Wezol,4.0,0.0523,77,It's Not Right But It's Okay,Techno Bunker,It's Not Right But It's Okay,2024-02-23,7.47e-06,0.0,5.0,152305.0,0.0144,techno,High,2024.0,2.5384166666666665
0.813,125.91,0.513,electronic,-2.744,0.258,0.355,"David Guetta, Alesso, Madison Love",4.0,0.0335,77,Never Going Home Tonight (feat. Madison Love),Techno Bunker,Never Going Home Tonight (feat. Madison Love),2024-09-06,0.0,1.0,5.0,164285.0,0.28,techno,High,2024.0,2.7380833333333334
0.797,121.985,0.845,electronic,-4.984,0.167,0.422,"Imanbek, BYOR",4.0,0.139,77,Belly Dancer,Techno Bunker,Belly Dancer,2022-02-18,5.57e-06,1.0,1.0,151475.0,0.0582,techno,High,2022.0,2.524583333333333
0.777,108.005,0.58,electronic,-5.69,0.342,0.589,"Kygo, Ava Max",4.0,0.0655,76,Whatever,Techno Bunker,Whatever,2024-01-19,0.0,1.0,3.0,178273.0,0.104,techno,High,2024.0,2.971216666666667
0.818,125.952,0.687,electronic,-4.221,0.248,0.886,"Alok, Ella Eyre, Kenny Dope, Never Dull",4.0,0.0778,76,Deep Down (feat. Never Dull),Techno Bunker,Deep Down (feat. Never Dull),2022-06-17,0.0,1.0,0.0,165753.0,0.0112,techno,High,2022.0,2.76255
0.69,125.004,0.847,electronic,-7.877,0.0526,0.692,"James Hype, Miggy Dela Rosa",4.0,0.0493,76,Ferrari,Techno Bunker,Ferrari,2022-04-01,6e-05,0.0,1.0,186662.0,0.0127,techno,High,2022.0,3.1110333333333333
0.896,101.216,0.67,electronic,-4.673,0.344,0.403,"Gabry Ponte, LUM!X, Prezioso",3.0,0.058,75,Thunder,Techno Bunker,Thunder,2021-05-07,3.21e-05,1.0,1.0,160000.0,0.0342,techno,High,2021.0,2.6666666666666665
0.876,129.998,0.671,electronic,-5.681,0.0823,0.964,Peggy Gou,4.0,0.0352,75,(It Goes Like) Nanana [Edit],Techno Bunker,(It Goes Like) Nanana - Edit,2023-06-15,0.188,0.0,7.0,231545.0,0.12,techno,High,2023.0,3.8590833333333334
0.722,121.964,0.587,electronic,-6.983,0.543,0.466,Bakermat,4.0,0.0709,75,The Ringmaster,Techno Bunker,Baianá,2020-10-09,0.668,0.0,2.0,180843.0,0.000754,techno,High,2020.0,3.01405
0.886,120.032,0.655,electronic,-5.227,0.277,0.778,"IVE, David Guetta",4.0,0.0502,74,Supernova Love,Techno Bunker,Supernova Love,2024-11-08,0.0,0.0,10.0,199505.0,0.066,techno,High,2024.0,3.325083333333333
0.655,129.89,0.558,electronic,-5.476,0.0854,0.39,"David Guetta, Alphaville, Ava Max",4.0,0.0379,77,Forever Young,Techno Bunker,Forever Young,2024-10-18,0.0,1.0,0.0,156923.0,0.208,techno,High,2024.0,2.6153833333333334
0.637,120.033,0.847,electronic,-8.751,0.121,0.0509,"Zerb, Sofiya Nzau",4.0,0.0587,74,SURRENDER,Techno Bunker,Mwaki,2023-10-27,0.201,0.0,7.0,208135.0,0.201,techno,High,2023.0,3.468916666666667
0.793,87.024,0.545,electronic,-3.615,0.335,0.411,"Ella Henderson, Rudimental",4.0,0.0371,74,Alibi (feat. Rudimental),Techno Bunker,Alibi (feat. Rudimental),2024-01-12,0.00281,0.0,0.0,184852.0,0.191,techno,High,2024.0,3.0808666666666666
0.647,117.737,0.581,electronic,-7.335,0.304,0.257,"Kronan, Nyaruach, Bakermat",4.0,0.0614,73,Gatluak (Bakermat Remix),Techno Bunker,Gatluak - Bakermat Remix,2021-07-23,0.0502,0.0,11.0,139384.0,0.0778,techno,High,2021.0,2.3230666666666666
0.785,123.96,0.621,electronic,-4.499,0.0512,0.779,"Nathan Dawe, Ella Henderson",4.0,0.11,73,21 Reasons (feat. Ella Henderson),Techno Bunker,21 Reasons (feat. Ella Henderson),2022-04-29,5.92e-06,1.0,6.0,155253.0,0.0165,techno,High,2022.0,2.58755
0.841,129.973,0.714,electronic,-5.942,0.596,0.865,"LAVINIA, Ely Oaks",4.0,0.0641,72,K.O.,Techno Bunker,K.O.,2024-08-09,0.366,0.0,5.0,137223.0,0.0622,techno,High,2024.0,2.28705
0.821,125.051,0.848,electronic,-5.408,0.0962,0.249,"Öwnboss, Sevek",4.0,0.0527,72,Move Your Body,Techno Bunker,Move Your Body,2021-10-29,0.000403,0.0,2.0,157445.0,0.0169,techno,High,2021.0,2.6240833333333335
0.855,75.031,0.605,electronic,-4.414,0.098,0.302,"Niklas Dee, René Miller",4.0,0.329,72,Around The World,Techno Bunker,Around The World,2024-08-02,0.000709,0.0,10.0,140987.0,0.473,techno,High,2024.0,2.3497833333333333
0.782,127.034,0.763,electronic,-4.541,0.293,0.502,"Jax Jones, MNEK",4.0,0.0346,71,Where Did You Go (feat. MNEK),Techno Bunker,Where Did You Go? (feat. MNEK),2022-02-04,7.08e-06,0.0,7.0,177689.0,0.182,techno,High,2022.0,2.9614833333333332
0.821,140.039,0.777,electronic,-4.963,0.218,0.439,"Hannah Laing, RoRo",4.0,0.0595,71,Good Love,Techno Bunker,Good Love,2023-05-12,0.0042,1.0,1.0,169535.0,0.14,techno,High,2023.0,2.8255833333333333
0.594,129.995,0.853,electronic,-6.823,0.0469,0.83,"BLOND:ISH, Stevie Appleton",4.0,0.0371,71,Never Walk Alone,Techno Bunker,Never Walk Alone,2024-08-02,0.134,0.0,6.0,188360.0,0.052,techno,High,2024.0,3.1393333333333335
0.867,124.015,0.747,electronic,-7.311,0.114,0.684,"Fred again.., Obongjayar",4.0,0.088,70,adore u,Techno Bunker,adore u,2023-08-11,0.00413,1.0,0.0,220653.0,0.582,techno,High,2023.0,3.67755
0.606,123.006,0.567,electronic,-6.543,0.0686,0.314,"Kygo, Sandro Cavazza",4.0,0.0438,68,Hold On Me,Techno Bunker,Hold On Me,2024-11-15,0.0,0.0,10.0,171785.0,0.0801,techno,High,2024.0,2.8630833333333334
0.937,123.993,0.651,electronic,-4.078,0.119,0.666,"Jain, Ian Asher",4.0,0.0468,69,Makeba (Ian Asher Remix),Techno Bunker,Makeba - Ian Asher Remix,2023-01-13,0.0975,1.0,7.0,125179.0,0.236,techno,High,2023.0,2.086316666666667
0.888,123.031,0.671,electronic,-4.285,0.0951,0.412,"Tiësto, Soaky Siren",4.0,0.0412,69,Tantalizing,Techno Bunker,Tantalizing,2024-11-08,0.0106,0.0,10.0,146341.0,0.0022,techno,High,2024.0,2.439016666666667
0.714,127.993,0.634,electronic,-7.529,0.374,0.409,"Robin Schulz, CYRIL, Sam Martin",4.0,0.104,69,World Gone Wild (feat. Sam Martin),Techno Bunker,World Gone Wild (feat. Sam Martin),2024-10-11,0.0025,1.0,7.0,146523.0,0.00882,techno,High,2024.0,2.44205
0.897,124.025,0.689,electronic,-4.487,0.0676,0.582,"Jax Jones, Calum Scott",4.0,0.034,69,Whistle (feat. Calum Scott),Techno Bunker,Whistle (feat. Calum Scott),2023-02-10,4.6e-06,0.0,10.0,181957.0,0.145,techno,High,2023.0,3.0326166666666667
0.863,130.02,0.652,electronic,-4.853,0.6,0.805,"Gabry Ponte, Sean Paul, NATTI NATASHA",4.0,0.0523,69,Born To Love Ya,Techno Bunker,Born To Love Ya,2024-10-04,0.0,0.0,7.0,155077.0,0.0921,techno,High,2024.0,2.584616666666667
0.688,127.938,0.608,electronic,-8.597,0.08,0.214,Lost Frequencies,4.0,0.0499,68,Love Is The Only Thing,Techno Bunker,Love Is The Only Thing,2024-11-08,0.00736,0.0,5.0,171094.0,0.0554,techno,High,2024.0,2.851566666666667
0.951,74.973,0.772,electronic,-3.375,0.036,0.4,"Dimitri Vegas, Steve Aoki, Ann Lee, Sound Of Legend",4.0,0.271,68,2 Times,Techno Bunker,2 Times,2024-10-04,0.000738,0.0,9.0,152000.0,0.0634,techno,High,2024.0,2.533333333333333
0.88,130.085,0.588,electronic,-5.15,0.0667,0.523,"Alok, Bebe Rexha",4.0,0.0354,68,Deep In Your Love,Techno Bunker,Deep In Your Love,2024-01-12,6.89e-05,1.0,7.0,144649.0,0.0243,techno,High,2024.0,2.410816666666667
0.831,126.056,0.785,electronic,-3.681,0.086,0.673,"The Blessed Madonna, Clementine Douglas",4.0,0.0444,68,Happier (feat. Clementine Douglas),Techno Bunker,Happier (feat. Clementine Douglas),2024-02-02,0.0105,1.0,0.0,170359.0,0.0038,techno,High,2024.0,2.8393166666666665
0.8,119.984,0.724,electronic,-5.468,0.0823,0.925,"Purple Disco Machine, Benjamin Ingrosso, Nile Rodgers, Shenseea",4.0,0.0541,68,Honey Boy (feat. Nile Rodgers & Shenseea),Techno Bunker,Honey Boy (feat. Nile Rodgers & Shenseea),2024-05-03,9.38e-05,0.0,5.0,227283.0,0.0103,techno,High,2024.0,3.78805
0.392,75.066,0.599,electronic,-6.869,0.131,0.26,"Disclosure, Eliza Doolittle, Flume",4.0,0.0257,70,Settle (Special Edition),Future Bass,You & Me - Flume Remix,2013-06-03,0.000107,0.0,10.0,282813.0,0.378,future bass,High,2013.0,4.71355
0.802,100.001,0.713,electronic,-7.055,0.309,0.343,"The Chainsmokers, ROZES",4.0,0.0561,71,Roses,Future Bass,Roses,2015-06-16,0.00377,1.0,4.0,226739.0,0.0435,future bass,High,2015.0,3.778983333333333
0.953,141.99,0.631,electronic,-3.739,0.108,0.422,Marshmello,4.0,0.0343,68,Alone,Future Bass,Alone,2016-05-13,0.0155,1.0,2.0,273803.0,0.0241,future bass,High,2016.0,4.563383333333333
0.942,120.0,0.762,electronic,-6.432,0.115,0.038,Lavern,4.0,0.038,72,Hold Me,Deep House Relax,Hold Me,2023-03-31,0.764,0.0,9.0,140000.0,0.586,deep house,High,2023.0,2.3333333333333335
0.432,81.109,0.695,latin,-8.195,0.296,0.765,Los Ángeles Azules,4.0,0.0479,71,Una Lluvia De Rosas,Cumbia Classics,El Listón De Tu Pelo,1999-01-01,0.0,0.0,11.0,216107.0,0.312,cumbia,High,1999.0,3.601783333333333
0.483,90.941,0.738,latin,-9.097,0.086,0.774,Los Ángeles Azules,4.0,0.0526,68,Una Lluvia De Rosas,Cumbia Classics,17 Años,1999-01-01,0.0,1.0,0.0,181307.0,0.467,cumbia,High,1999.0,3.0217833333333335
0.538,80.096,0.72,latin,-8.874,0.0654,0.805,Grupo Mojado,4.0,0.0455,73,Sueño Y Realidad,Cumbia Classics,Piensa En Mí,1996-01-01,0.0,1.0,10.0,177040.0,0.348,cumbia,High,1996.0,2.9506666666666668
0.712,91.98,0.848,latin,-3.574,0.106,0.692,"KAROL G, Feid, DFZM, Ovy On The Drums, J Balvin, Maluma, Ryan Castro, Blessd",4.0,0.0981,84,+57,Reggaeton Hits,+57,2024-11-08,0.0,0.0,1.0,298131.0,0.221,reggaeton,High,2024.0,4.96885
0.681,99.998,0.725,latin,-5.277,0.107,0.762,"FloyyMenor, Ozuna, Anitta",4.0,0.0376,73,Gata Only (Remix),Reggaeton Hits,Gata Only (Remix),2024-06-07,0.0,0.0,8.0,230526.0,0.318,reggaeton,High,2024.0,3.8421
0.519,100.025,0.763,latin,-7.426,0.0816,0.804,FloyyMenor,4.0,0.0636,83,EL COMIENZO,Reggaeton Hits,PELIGROSA,2024-08-09,6.42e-06,0.0,6.0,134930.0,0.22,reggaeton,High,2024.0,2.2488333333333332
0.616,104.008,0.773,latin,-4.516,0.145,0.25,"Myke Towers, Peso Pluma",4.0,0.0416,72,LA PANTERA NEGRA,Reggaeton Hits,SE TE NOTA (feat. Peso Pluma),2024-08-22,4.24e-05,1.0,0.0,190107.0,0.0565,reggaeton,High,2024.0,3.16845
0.854,117.994,0.786,latin,-2.4,0.106,0.522,"Myke Towers, Bad Bunny",4.0,0.0741,77,ADIVINO,Reggaeton Hits,ADIVINO,2024-04-25,2.39e-05,0.0,10.0,278644.0,0.169,reggaeton,High,2024.0,4.644066666666666
0.578,167.985,0.724,latin,-7.117,0.0943,0.757,"Mora, SAIKO",4.0,0.0819,71,ESTRELLA,Reggaeton Hits,REINA,2023-08-28,1.06e-06,1.0,10.0,211879.0,0.632,reggaeton,High,2023.0,3.5313166666666667
0.778,96.057,0.911,latin,-2.248,0.179,0.345,"Bad Bunny, Feid",4.0,0.262,84,nadie sabe lo que va a pasar mañana,Reggaeton Hits,PERRO NEGRO,2023-10-13,2.16e-05,1.0,5.0,162768.0,0.0887,reggaeton,High,2023.0,2.7128
0.645,119.935,0.801,latin,-5.605,0.118,0.528,"Bad Bunny, Mora",4.0,0.0706,70,nadie sabe lo que va a pasar mañana,Reggaeton Hits,HIBIKI,2023-10-13,0.0,0.0,6.0,208000.0,0.604,reggaeton,High,2023.0,3.466666666666667
0.621,139.056,0.787,latin,-5.009,0.58,0.13,Bad Bunny,4.0,0.068,77,nadie sabe lo que va a pasar mañana,Reggaeton Hits,MONACO,2023-10-13,0.000402,0.0,4.0,267194.0,0.15,reggaeton,High,2023.0,4.453233333333333
0.724,94.601,0.847,latin,-5.41,0.118,0.396,"Bad Bunny, Young Miko",4.0,0.298,73,nadie sabe lo que va a pasar mañana,Reggaeton Hits,FINA,2023-10-13,1.11e-06,1.0,1.0,216328.0,0.0869,reggaeton,High,2023.0,3.6054666666666666
0.795,94.969,0.845,latin,-3.502,0.224,0.681,Rauw Alejandro,4.0,0.0681,81,PLAYA SATURNO,Reggaeton Hits,DILUVIO,2023-07-07,1.78e-05,0.0,9.0,197053.0,0.343,reggaeton,High,2023.0,3.2842166666666666
0.738,169.918,0.841,latin,-7.455,0.0892,0.484,"KAROL G, Peso Pluma",4.0,0.307,83,MAÑANA SERÁ BONITO (BICHOTA SEASON),Reggaeton Hits,QLONA,2023-08-10,0.0,0.0,7.0,172798.0,0.52,reggaeton,High,2023.0,2.879966666666667
0.8,143.978,0.652,latin,-4.019,0.112,0.234,Bad Bunny,4.0,0.0614,74,WHERE SHE GOES,Reggaeton Hits,WHERE SHE GOES,2023-05-18,0.629,0.0,9.0,231704.0,0.143,reggaeton,High,2023.0,3.8617333333333335
0.706,140.017,0.863,latin,-5.555,0.0786,0.686,"Eladio Carrion, Bad Bunny",4.0,0.103,73,3MEN2 KBRN,Reggaeton Hits,Coco Chanel,2023-03-17,4.43e-05,0.0,3.0,208125.0,0.143,reggaeton,High,2023.0,3.46875
0.703,123.06,0.713,latin,-5.769,0.321,0.576,"Arcángel, Bad Bunny",4.0,0.194,69,La Jumpa,Reggaeton Hits,La Jumpa,2022-11-30,0.0,1.0,8.0,255693.0,0.298,reggaeton,High,2022.0,4.26155
0.712,92.005,0.911,latin,-5.105,0.0933,0.425,"Bad Bunny, Chencho Corleone",4.0,0.0817,81,Un Verano Sin Ti,Reggaeton Hits,Me Porto Bonito,2022-05-06,2.68e-05,0.0,1.0,178567.0,0.0901,reggaeton,High,2022.0,2.9761166666666665
0.616,103.071,0.797,latin,-10.229,0.0979,0.451,"Bad Bunny, Buscabulla",4.0,0.375,74,Un Verano Sin Ti,Reggaeton Hits,Andrea,2022-05-06,0.000293,0.0,1.0,339612.0,0.762,reggaeton,High,2022.0,5.6602
0.475,98.047,0.801,latin,-8.797,0.0639,0.234,Bad Bunny,4.0,0.0516,79,Un Verano Sin Ti,Reggaeton Hits,Efecto,2022-05-06,1.73e-05,0.0,7.0,213061.0,0.141,reggaeton,High,2022.0,3.5510166666666665
0.715,106.672,0.65,latin,-5.198,0.126,0.187,Bad Bunny,4.0,0.253,79,Un Verano Sin Ti,Reggaeton Hits,Tití Me Preguntó,2022-05-06,0.000291,0.0,5.0,243717.0,0.0993,reggaeton,High,2022.0,4.06195
0.684,114.011,0.795,latin,-3.971,0.658,0.419,"Bad Bunny, JHAYCO",4.0,0.0419,76,Un Verano Sin Ti,Reggaeton Hits,Tarot,2022-05-06,0.0,0.0,11.0,237895.0,0.0225,reggaeton,High,2022.0,3.964916666666667
0.786,196.12,0.663,latin,-3.51,0.219,0.579,"Bad Bunny, Tony Dize",4.0,0.195,73,Un Verano Sin Ti,Reggaeton Hits,La Corriente,2022-05-06,0.0,0.0,11.0,198367.0,0.229,reggaeton,High,2022.0,3.3061166666666666
0.707,127.963,0.771,latin,-6.404,0.0745,0.317,"Mora, JHAYCO",4.0,0.055,73,MICRODOSIS,Reggaeton Hits,MEMORIAS,2022-04-01,0.0,0.0,2.0,228750.0,0.389,reggaeton,High,2022.0,3.8125
0.856,91.995,0.815,latin,-3.825,0.244,0.872,Tego Calderón,4.0,0.122,78,El Abayarde,Reggaeton Hits,Pa' Que Retozen,2003-07-01,8.34e-05,0.0,1.0,151667.0,0.4,reggaeton,High,2003.0,2.5277833333333333
0.86,175.896,0.725,latin,-3.726,0.0674,0.791,"Aventura, Bad Bunny",4.0,0.182,74,Volví,Reggaeton Hits,Volví,2021-08-03,0.000284,1.0,1.0,230125.0,0.422,reggaeton,High,2021.0,3.8354166666666667
0.688,153.979,0.659,latin,-4.649,0.113,0.632,"Mora, Bad Bunny, Sech",4.0,0.0673,73,Volando (Remix),Reggaeton Hits,Volando - Remix,2021-07-08,0.0,1.0,6.0,273474.0,0.207,reggaeton,High,2021.0,4.5579
0.648,179.951,0.644,latin,-4.601,0.135,0.44,Bad Bunny,4.0,0.118,75,Yonaguni,Reggaeton Hits,Yonaguni,2021-06-04,0.0,1.0,1.0,206710.0,0.276,reggaeton,High,2021.0,3.4451666666666667
0.637,92.025,0.811,latin,-4.835,0.118,0.471,Bad Bunny,4.0,0.0591,72,EL ÚLTIMO TOUR DEL MUNDO,Reggaeton Hits,TE MUDASTE,2020-11-27,0.000572,0.0,10.0,130014.0,0.234,reggaeton,High,2020.0,2.1669
0.618,81.993,0.856,latin,-4.892,0.0866,0.391,"Bad Bunny, ROSALÍA",4.0,0.286,74,EL ÚLTIMO TOUR DEL MUNDO,Reggaeton Hits,LA NOCHE DE ANOCHE,2020-11-27,0.0,1.0,7.0,203201.0,0.0303,reggaeton,High,2020.0,3.3866833333333335
0.759,91.952,0.78,latin,-3.292,0.143,0.579,"ROSALÍA, Ozuna",4.0,0.225,69,"Yo x Ti, Tu x Mi",Reggaeton Hits,"Yo x Ti, Tu x Mi",2019-08-15,0.000868,1.0,1.0,201040.0,0.462,reggaeton,High,2019.0,3.3506666666666667
0.573,109.928,0.731,latin,-10.059,0.113,0.145,"Bad Bunny, JHAYCO",4.0,0.0544,75,EL ÚLTIMO TOUR DEL MUNDO,Reggaeton Hits,DÁKITI,2020-11-27,5.22e-05,0.0,4.0,205090.0,0.401,reggaeton,High,2020.0,3.4181666666666666
0.765,174.021,0.691,latin,-4.727,0.203,0.855,"Anuel AA, Bad Bunny",4.0,0.111,74,Emmanuel,Reggaeton Hits,Hasta Que Dios Diga,2020-05-29,3.29e-06,1.0,8.0,246000.0,0.464,reggaeton,High,2020.0,4.1
0.829,96.172,0.607,latin,-4.074,0.107,0.685,"Bad Bunny, Jowell & Randy, Ñengo Flow",4.0,0.379,72,YHLQMDLG,Reggaeton Hits,Safaera,2020-02-29,0.0,1.0,2.0,295177.0,0.0103,reggaeton,High,2020.0,4.919616666666666
0.848,179.87,0.685,latin,-4.561,0.0783,0.761,Bad Bunny,4.0,0.0858,70,YHLQMDLG,Reggaeton Hits,La Difícil,2020-02-29,7.14e-06,0.0,8.0,163084.0,0.0861,reggaeton,High,2020.0,2.7180666666666666
0.791,92.023,0.86,latin,-4.784,0.106,0.887,Bad Bunny,4.0,0.0568,73,YHLQMDLG,Reggaeton Hits,A Tu Merced,2020-02-29,0.000106,1.0,0.0,175918.0,0.169,reggaeton,High,2020.0,2.931966666666667
0.603,129.928,0.9,latin,-5.313,0.134,0.824,Bad Bunny,4.0,0.0646,74,YHLQMDLG,Reggaeton Hits,Si Veo a Tu Mamá,2020-02-29,4.81e-06,1.0,2.0,170972.0,0.402,reggaeton,High,2020.0,2.8495333333333335
0.801,93.992,0.762,latin,-3.661,0.254,0.81,Bad Bunny,4.0,0.0409,68,YHLQMDLG,Reggaeton Hits,La Zona,2020-02-29,7.04e-05,0.0,1.0,136893.0,0.2,reggaeton,High,2020.0,2.28155
0.758,97.014,0.86,latin,-5.16,0.344,0.453,Bad Bunny,4.0,0.0695,69,YHLQMDLG,Reggaeton Hits,Yo Perreo Sola,2020-02-29,6.54e-05,1.0,11.0,172127.0,0.021,reggaeton,High,2020.0,2.8687833333333335
0.703,94.004,0.879,latin,-4.219,0.0569,0.788,"Rauw Alejandro, Farruko",4.0,0.0701,71,Fantasias,Reggaeton Hits,Fantasias,2019-08-29,0.0,1.0,1.0,199711.0,0.143,reggaeton,High,2019.0,3.328516666666667
0.596,165.951,0.819,latin,-7.009,0.138,0.622,"Darell, Brytiago",4.0,0.318,70,Velitas,Reggaeton Hits,Velitas,2019-07-12,1.19e-06,1.0,2.0,225542.0,0.225,reggaeton,High,2019.0,3.7590333333333334
0.646,176.088,0.756,latin,-5.795,0.108,0.429,"J Balvin, Bad Bunny",4.0,0.319,82,OASIS,Reggaeton Hits,LA CANCIÓN,2019-06-28,1.81e-05,1.0,7.0,242573.0,0.152,reggaeton,High,2019.0,4.042883333333333
0.791,92.603,0.639,latin,-4.443,0.362,0.933,"J Balvin, Bad Bunny",4.0,0.254,75,OASIS,Reggaeton Hits,QUE PRETENDES,2019-06-28,0.0,0.0,10.0,222347.0,0.0275,reggaeton,High,2019.0,3.705783333333333
0.624,176.169,0.61,latin,-4.773,0.243,0.244,"Bad Bunny, Tainy",4.0,0.309,72,Callaita,Reggaeton Hits,Callaita,2019-05-31,2.12e-06,1.0,2.0,250534.0,0.6,reggaeton,High,2019.0,4.175566666666667
0.689,97.963,0.882,latin,-4.027,0.0501,0.746,"ROSALÍA, J Balvin, El Guincho",4.0,0.124,69,Con Altura,Reggaeton Hits,Con Altura,2019-03-28,0.00325,1.0,6.0,161627.0,0.39,reggaeton,High,2019.0,2.693783333333333
0.647,95.982,0.857,latin,-4.152,0.0842,0.553,"DJ Luian, Mambo Kingz, Anuel AA, Nicky Jam, Darell, Brytiago",4.0,0.0984,69,Verte Ir,Reggaeton Hits,Verte Ir,2019-03-28,1.2e-06,0.0,11.0,267500.0,0.391,reggaeton,High,2019.0,4.458333333333333
0.86,93.989,0.737,latin,-2.652,0.0574,0.656,"Daddy Yankee, Snow",4.0,0.0593,76,Con Calma,Reggaeton Hits,Con Calma,2019-01-24,1.94e-06,0.0,8.0,193227.0,0.11,reggaeton,High,2019.0,3.22045
0.836,96.993,0.746,latin,-4.336,0.116,0.874,"Becky G, Bad Bunny",4.0,0.0445,70,MALA SANTA,Reggaeton Hits,Mayores,2019-10-18,0.00291,0.0,5.0,203187.0,0.145,reggaeton,High,2019.0,3.38645
0.673,87.961,0.818,latin,-7.542,0.172,0.695,"Mora, JHAYCO",4.0,0.148,74,Primer Dia de Clases,Reggaeton Hits,512,2021-02-05,0.0,0.0,4.0,193636.0,0.348,reggaeton,High,2021.0,3.2272666666666665
0.711,173.916,0.718,latin,-5.746,0.1,0.92,J Balvin,4.0,0.11,72,La Familia B Sides,Reggaeton Hits,Ay Vamos,2014-09-12,5.52e-05,0.0,8.0,226413.0,0.157,reggaeton,High,2014.0,3.77355
0.701,175.95,0.73,latin,-5.885,0.151,0.785,Maluma,4.0,0.106,82,"Pretty Boy, Dirty Boy",Reggaeton Hits,Borro Cassette,2015-10-30,0.0,0.0,5.0,207307.0,0.132,reggaeton,High,2015.0,3.4551166666666666
0.746,175.965,0.746,latin,-5.046,0.274,0.733,"J Balvin, Farruko",4.0,0.102,69,La Familia,Reggaeton Hits,6 AM,2013-09-29,0.0,0.0,5.0,243227.0,0.152,reggaeton,High,2013.0,4.0537833333333335
0.681,140.006,0.807,latin,-6.268,0.0962,0.676,"Bad Bunny, Prince Royce, J Balvin, Mambo Kingz, DJ Luian",4.0,0.0983,69,Sensualidad,Reggaeton Hits,Sensualidad,2017-11-03,0.0,1.0,11.0,297485.0,0.423,reggaeton,High,2017.0,4.958083333333334
0.69,106.034,0.799,latin,-7.252,0.143,0.682,"Yannc, Darkiel, Eladio Carrion, Brray, Myke Towers",4.0,0.1,70,Sigue Bailandome,Reggaeton Hits,Sigue Bailandome,2018-10-19,0.001,1.0,7.0,352442.0,0.282,reggaeton,High,2018.0,5.874033333333333
0.812,87.864,0.683,latin,-4.493,0.0872,0.724,"J Balvin, Zion & Lennox",4.0,0.0711,69,Vibras,Reggaeton Hits,No Es Justo,2018-05-25,0.000404,1.0,7.0,250840.0,0.161,reggaeton,High,2018.0,4.180666666666666
0.598,83.836,0.55,latin,-5.402,0.0955,0.543,"Bad Bunny, Mora",4.0,0.0831,74,YHLQMDLG,Reggaeton Hits,Una Vez,2020-02-29,2.58e-06,0.0,11.0,232496.0,0.132,reggaeton,High,2020.0,3.8749333333333333
0.761,168.022,0.714,latin,-4.596,0.241,0.906,"Ozuna, J Balvin, Chencho Corleone",4.0,0.0427,69,ENOC,Reggaeton Hits,Una Locura,2020-09-04,0.00035,0.0,5.0,230693.0,0.139,reggaeton,High,2020.0,3.844883333333333
0.617,168.021,0.713,latin,-4.637,0.0962,0.682,"Myke Towers, Juhn",4.0,0.0887,70,Bandido,Reggaeton Hits,Bandido,2020-12-10,0.0,1.0,8.0,232853.0,0.122,reggaeton,High,2020.0,3.8808833333333332
0.675,79.31,0.627,latin,-7.125,0.0784,0.961,"J Balvin, Bad Bunny, Marciano Cantero",4.0,0.212,75,OASIS,Reggaeton Hits,UN PESO,2019-06-28,0.0,0.0,5.0,277107.0,0.125,reggaeton,High,2019.0,4.61845
0.706,88.863,0.635,latin,-3.224,0.108,0.443,"KAROL G, Mariah Angeliq",4.0,0.125,70,KG0516,Reggaeton Hits,EL MAKINON,2021-03-26,0.0,0.0,5.0,209160.0,0.256,reggaeton,High,2021.0,3.486
0.766,130.001,0.762,latin,-3.955,0.128,0.442,Farruko,4.0,0.0343,76,Pepas,Reggaeton Hits,Pepas,2021-06-24,6.98e-05,1.0,7.0,287120.0,0.00776,reggaeton,High,2021.0,4.785333333333333
0.745,94.979,0.793,latin,-4.579,0.293,0.716,Myke Towers,4.0,0.0571,69,ALMAS GEMELAS,Reggaeton Hits,ALMAS GEMELAS,2021-07-22,0.000189,1.0,7.0,235411.0,0.182,reggaeton,High,2021.0,3.9235166666666665
0.766,93.956,0.737,latin,-4.242,0.114,0.662,"Bad Bunny, Yaviah",4.0,0.0458,70,YHLQMDLG,Reggaeton Hits,Bichiyal,2020-02-29,6.63e-06,0.0,10.0,196500.0,0.31,reggaeton,High,2020.0,3.275
0.703,169.888,0.639,latin,-6.33,0.0865,0.138,"Tainy, Bad Bunny, Julieta Venegas",4.0,0.0794,70,Lo Siento BB:/ (with Bad Bunny & Julieta Venegas),Reggaeton Hits,Lo Siento BB:/ (with Bad Bunny & Julieta Venegas),2021-10-05,1.78e-06,0.0,4.0,207301.0,0.0889,reggaeton,High,2021.0,3.455016666666667
0.7,93.991,0.843,latin,-3.563,0.14,0.899,"Becky G, KAROL G",4.0,0.0803,69,MAMIII,Reggaeton Hits,MAMIII,2022-02-10,0.0,0.0,4.0,226088.0,0.0934,reggaeton,High,2022.0,3.768133333333333
0.694,90.02,0.869,latin,-3.35,0.0878,0.511,"Rauw Alejandro, Chencho Corleone",4.0,0.0783,68,Desesperados,Reggaeton Hits,Desesperados,2021-12-11,0.00125,0.0,1.0,224997.0,0.356,reggaeton,High,2021.0,3.74995
0.636,174.14,0.695,latin,-4.654,0.081,0.575,"Shakira, Rauw Alejandro",4.0,0.317,70,Te Felicito,Reggaeton Hits,Te Felicito,2022-04-21,0.0,1.0,5.0,172235.0,0.234,reggaeton,High,2022.0,2.8705833333333333
0.903,78.293,0.564,latin,-3.221,0.175,0.607,Bad Bunny,4.0,0.307,71,Un Verano Sin Ti,Reggaeton Hits,Después de la Playa,2022-05-06,0.0,1.0,5.0,230400.0,0.356,reggaeton,High,2022.0,3.84
0.674,99.968,0.804,latin,-5.453,0.115,0.292,Bad Bunny,4.0,0.0333,79,Un Verano Sin Ti,Reggaeton Hits,Moscow Mule,2022-05-06,1.18e-06,0.0,5.0,245940.0,0.294,reggaeton,High,2022.0,4.099
0.584,115.018,0.849,latin,-8.195,0.492,0.724,Bad Bunny,4.0,0.115,71,Un Verano Sin Ti,Reggaeton Hits,Agosto,2022-05-06,6.18e-06,0.0,1.0,139041.0,0.0929,reggaeton,High,2022.0,2.31735
0.673,181.891,0.655,latin,-5.98,0.0753,0.342,"Dalex, Lenny Tavárez, Chencho Corleone, Juhn, Dímelo Flow",4.0,0.308,70,Yo Te Quiero Pa Mi,Reggaeton Hits,Hola - Remix,2022-02-09,0.0,0.0,0.0,249520.0,0.473,reggaeton,High,2022.0,4.158666666666667
0.858,92.523,0.627,latin,-2.824,0.21,0.342,"KAROL G, Maldy",4.0,0.386,68,GATÚBELA,Reggaeton Hits,GATÚBELA,2022-08-26,0.0,0.0,11.0,209160.0,0.263,reggaeton,High,2022.0,3.486
0.694,95.0,0.703,latin,-4.808,0.12,0.298,Anuel AA,4.0,0.0607,71,¿Qué Nos Pasó?,Reggaeton Hits,¿Qué Nos Pasó?,2022-05-26,5.8e-06,0.0,3.0,245739.0,0.436,reggaeton,High,2022.0,4.09565
0.789,91.911,0.757,latin,-3.46,0.0717,0.464,"Mora, Feid",4.0,0.0583,78,MICRODOSIS,Reggaeton Hits,LA INOCENTE,2022-04-01,0.0,0.0,5.0,202174.0,0.307,reggaeton,High,2022.0,3.3695666666666666
0.739,179.879,0.704,latin,-3.286,0.0856,0.425,Rauw Alejandro,4.0,0.112,70,VICE VERSA,Reggaeton Hits,Sexo Virtual,2021-12-10,1.93e-05,1.0,8.0,208292.0,0.328,reggaeton,High,2021.0,3.4715333333333334
0.846,98.026,0.734,latin,-3.425,0.235,0.604,"Rvssian, Rauw Alejandro, Chris Brown",4.0,0.0489,70,Nostálgico,Reggaeton Hits,Nostálgico,2021-09-08,1.74e-06,0.0,9.0,209884.0,0.166,reggaeton,High,2021.0,3.498066666666667
0.662,93.976,0.892,latin,-3.894,0.363,0.607,"Ñengo Flow, Bad Bunny",4.0,0.162,68,Gato de Noche,Reggaeton Hits,Gato de Noche,2022-12-22,1.24e-06,1.0,8.0,227013.0,0.169,reggaeton,High,2022.0,3.78355
0.479,169.922,0.812,latin,-5.678,0.0756,0.559,"Yng Lvcas, Peso Pluma",4.0,0.333,79,La Bebe (Remix),Reggaeton Hits,La Bebe - Remix,2023-03-17,1.21e-06,0.0,2.0,234353.0,0.213,reggaeton,High,2023.0,3.905883333333333
0.892,97.008,0.791,latin,-2.58,0.0609,0.916,"Ryan Castro, Peso Pluma, SOG",4.0,0.0521,74,QUEMA,Reggaeton Hits,QUEMA,2023-07-13,0.000355,1.0,0.0,150619.0,0.0509,reggaeton,High,2023.0,2.5103166666666668
0.737,91.986,0.708,latin,-4.045,0.0955,0.607,Myke Towers,4.0,0.0436,82,LA VIDA ES UNA,Reggaeton Hits,LALA,2023-03-23,0.00162,1.0,1.0,197920.0,0.0739,reggaeton,High,2023.0,3.2986666666666666
0.711,102.984,0.822,latin,-4.943,0.083,0.934,Darell,4.0,0.0668,71,EVERYBODY GO TO THE DISCOTEK,Reggaeton Hits,Lollipop,2023-07-28,1.46e-05,1.0,6.0,199947.0,0.179,reggaeton,High,2023.0,3.33245
0.812,162.087,0.785,latin,-3.174,0.107,0.903,"Ozuna, Anuel AA, Chris Jedi",4.0,0.0644,72,Cosmo,Reggaeton Hits,Pa Ti Estoy,2023-11-17,0.0,1.0,3.0,206103.0,0.147,reggaeton,High,2023.0,3.43505
0.794,92.998,0.843,latin,-4.686,0.25,0.796,"Brray, JHAYCO, Ryan Castro",4.0,0.0426,69,Corazón Roto (Remix),Reggaeton Hits,Corazón Roto - Remix,2023-04-07,1.22e-06,0.0,1.0,275040.0,0.226,reggaeton,High,2023.0,4.584
0.769,167.969,0.771,latin,-3.504,0.345,0.931,"Rauw Alejandro, Chencho Corleone, KEVVO, Bryant Myers, Lyanno, Dalex",4.0,0.0694,68,El Efecto (Remix),Reggaeton Hits,El Efecto - Remix,2019-12-13,1.57e-05,0.0,0.0,289899.0,0.18,reggaeton,High,2019.0,4.83165
0.88,180.011,0.72,latin,-2.834,0.153,0.463,"Peso Pluma, Anitta",4.0,0.101,75,BELLAKEO,Reggaeton Hits,BELLAKEO,2023-12-07,0.06,1.0,9.0,197333.0,0.0562,reggaeton,High,2023.0,3.288883333333333
0.672,93.999,0.817,latin,-5.612,0.13,0.774,"Myke Towers, Farruko, Arcángel, Sech, Zion",4.0,0.299,72,Si Se da Remix,Reggaeton Hits,Si Se Da - Remix,2019-08-02,0.0,0.0,11.0,332240.0,0.441,reggaeton,High,2019.0,5.537333333333334
0.543,98.992,0.898,latin,-8.317,0.338,0.359,"Cazzu, Lyanno, Rauw Alejandro, Dalex",4.0,0.121,71,Error 93,Reggaeton Hits,Nada,2019-06-03,0.000623,0.0,6.0,305114.0,0.343,reggaeton,High,2019.0,5.085233333333333
0.709,99.993,0.725,latin,-5.017,0.114,0.648,"Rvssian, Rauw Alejandro, Ayra Starr",4.0,0.129,79,Santa,Reggaeton Hits,Santa,2024-04-04,0.000189,0.0,3.0,193039.0,0.321,reggaeton,High,2024.0,3.2173166666666666
0.766,96.037,0.88,latin,-2.906,0.382,0.594,"Ozuna, Bad Gyal",4.0,0.0505,69,Guay,Reggaeton Hits,Guay,2024-04-18,1.79e-05,0.0,1.0,210788.0,0.0881,reggaeton,High,2024.0,3.513133333333333
0.671,169.727,0.714,latin,-5.119,0.325,0.641,"KEVIN ROLDAN, Bryant Myers, Lyanno",4.0,0.362,69,KrING,Reggaeton Hits,HASTA ABAJO,2019-10-04,0.0,1.0,5.0,229827.0,0.292,reggaeton,High,2019.0,3.83045
0.617,173.97,0.703,latin,-5.696,0.433,0.486,"iZaak, JHAYCO, Anuel AA",4.0,0.151,75,BBY BOO (REMIX),Reggaeton Hits,BBY BOO - REMIX,2024-03-27,6.11e-06,1.0,5.0,275862.0,0.215,reggaeton,High,2024.0,4.5977
0.626,100.02,0.763,latin,-5.637,0.205,0.78,Cris Mj,4.0,0.0433,85,SI NO ES CONTIGO,Reggaeton Hits,SI NO ES CONTIGO,2024-05-23,0.225,0.0,5.0,156171.0,0.0859,reggaeton,High,2024.0,2.60285
0.499,99.986,0.791,latin,-8.472,0.0899,0.669,"FloyyMenor, Cris Mj",4.0,0.0509,87,Gata Only,Reggaeton Hits,Gata Only,2024-02-02,2.41e-05,0.0,8.0,222000.0,0.446,reggaeton,High,2024.0,3.7
0.476,129.992,0.793,latin,-10.515,0.115,0.578,"Alex Favela, Grupo Marca Registrada, Joaquin Medina",4.0,0.0406,75,ELOVRGA,Reggaeton Hits,ELOVRGA,2023-08-18,0.0,0.0,5.0,194769.0,0.132,reggaeton,High,2023.0,3.24615
0.71,92.009,0.535,latin,-2.978,0.141,0.523,"Rich Music LTD, Sech, Dalex, Justin Quiles, Lenny Tavárez, Feid",4.0,0.324,70,The Academy,Reggaeton Hits,Porno,2019-10-11,0.0,0.0,1.0,212653.0,0.428,reggaeton,High,2019.0,3.544216666666667
0.668,128.027,0.924,latin,-6.795,0.0678,0.787,KAROL G,4.0,0.0469,93,Si Antes Te Hubiera Conocido,Reggaeton Hits,Si Antes Te Hubiera Conocido,2024-06-21,0.000594,1.0,11.0,195824.0,0.446,reggaeton,High,2024.0,3.263733333333333
0.482,100.029,0.69,latin,-6.335,0.0728,0.356,Fuerza Regida,4.0,0.2,88,PERO NO TE ENAMORES,Reggaeton Hits,NEL,2024-07-25,0.0004,0.0,7.0,149074.0,0.523,reggaeton,High,2024.0,2.484566666666667
0.779,128.028,0.937,latin,-3.539,0.0408,0.95,"Luis R Conriquez, Joel De La P, Chimbala",4.0,0.329,71,Que Se Cuide,Reggaeton Hits,Que Se Cuide,2024-05-04,6.85e-05,0.0,4.0,155625.0,0.22,reggaeton,High,2024.0,2.59375
0.583,115.221,0.669,latin,-8.949,0.1,0.271,"Victor Mendivil, Oscar Maydon",4.0,0.269,83,Mejores Jordans,Reggaeton Hits,Mejores Jordans,2024-07-30,2.54e-06,1.0,1.0,234716.0,0.603,reggaeton,High,2024.0,3.9119333333333333
0.496,100.025,0.696,latin,-7.532,0.0626,0.476,"FloyyMenor, Lewis Somes",4.0,0.0365,76,EL COMIENZO,Reggaeton Hits,APAGA EL CEL,2024-08-09,0.000397,0.0,9.0,184806.0,0.273,reggaeton,High,2024.0,3.0801
0.665,100.09,0.858,latin,-4.772,0.119,0.659,"Feid, Young Miko",4.0,0.152,79,FERXXOCALIPSIS,Reggaeton Hits,CLASSY 101,2023-12-01,0.0,1.0,11.0,195587.0,0.126,reggaeton,High,2023.0,3.2597833333333335
0.86,100.019,0.774,latin,-2.888,0.116,0.446,"Feid, ATL Jacob",4.0,0.13,88,FERXXOCALIPSIS,Reggaeton Hits,LUNA,2023-12-01,0.0,0.0,7.0,196800.0,0.131,reggaeton,High,2023.0,3.28
0.507,99.994,0.755,latin,-6.76,0.18,0.606,"FloyyMenor, Lewis Somes",4.0,0.0684,76,EL COMIENZO,Reggaeton Hits,TU TA RICA,2024-08-09,1.82e-05,0.0,3.0,124806.0,0.293,reggaeton,High,2024.0,2.0801
0.599,86.533,0.828,brazilian,-1.624,0.0775,0.478,"MC L da Vinte, MC Gury",5.0,0.149,73,Parado no Bailão,Brazilian Funk,Parado no Bailão,2018-07-23,0.0,1.0,11.0,171692.0,0.381,funk,High,2018.0,2.8615333333333335
0.827,129.949,0.956,brazilian,1.295,0.423,0.614,"Mc Delux, DJ Guih Da ZO",4.0,0.222,70,Se Voce Nao Quer Passa a Vez,Brazilian Funk,Se Voce Nao Quer Passa a Vez,2022-03-22,0.000259,1.0,9.0,133846.0,0.136,funk,High,2022.0,2.230766666666667
0.99,126.015,0.748,brazilian,-2.39,0.267,0.386,"6YNTHMANE, RXDXVIL",4.0,0.151,72,BRAZILIAN DANÇA PHONK,Brazilian Funk,BRAZILIAN DANÇA PHONK,2023-05-12,0.132,1.0,1.0,118194.0,0.303,funk,High,2023.0,1.9699
0.803,130.028,0.877,brazilian,-3.195,0.087,0.795,"S3BZS, Mc Gw, Mc Menor Do Alvorada",4.0,0.0507,77,MONTAGEM - PR FUNK,Brazilian Funk,MONTAGEM - PR FUNK,2023-05-01,0.056,1.0,9.0,61673.0,0.734,funk,High,2023.0,1.0278833333333333
0.413,130.078,0.92,brazilian,-7.901,0.133,0.679,"MC Kevin o Chris, Dj Nk Da Serra, Mc Magrinho",4.0,0.0752,72,Faz um Vuk Vuk (Teto Espelhado),Brazilian Funk,Faz um Vuk Vuk (Teto Espelhado),2023-07-20,0.0514,0.0,7.0,138462.0,0.504,funk,High,2023.0,2.3077
0.789,130.053,0.89,brazilian,-1.826,0.192,0.758,"DJ Zigão, DJ Lafon Do Md, Mc Rodrigo do CN, Mc Rf",4.0,0.428,69,Te Maceto Depois Do Baile,Brazilian Funk,Te Maceto Depois Do Baile,2024-05-14,0.0,1.0,11.0,199615.0,0.147,funk,High,2024.0,3.3269166666666665
0.427,80.492,0.492,brazilian,-6.37,0.53,0.443,"DJ TOPO, Seu Jorge, Mc Leozin, MC G15",5.0,0.372,77,MTG QUEM NÃO QUER SOU EU,Brazilian Funk,MTG QUEM NÃO QUER SOU EU,2024-05-10,0.00482,0.0,9.0,123692.0,0.364,funk,High,2024.0,2.061533333333333
0.669,130.05,0.949,brazilian,-3.922,0.169,0.843,"Mc Pogba, DJ Guih Da ZO",4.0,0.222,78,Ela Joga na Hora,Brazilian Funk,Ela Joga na Hora,2024-03-28,0.000592,0.0,2.0,132923.0,0.36,funk,High,2024.0,2.2153833333333335
0.687,117.008,0.778,brazilian,-8.568,0.356,0.839,"THE BOX, Mc Brinquedo, MC Cebezinho, MC Tuto, Mc Laranjinha, DJ Oreia",4.0,0.105,78,THE BOX MEDLEY FUNK 2,Brazilian Funk,THE BOX MEDLEY FUNK 2,2024-04-18,0.0105,0.0,11.0,266667.0,0.578,funk,High,2024.0,4.44445
0.955,130.068,0.679,brazilian,-3.715,0.125,0.713,"Dj Samir, Rodricci, Launch13",4.0,0.0437,71,Louca Encubada,Brazilian Funk,Louca Encubada,2023-10-13,0.235,1.0,6.0,119221.0,0.000737,funk,High,2023.0,1.9870166666666667
0.582,84.917,0.615,brazilian,-0.93,0.0791,0.892,"DJ JOÃO PEREIRA, MC Koringa",5.0,0.364,68,DANÇA PRA ME PROVOCAR,Brazilian Funk,DANÇA PRA ME PROVOCAR,2023-09-14,6.55e-05,1.0,6.0,157216.0,0.269,funk,High,2023.0,2.6202666666666667
0.96,130.118,0.863,brazilian,-1.458,0.0853,0.586,"DENNIS, MC Kevin o Chris",4.0,0.0492,71,Tá OK,Brazilian Funk,Tá OK,2023-05-04,0.00526,1.0,11.0,92093.0,0.497,funk,High,2023.0,1.5348833333333334
0.907,117.054,0.863,brazilian,-5.077,0.182,0.304,Ichiss,4.0,0.295,72,WHINE IN BRAZIL FUNK,Brazilian Funk,WHINE IN BRAZIL FUNK,2024-07-09,0.000813,0.0,4.0,107971.0,0.0683,funk,High,2024.0,1.7995166666666667
0.59,86.429,0.711,brazilian,-5.967,0.0798,0.702,"Tropa do Bruxo, SMU, Dj Vitin do Pc, MC JF, MC NAHARA",5.0,0.271,70,Baile do Bruxo (DELUXE),Brazilian Funk,TUMBÁTUM,2023-12-22,1.83e-06,0.0,6.0,121384.0,0.26,funk,High,2023.0,2.023066666666667
0.327,90.025,0.707,turkish,-17.176,0.155,0.181,Semicenk,4.0,0.0687,75,Geçiyor Zaman,Turkish Pop,Onlar Anlamaz Halden,2024-08-09,0.0148,0.0,0.0,176000.0,0.185,pop,High,2024.0,2.933333333333333
0.729,98.022,0.629,turkish,-5.235,0.253,0.427,Semicenk,4.0,0.0379,75,Geçiyor Zaman,Turkish Pop,Geçiyor Zaman,2024-08-09,7.75e-05,0.0,7.0,154286.0,0.431,pop,High,2024.0,2.5714333333333332
0.656,120.001,0.685,turkish,-8.028,0.318,0.556,Semicenk,4.0,0.0411,70,Geçiyor Zaman,Turkish Pop,Kader Sağ Olsun,2024-08-09,0.0,0.0,7.0,172000.0,0.702,pop,High,2024.0,2.8666666666666667
0.606,95.056,0.831,turkish,-4.84,0.0973,0.883,"Semicenk, Doğu Swag",4.0,0.0626,72,Küle Dönmüşsün,Turkish Pop,Küle Dönmüşsün,2024-06-14,1.04e-06,0.0,8.0,146526.0,0.684,pop,High,2024.0,2.4421
0.914,108.02,0.726,turkish,-4.226,0.54,0.839,Simge,4.0,0.0802,74,Önümüz Yaz,Turkish Pop,Önümüz Yaz,2024-06-21,0.0,1.0,7.0,181518.0,0.0758,pop,High,2024.0,3.0253
0.724,78.753,0.536,turkish,-6.84,0.116,0.587,"Ebru Yaşar, Siyam, Zeyd",4.0,0.152,68,Yine Çalıyor,Turkish Pop,Kafamın İçi,2024-05-22,0.0,0.0,9.0,142000.0,0.748,pop,High,2024.0,2.3666666666666667
0.622,204.028,0.406,turkish,-7.647,0.309,0.567,Zeynep Bastık,4.0,0.0648,69,Lan,Turkish Pop,Lan,2024-03-08,1.35e-05,0.0,3.0,196075.0,0.497,pop,High,2024.0,3.267916666666667
0.538,141.894,0.52,hip-hop,-8.109,0.119,0.177,Mac Miller,4.0,0.206,73,Swimming,Chill Hop,Self Care,2018-08-03,0.00187,1.0,1.0,345133.0,0.367,chill,High,2018.0,5.7522166666666665
0.586,130.012,0.891,hip-hop,-4.665,0.213,0.954,Aaron May,4.0,0.121,75,CHASE,Chill Hop,"I'm Good Luv, Enjoy.",2019-02-28,0.0,1.0,11.0,134548.0,0.0833,chill,High,2019.0,2.2424666666666666
0.722,119.973,0.769,hip-hop,-5.485,0.111,0.57,"The Weeknd, Playboi Carti",4.0,0.0507,92,Timeless,Chill Hop,Timeless (with Playboi Carti),2024-09-27,2.56e-06,0.0,11.0,256000.0,0.0584,chill,High,2024.0,4.266666666666667
0.84,95.416,0.856,hip-hop,-7.736,0.0773,0.792,"MF DOOM, Pebbles The Invisible Girl",4.0,0.334,72,Operation: Doomsday (Complete),Chill Hop,Doomsday,1999-10-19,0.0,0.0,6.0,298053.0,0.0973,chill,High,1999.0,4.96755
0.818,97.571,0.373,hip-hop,-3.19,0.434,0.361,"Tyler, The Creator, Teezo Touchdown",4.0,0.102,87,CHROMAKOPIA,Chill Hop,"Darling, I (feat. Teezo Touchdown)",2024-10-28,0.0,0.0,3.0,253834.0,0.36,chill,High,2024.0,4.230566666666666
0.803,67.536,0.284,hip-hop,-5.293,0.242,0.553,"A$AP Rocky, Joe Fox, Kanye West",4.0,0.173,72,AT.LONG.LAST.A$AP,Chill Hop,Jukebox Joints (feat. Joe Fox & Kanye West),2015-05-26,0.0,0.0,2.0,323960.0,0.302,chill,High,2015.0,5.399333333333334
0.86,76.54,0.575,hip-hop,-3.165,0.0973,0.834,Lil Yachty,1.0,0.23,72,A Cold Sunday,Chill Hop,A Cold Sunday,2024-02-02,0.0,0.0,9.0,107314.0,0.298,chill,High,2024.0,1.7885666666666666
0.579,84.143,0.562,hip-hop,-6.788,0.102,0.577,"XXXTENTACION, Joey Bada$$",4.0,0.484,70,?,Chill Hop,infinity (888) - feat. Joey Bada$$,2018-03-16,0.0,0.0,10.0,176591.0,0.274,chill,High,2018.0,2.9431833333333333
0.621,119.043,0.455,hip-hop,-7.694,0.123,0.28,Travis Scott,4.0,0.0517,82,UTOPIA,Chill Hop,MY EYES,2023-07-28,2.59e-06,0.0,0.0,251250.0,0.651,chill,High,2023.0,4.1875
0.76,80.082,0.435,hip-hop,-4.935,0.158,0.206,"Kanye West, Rick Ross",4.0,0.0721,76,My Beautiful Dark Twisted Fantasy,Chill Hop,Devil In A New Dress,2010-11-22,0.0,0.0,8.0,351947.0,0.0175,chill,High,2010.0,5.865783333333333
0.638,82.81,0.677,hip-hop,-8.631,0.193,0.435,J. Cole,4.0,0.333,73,2014 Forest Hills Drive,Chill Hop,Love Yourz,2014-12-09,0.0,1.0,8.0,211497.0,0.589,chill,High,2014.0,3.52495
0.498,81.958,0.665,hip-hop,-8.185,0.0757,0.127,Post Malone,4.0,0.083,72,Stoney (Deluxe),Chill Hop,Go Flex,2016-12-09,0.0,1.0,5.0,179613.0,0.23,chill,High,2016.0,2.99355
0.441,135.028,0.942,hip-hop,-11.448,0.138,0.925,Sainté,4.0,0.469,68,Local Mvp,Chill Hop,Champagne Shots,2021-01-06,0.0,1.0,11.0,144000.0,0.493,chill,High,2021.0,2.4
0.421,95.977,0.852,hip-hop,-9.153,0.106,0.457,Kendrick Lamar,4.0,0.208,73,Mr. Morale & The Big Steppers,Chill Hop,Rich Spirit,2022-05-13,2.28e-06,0.0,10.0,202285.0,0.428,chill,High,2022.0,3.3714166666666667
0.652,141.981,0.47,hip-hop,-9.629,0.175,0.104,"A$AP Rocky, Imogen Heap, Clams Casino",4.0,0.0561,84,I Smoked Away My Brain (I'm God x Demons Mashup) (feat. Imogen Heap & Clams Casino),Chill Hop,I Smoked Away My Brain (I'm God x Demons Mashup) (feat. Imogen Heap & Clams Casino),2023-08-18,4.08e-05,1.0,2.0,190286.0,0.0831,chill,High,2023.0,3.1714333333333333
0.574,120.013,0.669,hip-hop,-6.442,0.146,0.273,"Lil Peep, XXXTENTACION",4.0,0.0286,84,"Come Over When You're Sober, Pt. 2",Chill Hop,Falling Down - Bonus Track,2018-11-09,0.00294,0.0,4.0,196400.0,0.0175,chill,High,2018.0,3.2733333333333334
0.638,94.893,0.809,hip-hop,-5.646,0.453,0.608,Joey Bada$$,4.0,0.28,68,1999,Chill Hop,Righteous Minds,2012-06-12,0.0,0.0,8.0,224043.0,0.262,chill,High,2012.0,3.73405
0.57,129.953,0.734,hip-hop,-7.066,0.112,0.689,XXXTENTACION,4.0,0.133,81,17,Chill Hop,Everybody Dies In Their Nightmares,2017-08-25,2.14e-05,0.0,7.0,95467.0,0.847,chill,High,2017.0,1.5911166666666667
0.744,82.356,0.798,hip-hop,-5.328,0.292,0.794,Ice Cube,4.0,0.136,78,The Predator,Chill Hop,It Was A Good Day,1992-11-17,0.000106,0.0,7.0,260000.0,0.33,chill,High,1992.0,4.333333333333333
0.653,142.347,0.493,hip-hop,-5.666,0.511,0.852,"Tyler, The Creator, YoungBoy Never Broke Again, Ty Dolla $ign",4.0,0.0466,73,CALL ME IF YOU GET LOST,Chill Hop,WUSYANAME (feat. Youngboy Never Broke Again & Ty Dolla $ign),2021-06-25,0.0,0.0,0.0,121573.0,0.269,chill,High,2021.0,2.0262166666666666
0.435,120.058,0.843,hip-hop,-8.442,0.147,0.19,"Mac Miller, Miguel",4.0,0.178,72,GO:OD AM,Chill Hop,Weekend (feat. Miguel),2015-09-18,0.0,1.0,8.0,208080.0,0.47,chill,High,2015.0,3.468
0.636,145.972,0.837,hip-hop,-7.643,0.342,0.274,21 Savage,4.0,0.086,77,i am > i was,Chill Hop,a lot,2018-12-21,0.00125,1.0,1.0,288624.0,0.0395,chill,High,2018.0,4.8104
0.628,90.482,0.639,hip-hop,-7.578,0.386,0.43,"Kanye West, Dwele",4.0,0.0398,83,Graduation,Chill Hop,Flashing Lights,2007-09-11,0.0,0.0,6.0,237507.0,0.0381,chill,High,2007.0,3.95845
0.354,160.037,0.741,hip-hop,-10.603,0.118,0.583,Childish Gambino,4.0,0.0837,78,"""Awaken, My Love!""",Chill Hop,Redbone,2016-12-02,0.00577,1.0,1.0,326933.0,0.181,chill,High,2016.0,5.448883333333334
0.463,111.98,0.809,hip-hop,-11.377,0.109,0.364,Drake,4.0,0.0396,80,More Life,Chill Hop,Passionfruit,2017-03-18,0.085,1.0,11.0,298941.0,0.256,chill,High,2017.0,4.98235
0.604,49.305,0.583,hip-hop,-8.437,0.724,0.691,"The Alchemist, Boldy James",5.0,0.456,68,Yacht Rock 2,Chill Hop,Ocean Prime (feat. Boldy James),2019-08-30,0.0,1.0,2.0,99907.0,0.735,chill,High,2019.0,1.6651166666666666
0.646,176.153,0.599,hip-hop,-6.326,0.128,0.638,Joey Bada$$,4.0,0.337,68,2000,Chill Hop,Show Me,2022-07-22,4.36e-06,1.0,6.0,220387.0,0.222,chill,High,2022.0,3.6731166666666666
0.251,139.999,0.746,hip-hop,-16.169,0.106,0.18,XXXTENTACION,4.0,0.259,84,17,Chill Hop,Revenge,2017-08-25,0.00203,0.0,11.0,120027.0,0.782,chill,High,2017.0,2.00045
0.734,97.044,0.918,hip-hop,-2.832,0.191,0.608,Outkast,4.0,0.269,70,ATLiens,Chill Hop,ATLiens,1996-08-27,8.01e-06,0.0,11.0,230693.0,0.0296,chill,High,1996.0,3.844883333333333
0.63,95.0,0.874,hip-hop,-3.585,0.0582,0.717,2Pac,4.0,0.298,74,R U Still Down? [Remember Me],Chill Hop,Do For Love,1997-01-01,0.00479,1.0,1.0,281600.0,0.0578,chill,High,1997.0,4.693333333333333
0.506,115.994,0.848,hip-hop,-5.105,0.102,0.593,"Don Toliver, Travis Scott",4.0,0.0336,69,Love Sick (Deluxe),Chill Hop,Embarrassed (feat. Travis Scott),2023-02-28,0.0,0.0,4.0,192693.0,0.376,chill,High,2023.0,3.21155
0.747,86.918,0.67,hip-hop,-7.059,0.115,0.918,"Kanye West, Chris Martin",4.0,0.189,79,Graduation,Chill Hop,Homecoming,2007-09-11,0.0,1.0,1.0,203493.0,0.337,chill,High,2007.0,3.39155
0.678,117.067,0.595,hip-hop,-5.18,0.418,0.259,PARTYNEXTDOOR,4.0,0.0335,83,PARTYNEXTDOOR,Chill Hop,Break from Toronto,2013-07-01,0.00389,1.0,9.0,99213.0,0.0199,chill,High,2013.0,1.65355
0.52,92.869,0.747,hip-hop,-10.523,0.142,0.601,Ice Cube,4.0,0.0357,76,Lethal Injection,Chill Hop,You Know How We Do It,1993-12-07,0.0537,0.0,10.0,232773.0,0.0977,chill,High,1993.0,3.87955
0.533,131.036,0.797,hip-hop,-9.74,0.103,0.329,"XXXTENTACION, Trippie Redd",4.0,0.0412,84,17,Chill Hop,Fuck Love,2017-08-25,0.000152,0.0,0.0,146520.0,0.0172,chill,High,2017.0,2.442
0.731,174.516,0.552,hip-hop,-6.873,0.258,0.632,Kendrick Lamar,4.0,0.615,72,DAMN.,Chill Hop,DUCKWORTH.,2017-04-14,0.0,1.0,7.0,248613.0,0.0536,chill,High,2017.0,4.14355
0.559,78.558,0.558,hip-hop,-9.222,0.109,0.62,"Tyler, The Creator, Kali Uchis",4.0,0.0959,90,Flower Boy,Chill Hop,See You Again (feat. Kali Uchis),2017-07-21,7.49e-06,1.0,6.0,180387.0,0.371,chill,High,2017.0,3.00645
0.631,84.166,0.48,hip-hop,-5.488,0.149,0.515,Kanye West,4.0,0.116,70,Graduation,Chill Hop,Good Morning,2007-09-11,0.000105,1.0,7.0,195093.0,0.0791,chill,High,2007.0,3.25155
0.283,138.97,0.898,hip-hop,-12.335,0.11,0.469,J. Cole,4.0,0.356,68,4 Your Eyez Only,Chill Hop,Neighbors,2016-12-09,0.000383,0.0,6.0,216520.0,0.319,chill,High,2016.0,3.6086666666666667
0.283,97.04,0.766,hip-hop,-10.33,0.115,0.144,Drake,4.0,0.0846,77,More Life,Chill Hop,Teenage Fever,2017-03-18,0.0172,0.0,8.0,219692.0,0.111,chill,High,2017.0,3.6615333333333333
0.648,93.2,0.737,ambient,-5.493,0.105,0.746,"Wizkid, Brent Faiyaz",4.0,0.138,77,Piece of My Heart (feat. Brent Faiyaz),Meditative Vibes,Piece of My Heart (feat. Brent Faiyaz),2024-10-18,6.92e-06,1.0,1.0,259354.0,0.252,meditative,High,2024.0,4.322566666666667
0.634,101.837,0.502,ambient,-3.367,0.188,0.645,"Asake, Wizkid",3.0,0.144,72,Lungu Boy,Meditative Vibes,MMS,2024-08-08,0.0341,0.0,8.0,219628.0,0.677,meditative,High,2024.0,3.6604666666666668
0.385,106.312,0.619,ambient,-11.272,0.179,0.294,Fido,5.0,0.118,71,Awolowo,Meditative Vibes,Awolowo,2024-08-07,0.00369,0.0,0.0,135577.0,0.129,meditative,High,2024.0,2.2596166666666666
0.651,67.813,0.49,ambient,-6.259,0.108,0.567,"Ayo Maff, Fireboy DML",5.0,0.138,68,Dealer,Meditative Vibes,Dealer,2024-04-16,7.59e-06,1.0,11.0,180594.0,0.714,meditative,High,2024.0,3.0099
0.415,113.976,0.823,ambient,-10.845,0.128,0.488,Omah Lay,4.0,0.0637,70,Holy Ghost,Meditative Vibes,Holy Ghost,2023-11-09,0.0316,0.0,5.0,186154.0,0.471,meditative,High,2023.0,3.1025666666666667
0.801,104.986,0.778,ambient,-7.326,0.0912,0.914,Asake,4.0,0.106,70,Work Of Art,Meditative Vibes,Lonely At The Top,2023-06-15,0.000155,0.0,6.0,157714.0,0.692,meditative,High,2023.0,2.6285666666666665
0.681,139.057,0.918,ambient,-4.705,0.0615,0.706,"Dave, Central Cee",4.0,0.201,79,Sprinter,Meditative Vibes,Sprinter,2023-06-01,0.0,1.0,1.0,229133.0,0.263,meditative,High,2023.0,3.8188833333333334
0.756,105.024,0.719,ambient,-5.392,0.109,0.647,"Victony, Rema, Tempoe, Don Toliver",4.0,0.0761,72,"Soweto (with Don Toliver, Rema and Tempoe)",Meditative Vibes,"Soweto (with Don Toliver, Rema & Tempoe)",2023-03-22,0.0,0.0,5.0,219500.0,0.0541,meditative,High,2023.0,3.658333333333333
0.503,99.97,0.792,ambient,-8.044,0.0959,0.381,Ayra Starr,4.0,0.0626,68,Rush,Meditative Vibes,Rush,2022-09-16,0.00057,1.0,1.0,185093.0,0.0369,meditative,High,2022.0,3.0848833333333334
0.463,125.15,0.562,ambient,-7.478,0.157,0.416,Tems,5.0,0.0787,72,For Broken Ears,Meditative Vibes,Free Mind,2020-09-25,0.000145,1.0,6.0,247579.0,0.442,meditative,High,2020.0,4.126316666666667
0.707,104.027,0.849,ambient,-6.002,0.618,0.602,"Wizkid, Tems",4.0,0.113,70,Made In Lagos,Meditative Vibes,Essence (feat. Tems),2020-10-29,8.58e-06,1.0,0.0,248040.0,0.0266,meditative,High,2020.0,4.134
0.501,103.993,0.637,ambient,-6.148,0.099,0.431,"Rotimi, Wale",4.0,0.187,68,The Beauty of Becoming,Meditative Vibes,In My Bed,2019-12-13,5.91e-05,0.0,0.0,185461.0,0.229,meditative,High,2019.0,3.0910166666666665
0.496,109.979,0.812,ambient,-5.969,0.0955,0.55,"Dave, Burna Boy",4.0,0.297,73,PSYCHODRAMA,Meditative Vibes,Location (feat. Burna Boy),2019-03-08,0.0,0.0,9.0,241293.0,0.271,meditative,High,2019.0,4.02155
0.581,102.964,0.609,ambient,-10.854,0.283,0.528,Tems,3.0,0.277,72,For Broken Ears,Meditative Vibes,Higher,2020-09-25,0.0,1.0,2.0,196204.0,0.509,meditative,High,2020.0,3.2700666666666667
0.642,83.389,0.463,ambient,-4.474,0.0686,0.339,"Future, Drake, Tems",4.0,0.34,82,I NEVER LIKED YOU,Meditative Vibes,WAIT FOR U (feat. Drake & Tems),2022-04-29,0.0,1.0,1.0,189893.0,0.314,meditative,High,2022.0,3.1648833333333335
0.655,92.9,0.649,ambient,-5.534,0.22,0.793,Oxlade,4.0,0.0652,70,KU LO SA - A COLORS SHOW,Meditative Vibes,KU LO SA - A COLORS SHOW,2022-06-10,0.0,0.0,10.0,147581.0,0.307,meditative,High,2022.0,2.4596833333333334
0.549,123.879,0.613,ambient,-8.187,0.116,0.78,Tems,5.0,0.231,71,If Orange Was A Place,Meditative Vibes,Replay,2021-09-14,0.0,1.0,9.0,180000.0,0.097,meditative,High,2021.0,3.0
0.529,112.014,0.782,ambient,-8.626,0.413,0.44,Ayo Maff,4.0,0.0592,69,MAFFIAN,Meditative Vibes,Are you there?,2024-08-15,1.42e-06,1.0,0.0,156429.0,0.509,meditative,High,2024.0,2.60715
0.00161,140.997,0.138,ambient,-43.643,0.0951,0.155,Somnum Magnam,1.0,0.0532,72,Touches,Ambient Chill,Touches,2024-01-19,0.971,1.0,5.0,144750.0,0.977,chill,High,2024.0,2.4125
0.277,159.719,0.329,ambient,-13.111,0.0971,0.121,"Bon Iver, St. Vincent",3.0,0.0302,75,The Twilight Saga: New Moon (Original Motion Picture Soundtrack),Dark Academia,Rosyln,2009-10-16,0.024,0.0,10.0,289560.0,0.971,academic,High,2009.0,4.826
0.04,135.965,0.44,ambient,-16.887,0.111,0.249,Tom Rosenthal,4.0,0.0322,77,Z-Sides,Dark Academia,Lights Are On,2018-10-26,0.465,1.0,3.0,193749.0,0.981,academic,High,2018.0,3.22915
0.664,129.071,0.575,ambient,-5.303,0.116,0.437,Hozier,4.0,0.0481,81,Hozier,Dark Academia,Take Me To Church,2014-09-19,0.0,0.0,4.0,241688.0,0.637,academic,High,2014.0,4.028133333333333
0.581,130.033,0.613,ambient,-8.588,0.25,0.551,Taylor Swift,4.0,0.0424,83,folklore,Dark Academia,cardigan,2020-07-24,0.000345,0.0,0.0,239560.0,0.537,academic,High,2020.0,3.9926666666666666
0.416,113.986,0.324,ambient,-8.92,0.11,0.151,Lana Del Rey,4.0,0.0368,83,Young And Beautiful,Dark Academia,Young And Beautiful,2013-01-01,3.69e-05,0.0,11.0,236053.0,0.262,academic,High,2013.0,3.9342166666666665
0.363,121.412,0.531,ambient,-7.672,0.112,0.259,Hozier,4.0,0.0608,77,Hozier (Expanded Edition),Dark Academia,Work Song,2014-09-19,0.0,1.0,10.0,229720.0,0.749,academic,High,2014.0,3.828666666666667
0.394,96.192,0.421,ambient,-8.312,0.0984,0.399,Rio Romeo,3.0,0.0277,78,Good God!,Dark Academia,Nothing's New,2022-09-23,4.74e-06,1.0,11.0,211000.0,0.863,academic,High,2022.0,3.5166666666666666
0.308,113.95,0.504,ambient,-14.958,0.158,0.121,Mitski,4.0,0.0321,88,The Land Is Inhospitable and So Are We,Dark Academia,My Love Mine All Mine,2023-09-15,0.135,1.0,9.0,137773.0,0.868,academic,High,2023.0,2.2962166666666666
0.422,144.678,0.718,ambient,-9.115,0.17,0.455,blackbear,4.0,0.0621,71,dead,Dark Academia,idfc,2015-06-02,0.0,0.0,4.0,207027.0,0.0764,academic,High,2015.0,3.45045
0.449,123.969,0.327,ambient,-5.362,0.22,0.179,Matt Maltese,4.0,0.034,68,Bad Contestant,Dark Academia,As the World Caves In,2018-06-08,0.00444,1.0,10.0,218755.0,0.369,academic,High,2018.0,3.6459166666666665
0.135,82.987,0.387,ambient,-14.398,0.0948,0.21,Billie Eilish,4.0,0.051,72,Guitar Songs,Dark Academia,The 30th,2022-07-21,0.0,1.0,7.0,216448.0,0.929,academic,High,2022.0,3.607466666666667
0.179,140.01,0.539,ambient,-14.33,0.106,0.145,Hozier,3.0,0.0309,72,Hozier (Expanded Edition),Dark Academia,Like Real People Do,2014-09-19,0.393,1.0,7.0,198027.0,0.921,academic,High,2014.0,3.30045
0.119,70.499,0.467,ambient,-10.99,0.0973,0.156,Lana Del Rey,4.0,0.0401,73,Norman Fucking Rockwell!,Dark Academia,Happiness is a butterfly,2019-08-30,1.4e-06,1.0,2.0,272485.0,0.969,academic,High,2019.0,4.541416666666667
0.0561,79.764,0.319,ambient,-23.023,0.388,0.082,Billie Eilish,3.0,0.045,74,"WHEN WE ALL FALL ASLEEP, WHERE DO WE GO?",Dark Academia,listen before i go,2019-03-29,0.00384,1.0,0.0,242652.0,0.935,academic,High,2019.0,4.0442
0.343,145.115,0.474,ambient,-8.571,0.305,0.152,Conan Gray,3.0,0.027,72,Superache,Dark Academia,Astronomy,2022-06-24,2.65e-05,0.0,4.0,243907.0,0.578,academic,High,2022.0,4.0651166666666665
0.156,94.08,0.671,ambient,-16.288,0.113,0.201,Harry Styles,4.0,0.0371,69,Harry Styles,Dark Academia,From the Dining Table,2017-05-12,0.0518,1.0,8.0,211960.0,0.804,academic,High,2017.0,3.5326666666666666
0.128,159.679,0.599,ambient,-17.261,0.115,0.367,Billie Eilish,4.0,0.109,70,Happier Than Ever,Dark Academia,Getting Older,2021-07-30,0.121,1.0,10.0,244221.0,0.974,academic,High,2021.0,4.07035
0.129,137.35,0.483,ambient,-20.149,0.106,0.203,Liana Flores,3.0,0.0349,81,recently,Dark Academia,rises the moon,2019-04-10,0.145,0.0,5.0,161929.0,0.947,academic,High,2019.0,2.6988166666666666
0.322,148.005,0.516,ambient,-11.762,0.215,0.261,Lizzy McAlpine,3.0,0.0292,80,five seconds flat,Dark Academia,ceilings,2022-04-08,0.00194,1.0,9.0,182888.0,0.473,academic,High,2022.0,3.0481333333333334
0.268,102.617,0.371,ambient,-10.506,0.104,0.165,Coldplay,3.0,0.0281,85,Parachutes,Dark Academia,Sparks,2000-07-10,0.0517,1.0,1.0,227093.0,0.748,academic,High,2000.0,3.784883333333333
0.338,133.943,0.408,ambient,-13.626,0.0732,0.1,Chance Peña,3.0,0.0431,76,In My Room,Dark Academia,In My Room,2022-05-06,0.000639,1.0,4.0,177609.0,0.521,academic,High,2022.0,2.96015
0.289,129.753,0.531,ambient,-10.065,0.134,0.12,Phoebe Bridgers,4.0,0.0286,75,"Lost Ark Studio Compilation, Vol. 8",Dark Academia,Waiting Room,2016-08-12,0.000358,1.0,2.0,393962.0,0.339,academic,High,2016.0,6.566033333333333
0.276,201.025,0.334,ambient,-13.125,0.113,0.429,Lana Del Rey,3.0,0.0643,79,Chemtrails Over The Country Club,Dark Academia,Chemtrails Over The Country Club,2021-03-19,0.000249,0.0,4.0,271177.0,0.877,academic,High,2021.0,4.519616666666667
0.304,78.997,0.538,ambient,-11.79,0.164,0.065,Lana Del Rey,3.0,0.0352,70,Norman Fucking Rockwell!,Dark Academia,How to disappear,2019-08-30,0.000631,1.0,9.0,228071.0,0.613,academic,High,2019.0,3.8011833333333334
0.377,101.96,0.606,ambient,-9.455,0.154,0.446,"Taylor Swift, Phoebe Bridgers",4.0,0.0275,71,Red (Taylor's Version),Dark Academia,Nothing New (feat. Phoebe Bridgers) (Taylor’s Version) (From The Vault),2021-11-12,0.0,1.0,0.0,258813.0,0.817,academic,High,2021.0,4.31355
0.31,137.474,0.509,ambient,-10.623,0.0963,0.151,Novo Amor,3.0,0.0313,73,Birthplace,Dark Academia,State Lines,2018-10-19,0.229,1.0,9.0,208653.0,0.959,academic,High,2018.0,3.47755
0.225,104.007,0.554,ambient,-11.324,0.107,0.221,SYML,4.0,0.0281,72,Where's My Love,Dark Academia,Where's My Love - Acoustic,2017-07-07,0.0321,1.0,3.0,239880.0,0.892,academic,High,2017.0,3.998
0.425,102.078,0.357,ambient,-7.301,0.322,0.27,Conan Gray,3.0,0.0333,83,Kid Krow,Dark Academia,Heather,2020-03-20,0.0,1.0,5.0,198040.0,0.584,academic,High,2020.0,3.300666666666667
0.468,94.434,0.369,ambient,-9.013,0.109,0.18,Cigarettes After Sex,4.0,0.0273,87,Cigarettes After Sex,Dark Academia,Apocalypse,2017-06-09,0.566,1.0,5.0,290617.0,0.0205,academic,High,2017.0,4.843616666666667
0.407,117.053,0.457,ambient,-11.475,0.126,0.126,Novo Amor,4.0,0.0308,78,Bathing Beach,Dark Academia,Anchor,2017-05-26,0.884,1.0,9.0,257533.0,0.805,academic,High,2017.0,4.292216666666667
0.664,107.747,0.404,ambient,-6.698,0.11,0.0949,Lana Del Rey,4.0,0.0407,80,Ultraviolence (Deluxe),Dark Academia,Brooklyn Baby,2014-01-01,0.00402,1.0,1.0,351640.0,0.542,academic,High,2014.0,5.860666666666667
0.526,130.694,0.521,ambient,-6.032,0.108,0.502,Hozier,4.0,0.0281,74,"Wasteland, Baby!",Dark Academia,Would That I,2019-03-01,0.00537,1.0,5.0,268293.0,0.243,academic,High,2019.0,4.47155
0.367,77.968,0.395,ambient,-7.653,0.11,0.426,Olivia Rodrigo,4.0,0.0324,75,GUTS,Dark Academia,lacy,2023-09-08,0.0,1.0,3.0,177212.0,0.815,academic,High,2023.0,2.953533333333333
0.347,141.332,0.409,ambient,-8.159,0.121,0.199,Olivia Rodrigo,4.0,0.0359,72,The Hunger Games: The Ballad of Songbirds & Snakes (Music From & Inspired By),Dark Academia,Can’t Catch Me Now - from The Hunger Games: The Ballad of Songbirds & Snakes,2023-11-17,4.55e-06,0.0,11.0,205484.0,0.834,academic,High,2023.0,3.424733333333333
0.483,144.99,0.617,ambient,-7.359,0.121,0.176,Gracie Abrams,4.0,0.0458,73,This Is What It Feels Like,Dark Academia,Feels Like,2021-11-12,0.000216,1.0,11.0,152318.0,0.702,academic,High,2021.0,2.5386333333333333
0.199,165.476,0.48,ambient,-12.398,0.0978,0.201,Tom Odell,4.0,0.0329,71,Black Friday,Dark Academia,Black Friday,2024-01-26,0.0563,1.0,6.0,221510.0,0.931,academic,High,2024.0,3.6918333333333333
0.288,110.927,0.687,ambient,-10.415,0.0986,0.308,Billie Eilish,4.0,0.045,70,Happier Than Ever,Dark Academia,Male Fantasy,2021-07-30,0.0,1.0,2.0,194887.0,0.863,academic,High,2021.0,3.2481166666666668
0.11,81.876,0.415,ambient,-14.901,0.0962,0.234,Hozier,4.0,0.0388,68,Hozier (Expanded Edition),Dark Academia,Cherry Wine - Live,2014-09-19,0.00236,1.0,1.0,240147.0,0.951,academic,High,2014.0,4.00245
0.0972,86.686,0.443,ambient,-16.496,0.115,0.289,Leith Ross,4.0,0.0793,68,To Learn,Dark Academia,We'll Never Have Sex,2023-05-19,0.0102,1.0,2.0,100716.0,0.952,academic,High,2023.0,1.6786
0.245,103.777,0.34,ambient,-13.352,0.0633,0.192,"Lana Del Rey, Bleachers",4.0,0.0319,78,Did you know that there's a tunnel under Ocean Blvd,Dark Academia,Margaret (feat. Bleachers),2023-03-24,0.0992,1.0,9.0,339891.0,0.969,academic,High,2023.0,5.66485
0.348,110.019,0.631,ambient,-10.285,0.295,0.32,David Kushner,4.0,0.0343,68,Footprints I Found,Dark Academia,Miserable Man,2022-09-16,8.87e-05,1.0,10.0,232992.0,0.926,academic,High,2022.0,3.8832
0.159,72.38,0.403,ambient,-16.728,0.34,0.0381,Billie Eilish,4.0,0.104,75,Happier Than Ever,Dark Academia,Halley's Comet,2021-07-30,0.0121,0.0,1.0,234761.0,0.961,academic,High,2021.0,3.9126833333333333
0.529,161.989,0.671,hip-hop,-7.226,0.0856,0.203,Juice WRLD,4.0,0.307,83,Goodbye & Good Riddance,Melodic Rap,All Girls Are The Same,2018-12-10,0.000335,1.0,0.0,165820.0,0.0769,melodic,High,2018.0,2.7636666666666665
0.663,184.057,0.672,hip-hop,-5.984,0.134,0.381,Lil Uzi Vert,4.0,0.243,76,Eternal Atake 2,Melodic Rap,Chill Bae,2024-11-01,0.0,1.0,3.0,138324.0,0.112,melodic,High,2024.0,2.3054
0.561,148.775,0.686,hip-hop,-9.929,0.114,0.186,Lil Tecca,4.0,0.191,72,We Love You Tecca,Melodic Rap,Did It Again,2019-08-30,0.0,0.0,10.0,116240.0,0.185,melodic,High,2019.0,1.9373333333333334
0.819,94.011,0.565,hip-hop,-7.899,0.111,0.682,"Diplo, Trippie Redd",4.0,0.0668,71,LIFE'S A TRIP,Melodic Rap,Wish (feat. Trippie Redd) - Trippie Mix,2018-08-10,0.0,1.0,9.0,176874.0,0.232,melodic,High,2018.0,2.9479
0.767,160.084,0.718,hip-hop,-5.641,0.114,0.519,Lil Skies,4.0,0.166,70,Life of a Dark Rose,Melodic Rap,Lust,2017-12-12,0.0,1.0,9.0,156000.0,0.138,melodic,High,2017.0,2.6
0.653,150.097,0.547,hip-hop,-3.875,0.103,0.163,"Post Malone, Young Thug",4.0,0.081,74,Hollywood's Bleeding,Melodic Rap,Goodbyes (feat. Young Thug),2019-09-06,0.0,1.0,5.0,174853.0,0.456,melodic,High,2019.0,2.9142166666666665
0.534,93.924,0.832,hip-hop,-7.813,0.165,0.116,Polo G,4.0,0.253,78,THE GOAT,Melodic Rap,Martin & Gina,2020-05-15,0.0,0.0,1.0,132833.0,0.345,melodic,High,2020.0,2.2138833333333334
0.662,112.509,0.897,hip-hop,-6.903,0.534,0.39,"Lil Baby, Gunna",4.0,0.292,79,Drip Harder,Melodic Rap,Drip Too Hard (Lil Baby & Gunna),2018-10-05,0.0,0.0,1.0,145543.0,0.0852,melodic,High,2018.0,2.4257166666666667
0.515,120.1,0.567,hip-hop,-10.265,0.078,0.321,Lil Tjay,1.0,0.247,73,True 2 Myself,Melodic Rap,F.N,2019-10-11,0.0,0.0,6.0,224000.0,0.354,melodic,High,2019.0,3.7333333333333334
0.651,163.935,0.665,hip-hop,-5.515,0.0896,0.237,Juice WRLD,4.0,0.156,77,Goodbye & Good Riddance,Melodic Rap,Lean Wit Me,2018-12-10,0.0,1.0,1.0,175755.0,0.0414,melodic,High,2018.0,2.92925
0.55,124.13,0.629,hip-hop,-6.772,0.095,0.154,Lil Uzi Vert,4.0,0.0543,68,Eternal Atake 2,Melodic Rap,Conceited,2024-11-01,0.0,1.0,0.0,189487.0,0.152,melodic,High,2024.0,3.1581166666666665
0.671,179.987,0.684,hip-hop,-6.424,0.0769,0.45,"Lil Tecca, Juice WRLD",4.0,0.289,73,We Love You Tecca,Melodic Rap,Ransom (with Juice WRLD) - Remix,2019-08-30,0.0,0.0,2.0,171253.0,0.0119,melodic,High,2019.0,2.854216666666667
0.8,139.918,0.498,hip-hop,-2.665,0.147,0.272,"Post Malone, Ozzy Osbourne, Travis Scott",4.0,0.0503,73,Hollywood's Bleeding,Melodic Rap,Take What You Want (feat. Ozzy Osbourne & Travis Scott),2019-09-06,0.0,0.0,1.0,229573.0,0.0903,melodic,High,2019.0,3.826216666666667
0.54,143.968,0.634,hip-hop,-7.002,0.302,0.543,"Lil Peep, Lil Tracy",4.0,0.0777,71,CASTLES II,Melodic Rap,witchblades,2017-02-07,0.0,1.0,8.0,149360.0,0.0223,melodic,High,2017.0,2.489333333333333
0.545,97.008,0.809,hip-hop,-6.678,0.151,0.244,"Mustard, Roddy Ricch",4.0,0.0734,73,Perfect Ten,Melodic Rap,Ballin' (with Roddy Ricch),2019-06-28,0.0,1.0,7.0,180435.0,0.392,melodic,High,2019.0,3.00725
0.369,140.004,0.735,hip-hop,-9.682,0.126,0.235,YNW Melly,4.0,0.0688,73,Melly vs. Melvin,Melodic Rap,Suicidal,2019-11-22,0.0,0.0,9.0,222997.0,0.334,melodic,High,2019.0,3.7166166666666665
0.662,150.047,0.709,hip-hop,-4.55,0.108,0.439,Juice WRLD,4.0,0.0767,70,Death Race For Love (Bonus Track Version),Melodic Rap,Flaws And Sins,2019-03-08,0.0,1.0,8.0,218349.0,0.00966,melodic,High,2019.0,3.63915
0.75,155.096,0.732,hip-hop,-6.366,0.109,0.401,Lil Uzi Vert,4.0,0.231,81,Luv Is Rage 2,Melodic Rap,XO Tour Llif3,2017-08-25,0.0,0.0,11.0,182707.0,0.00264,melodic,High,2017.0,3.0451166666666665
0.588,114.929,0.712,hip-hop,-5.332,0.21,0.471,Lil Tecca,4.0,0.0543,70,TEC (Bonus),Melodic Rap,Down With Me,2024-01-19,0.0,0.0,9.0,120035.0,0.112,melodic,High,2024.0,2.000583333333333
0.538,99.952,0.829,hip-hop,-7.359,0.103,0.389,Post Malone,4.0,0.212,77,Hollywood's Bleeding,Melodic Rap,Wow.,2019-09-06,1.88e-06,0.0,11.0,149547.0,0.137,melodic,High,2019.0,2.49245
0.507,130.007,0.872,hip-hop,-6.323,0.111,0.506,Gunna,4.0,0.072,76,HIM ALL ALONG,Melodic Rap,HIM ALL ALONG,2024-10-18,0.0,0.0,4.0,158667.0,0.195,melodic,High,2024.0,2.64445
0.631,105.989,0.648,hip-hop,-5.662,0.12,0.142,"Travis Scott, Justin Bieber, Young Thug",4.0,0.104,71,Rodeo,Melodic Rap,Maria I'm Drunk (feat. Justin Bieber & Young Thug),2015-09-04,0.0,0.0,4.0,349933.0,0.38,melodic,High,2015.0,5.832216666666667
0.646,127.978,0.946,hip-hop,-6.604,0.0643,0.961,A Boogie Wit da Hoodie,4.0,0.21,73,Artist,Melodic Rap,Still Think About You,2016-09-16,0.0,1.0,5.0,246988.0,0.219,melodic,High,2016.0,4.116466666666667
0.814,144.991,0.625,hip-hop,-5.181,0.158,0.535,"Juice WRLD, Marshmello",4.0,0.0657,75,Legends Never Die,Melodic Rap,Come & Go (with Marshmello),2020-07-10,0.0,1.0,0.0,205485.0,0.0172,melodic,High,2020.0,3.42475
0.779,123.013,0.724,hip-hop,-5.412,0.127,0.53,Lil Tecca,4.0,0.0807,78,TEC,Melodic Rap,500lbs,2023-09-22,0.0,0.0,7.0,144390.0,0.098,melodic,High,2023.0,2.4065
0.763,120.042,0.695,hip-hop,-3.497,0.0863,0.551,Post Malone,4.0,0.0396,83,Hollywood's Bleeding,Melodic Rap,Circles,2019-09-06,0.00242,1.0,0.0,215280.0,0.189,melodic,High,2019.0,3.588
0.782,94.03,0.701,hip-hop,-4.987,0.124,0.57,Baby Keem,4.0,0.138,77,The Melodic Blue,Melodic Rap,16,2021-09-10,2.31e-06,1.0,1.0,156040.0,0.0918,melodic,High,2021.0,2.6006666666666667
0.88,169.949,0.49,hip-hop,-4.856,0.103,0.392,Post Malone,4.0,0.0435,75,Chemical,Melodic Rap,Chemical,2023-04-14,0.0,1.0,2.0,184013.0,0.00154,melodic,High,2023.0,3.066883333333333
0.551,113.535,0.748,korean,-9.054,0.0943,0.65,Stevie Wonder,4.0,0.0239,74,At The Close Of A Century,K-Drama OSTs,I Just Called To Say I Love You,1999-11-23,1.57e-06,1.0,1.0,262240.0,0.243,drama,High,1999.0,4.370666666666667
0.526,124.709,0.558,korean,-4.686,0.126,0.202,"CHANYEOL, Punch",4.0,0.033,69,"Guardian (Original Television Soundtrack), Pt. 1",K-Drama OSTs,Stay With Me,2016-12-03,0.0,0.0,0.0,192441.0,0.431,drama,High,2016.0,3.20735
0.614,136.628,0.553,korean,-5.098,0.0811,0.345,George Benson,4.0,0.0306,71,20/20,K-Drama OSTs,Nothing's Gonna Change My Love for You,1985-01-15,0.0,1.0,1.0,242679.0,0.764,drama,High,1985.0,4.04465
0.506,133.403,0.469,korean,-6.283,0.102,0.217,ECLIPSE,4.0,0.0291,70,"Lovely Runner, Pt. 1 (Original Soundtrack)",K-Drama OSTs,Sudden Shower,2024-04-08,0.0,1.0,0.0,233031.0,0.587,drama,High,2024.0,3.88385
0.384,139.009,0.437,korean,-8.384,0.121,0.181,V,4.0,0.042,69,"Our Beloved Summer (Original Television Soundtrack), Pt. 5",K-Drama OSTs,Christmas Tree,2021-12-24,2.33e-05,1.0,5.0,209947.0,0.699,drama,High,2021.0,3.4991166666666667
0.557,114.019,0.815,korean,-7.166,0.089,0.482,YEONJUN,4.0,0.0318,69,Cinderella at 2AM OST Part 4,K-Drama OSTs,Boyfriend,2024-09-01,0.0,1.0,5.0,202516.0,0.109,drama,High,2024.0,3.3752666666666666
0.326,134.049,0.46,korean,-8.226,0.0874,0.214,Crush,4.0,0.0304,69,"Queen of Tears (Original Television Soundtrack), Pt.4",K-Drama OSTs,Love You With All My Heart,2024-03-24,0.0,1.0,4.0,244187.0,0.763,drama,High,2024.0,4.0697833333333335
0.76,130.096,0.512,korean,-5.889,0.103,0.495,Jung Kook,4.0,0.0682,68,Stay Alive (Prod. SUGA of BTS),K-Drama OSTs,Stay Alive (Prod. SUGA of BTS),2022-02-11,0.0,0.0,2.0,210928.0,0.299,drama,High,2022.0,3.5154666666666667
0.645,85.046,0.714,world,-5.493,0.0942,0.434,Bad Bunny,4.0,0.0514,70,Un Verano Sin Ti,Tuvan Throat Singing,Me Fui de Vacaciones,2022-05-06,0.00083,1.0,10.0,180930.0,0.229,throat singing,High,2022.0,3.0155
0.321,110.827,0.68,world,-10.944,0.125,0.416,Jósean Log,4.0,0.0376,77,Háblate de Mí,Tuvan Throat Singing,Chachachá,2016-10-14,4.67e-06,1.0,5.0,215986.0,0.791,throat singing,High,2016.0,3.5997666666666666
0.499,93.99,0.796,world,-6.166,0.0867,0.798,"Los Ángeles Azules, Natalia Lafourcade",4.0,0.0404,71,Esto Sí Es Cumbia,Tuvan Throat Singing,Nunca Es Suficiente,2018-06-08,0.0,0.0,2.0,266016.0,0.392,throat singing,High,2018.0,4.4336
0.588,79.989,0.675,world,-7.168,0.95,0.879,Calle 13,4.0,0.177,69,Entren Los Que Quieran,Tuvan Throat Singing,Muerte En Hawaii,2010-11-22,0.0,1.0,3.0,189867.0,0.789,throat singing,High,2010.0,3.16445
0.533,130.02,0.645,folk,-11.65,0.2,0.349,Yaelokre,4.0,0.0351,76,Harpy Hare,Nordic Folk,Harpy Hare,2024-01-04,7.08e-06,1.0,2.0,180923.0,0.644,nordic,High,2024.0,3.0153833333333333
0.615,84.07,0.775,hip-hop,-5.682,0.0595,0.918,Dhanda Nyoliwala,4.0,0.368,74,Russian Bandana,Desi Hip-Hop,Russian Bandana,2024-09-12,0.0,0.0,1.0,197143.0,0.304,desi,High,2024.0,3.2857166666666666
0.798,86.638,0.509,hip-hop,-4.472,0.203,0.48,Karan Aujla,4.0,0.235,70,Sifar Safar,Desi Hip-Hop,Sifar Safar,2024-10-18,0.0,1.0,2.0,180345.0,0.00625,desi,High,2024.0,3.00575
0.606,175.917,0.656,hip-hop,-5.948,0.105,0.38,Dhanda Nyoliwala,4.0,0.363,68,DNW Vol. 1,Desi Hip-Hop,Knife Brows,2024-10-19,0.0,1.0,9.0,175909.0,0.335,desi,High,2024.0,2.9318166666666667
0.702,180.219,0.711,hip-hop,-10.048,0.0932,0.674,"Shubh, Ikky",4.0,0.233,68,Baller,Desi Hip-Hop,Baller,2022-09-09,0.0163,1.0,5.0,148188.0,0.00487,desi,High,2022.0,2.4698
0.78,171.285,0.461,hip-hop,-5.004,0.181,0.448,"Karan Aujla, Mxrci",4.0,0.363,75,Winning Speech,Desi Hip-Hop,Winning Speech,2024-05-16,0.0,0.0,11.0,227442.0,0.128,desi,High,2024.0,3.7907
0.431,94.0,0.881,hip-hop,-11.093,0.113,0.246,Shubh,4.0,0.0914,71,Still Rollin,Desi Hip-Hop,Still Rollin,2023-05-19,0.0018,0.0,6.0,174730.0,0.182,desi,High,2023.0,2.912166666666667
0.455,99.958,0.796,hip-hop,-7.763,0.156,0.352,"Prabh Singh, Jay Trak, Rooh Sandhu",4.0,0.0997,73,9:45,Desi Hip-Hop,9:45,2023-03-10,3.59e-06,0.0,1.0,117606.0,0.637,desi,High,2023.0,1.9601
0.362,115.974,0.967,hip-hop,-11.374,0.124,0.633,Shubh,4.0,0.159,69,Still Rollin,Desi Hip-Hop,Dior,2023-05-19,0.00637,0.0,5.0,139134.0,0.514,desi,High,2023.0,2.3189
0.627,89.998,0.742,hip-hop,-8.939,0.269,0.356,Shubh,4.0,0.0533,75,Still Rollin,Desi Hip-Hop,Cheques,2023-05-19,1.23e-05,0.0,4.0,183757.0,0.262,desi,High,2023.0,3.0626166666666665
0.572,88.041,0.742,hip-hop,-8.163,0.318,0.644,Shubh,4.0,0.0743,70,MVP,Desi Hip-Hop,MVP,2024-05-10,0.00428,0.0,7.0,196898.0,0.391,desi,High,2024.0,3.281633333333333
0.684,100.042,0.769,hip-hop,-6.113,0.18,0.483,"Sukha, Chani Nattan, Prodgk, Gurlez Akhtar",4.0,0.148,68,UNDISPUTED,Desi Hip-Hop,8 ASLE,2023-11-17,0.0,0.0,10.0,161000.0,0.0977,desi,High,2023.0,2.683333333333333
0.566,85.953,0.794,hip-hop,-8.35,0.151,0.68,Shubh,4.0,0.0602,72,Leo,Desi Hip-Hop,King Shit,2024-01-05,0.000168,0.0,11.0,226933.0,0.301,desi,High,2024.0,3.782216666666667
0.512,144.926,0.848,hip-hop,-7.757,0.101,0.881,Shubh,4.0,0.118,75,One Love,Desi Hip-Hop,One Love,2023-08-18,0.00645,1.0,7.0,159222.0,0.284,desi,High,2023.0,2.6537
0.75,139.979,0.831,hip-hop,-5.42,0.111,0.662,Karan Aujla,4.0,0.153,70,On Top,Desi Hip-Hop,On Top,2022-11-25,0.0,0.0,10.0,183429.0,0.0188,desi,High,2022.0,3.05715
0.733,92.969,0.864,hip-hop,-3.292,0.166,0.183,AP Dhillon,4.0,0.0713,71,Old Money,Desi Hip-Hop,Old Money,2024-08-09,0.000175,0.0,4.0,128098.0,0.144,desi,High,2024.0,2.1349666666666667
0.356,83.679,0.708,hip-hop,-9.738,0.112,0.569,AUR,4.0,0.075,75,Tu hai kahan,Desi Hip-Hop,Tu hai kahan,2023-10-16,6.54e-05,1.0,1.0,263185.0,0.437,desi,High,2023.0,4.386416666666666
0.718,89.906,0.716,hip-hop,-5.348,0.192,0.91,Shubh,4.0,0.148,73,Bandana,Desi Hip-Hop,Bandana,2024-03-29,0.0,0.0,6.0,154667.0,0.0452,desi,High,2024.0,2.5777833333333335
0.745,180.098,0.464,hip-hop,-3.202,0.363,0.262,"Hanumankind, Kalmi",4.0,0.161,85,Big Dawgs,Desi Hip-Hop,Big Dawgs,2024-07-09,0.0,0.0,4.0,190667.0,0.0235,desi,High,2024.0,3.177783333333333
0.661,76.71,0.836,reggae,-6.502,0.449,0.753,Damian Marley,4.0,0.338,68,Welcome to Jamrock,Reggae Fusion,Welcome To Jamrock,2005-01-01,0.0,0.0,7.0,213200.0,0.0208,fusion,High,2005.0,3.5533333333333332
0.782,119.992,0.727,electronic,-8.529,0.225,0.655,"Adam Port, Stryv, Keinemusik, Orso, Malachiii",4.0,0.042,68,Move,Afro House,Move,2024-06-07,0.336,0.0,8.0,177599.0,0.0563,afro house,High,2024.0,2.959983333333333
0.787,119.996,0.704,electronic,-6.751,0.159,0.31,"HUGEL, Topic, Arash, Daecolm",4.0,0.0462,83,I Adore You (feat. Daecolm),Afro House,I Adore You (feat. Daecolm),2024-07-19,0.00538,0.0,11.0,214000.0,0.00926,afro house,High,2024.0,3.566666666666667
0.577,119.986,0.795,electronic,-9.638,0.051,0.206,"MoBlack, Salif Keita, Benja (NL), Franc Fala, Cesária Evora",4.0,0.0648,75,Yamore,Afro House,Yamore,2024-06-07,0.147,0.0,1.0,248000.0,0.00263,afro house,High,2024.0,4.133333333333334
0.872,122.028,0.43,electronic,-7.821,0.119,0.136,"Alex Wann, Route 94, Jess Glynne",4.0,0.0522,69,My Love (2024),Afro House,My Love (2024),2024-08-30,0.879,1.0,1.0,184500.0,0.118,afro house,High,2024.0,3.075
0.946,120.036,0.542,electronic,-6.048,0.107,0.229,"HUGEL, Diplo, Malou, Yuna",4.0,0.0425,71,Forever (feat. Malou & Yuna),Afro House,Forever (feat. Malou & Yuna),2024-09-20,0.632,0.0,9.0,140500.0,0.0312,afro house,High,2024.0,2.341666666666667
0.797,122.011,0.702,electronic,-6.635,0.179,0.0356,"Disclosure, Eliza Doolittle, Rivo",4.0,0.0557,79,You & Me (Rivo Remix),Afro House,You & Me - Rivo Remix,2023-12-22,0.495,0.0,10.0,208525.0,0.583,afro house,High,2023.0,3.475416666666667
0.723,123.993,0.787,electronic,-6.995,0.085,0.579,"Wakyin, Carlos Vives",4.0,0.152,70,Beso (Fruta Fresca),Afro House,Beso (Fruta Fresca),2023-12-13,0.00447,0.0,10.0,197695.0,0.0509,afro house,High,2023.0,3.2949166666666665
0.879,123.004,0.741,electronic,-6.132,0.126,0.362,"James Mac, Vall, Rosalie",4.0,0.0425,68,The Boy Is Mine,Afro House,The Boy Is Mine,2023-06-23,0.0433,0.0,1.0,201713.0,0.0841,afro house,High,2023.0,3.361883333333333
0.57,121.843,0.655,electronic,-11.475,0.105,0.487,"Gordo, Drake",4.0,0.0487,70,DIAMANTE,Afro House,Sideways,2024-07-26,0.43,0.0,5.0,253770.0,0.527,afro house,High,2024.0,4.2295
0.637,120.033,0.847,electronic,-8.751,0.121,0.0509,"Zerb, Sofiya Nzau",4.0,0.0587,74,SURRENDER,Afro House,Mwaki,2023-10-27,0.201,0.0,7.0,208135.0,0.201,afro house,High,2023.0,3.468916666666667
0.83,120.97,0.808,electronic,-8.238,0.403,0.465,RAFFA GUIDO,4.0,0.0356,69,Famax,Afro House,Famax - Edit,2024-02-23,0.809,1.0,1.0,213768.0,0.00575,afro house,High,2024.0,3.5628
0.0516,87.587,0.27,classical,-33.766,0.112,0.199,Fabrizio Paterlini,4.0,0.0442,71,Transitions III,Neo-Classical,Waltz,2020-06-05,0.953,0.0,8.0,64788.0,0.986,neo-classical,High,2020.0,1.0798
0.0582,132.614,0.191,classical,-25.398,0.0941,0.0454,Ludovico Einaudi,1.0,0.0578,70,Una Mattina,Neo-Classical,Nuvole Bianche,2004-01-01,0.89,1.0,8.0,357707.0,0.961,neo-classical,High,2004.0,5.961783333333333
0.146,172.13,0.265,classical,-21.134,0.104,0.416,Gibran Alcocer,5.0,0.0323,71,Idea 1,Neo-Classical,Idea 1,2022-08-16,0.893,0.0,8.0,154500.0,0.985,neo-classical,High,2022.0,2.575
0.0559,95.217,0.396,classical,-20.707,0.11,0.278,Ben Crosland,1.0,0.0599,70,The Turn,Neo-Classical,Oceans Apart,2020-06-19,0.935,0.0,9.0,78413.0,0.987,neo-classical,High,2020.0,1.3068833333333334
0.138,128.563,0.34,classical,-24.95,0.112,0.325,Gibran Alcocer,4.0,0.0357,72,Idea 9,Neo-Classical,Idea 9,2023-05-26,0.846,0.0,2.0,137547.0,0.984,neo-classical,High,2023.0,2.29245
0.0968,62.881,0.286,classical,-16.806,0.0861,0.0395,Hans Zimmer,4.0,0.0323,71,Inception (Music from the Motion Picture),Neo-Classical,Time,2010-07-09,0.696,1.0,7.0,275556.0,0.178,neo-classical,High,2010.0,4.5926
0.149,82.019,0.485,electronic,-20.394,0.102,0.112,".diedlonely, énouement",4.0,0.0282,70,stellar,Vaporwave Essentials,stellar,2023-06-23,0.917,0.0,8.0,99672.0,0.886,vaporwave,High,2023.0,1.6612
0.0823,67.238,0.252,electronic,-27.338,0.0857,0.0381,leadwave,4.0,0.0344,70,memories,Vaporwave Essentials,memories,2022-09-23,0.928,1.0,5.0,86320.0,0.951,vaporwave,High,2022.0,1.4386666666666668
0.641,141.931,0.529,electronic,-6.78,0.102,0.089,"Clams Casino, Imogen Heap",4.0,0.0336,74,Instrumental Relics,Vaporwave Essentials,I'm God,2020-04-24,0.76,1.0,2.0,277711.0,0.0711,vaporwave,High,2020.0,4.628516666666667
0.754,170.084,0.564,electronic,-8.849,0.224,0.457,Home,5.0,0.0646,68,Odyssey,Vaporwave Essentials,Resonance,2014-07-01,0.84,1.0,8.0,212939.0,0.0424,vaporwave,High,2014.0,3.548983333333333
0.715,113.861,0.552,electronic,-9.291,0.0669,0.858,Macabre Plaza,4.0,0.0524,72,Out With the Old in With the Taboo,Vaporwave Essentials,A Bird's Last Look,2022-04-21,0.702,1.0,2.0,69565.0,0.0286,vaporwave,High,2022.0,1.1594166666666668
0.687,106.896,0.605,electronic,-13.928,0.104,0.12,Daft Punk,4.0,0.045,70,Discovery,Vaporwave Essentials,Veridis Quo,2001-03-12,0.949,0.0,9.0,345187.0,0.479,vaporwave,High,2001.0,5.753116666666667
0.91,130.032,0.528,electronic,-7.309,0.0938,0.137,Pastel Ghost,4.0,0.0366,73,Abyss,Vaporwave Essentials,Dark Beach,2015-03-10,0.764,0.0,9.0,222000.0,0.346,vaporwave,High,2015.0,3.7
0.573,140.04,0.911,hip-hop,-7.43,0.403,0.972,Central Cee,4.0,0.288,77,Doja,UK Drill,Doja,2022-07-21,0.0,1.0,6.0,97393.0,0.38,drill,High,2022.0,1.6232166666666668
0.413,146.05,0.747,hip-hop,-11.197,0.17,0.481,Central Cee,4.0,0.488,72,LET GO,UK Drill,LET GO,2022-12-15,0.0,0.0,2.0,174247.0,0.848,drill,High,2022.0,2.9041166666666665
0.332,141.849,0.885,hip-hop,-8.62,0.119,0.423,Nemzzz,4.0,0.848,69,2MS,UK Drill,2MS,2022-02-24,0.0,1.0,1.0,108169.0,0.0185,drill,High,2022.0,1.8028166666666667
0.674,140.065,0.922,hip-hop,-4.429,0.128,0.726,"Dave, Central Cee",4.0,0.366,69,Split Decision,UK Drill,UK Rap,2023-06-04,3.07e-06,1.0,1.0,198027.0,0.323,drill,High,2023.0,3.30045
0.731,149.987,0.583,rock,-6.18,0.238,0.446,Café Tacvba,4.0,0.0271,74,Cuatro Caminos,Spanish Rock Classics,Eres,2003-07-01,0.0136,0.0,9.0,267600.0,0.0107,spanish,High,2003.0,4.46
0.731,97.007,0.751,rock,-4.419,0.0556,0.973,Juanes,4.0,0.0308,72,Mi Sangre,Spanish Rock Classics,La Camisa Negra,2004-01-01,0.0,0.0,6.0,216707.0,0.0838,spanish,High,2004.0,3.6117833333333333
0.84,97.027,0.673,rock,-3.564,0.0965,0.94,Juanes,4.0,0.0559,72,Un Día Normal,Spanish Rock Classics,A Dios Le Pido,2002-01-01,0.0,1.0,7.0,205373.0,0.0683,spanish,High,2002.0,3.4228833333333335
0.758,129.944,0.696,rock,-6.077,0.189,0.858,Juanes,4.0,0.0263,77,Un Día Normal,Spanish Rock Classics,Es Por Ti,2002-01-01,3.09e-05,1.0,4.0,250693.0,0.172,spanish,High,2002.0,4.178216666666667
0.447,121.989,0.657,rock,-13.148,0.0995,0.523,Los Enanitos Verdes,4.0,0.0303,70,Nectar,Spanish Rock Classics,Luz De Dia,1999-01-01,0.00105,1.0,0.0,268867.0,0.478,spanish,High,1999.0,4.481116666666667
0.592,170.391,0.332,rock,-6.127,0.109,0.31,Camila,3.0,0.0371,77,Dejarte De Amar,Spanish Rock Classics,Mientes,2010-02-09,0.0,1.0,1.0,205160.0,0.0824,spanish,High,2010.0,3.4193333333333333
0.715,84.098,0.487,rock,-4.417,0.195,0.638,"Juanes, Nelly Furtado",4.0,0.0519,68,Un Día Normal,Spanish Rock Classics,Fotografía,2002-01-01,0.0,1.0,7.0,238133.0,0.294,spanish,High,2002.0,3.9688833333333333
0.659,106.196,0.648,rock,-6.369,0.19,0.532,Jaguares,4.0,0.0259,68,El Primer Instinto,Spanish Rock Classics,Te Lo Pido por Favor,2002-10-22,0.000307,1.0,2.0,206133.0,0.115,spanish,High,2002.0,3.43555
0.643,76.979,0.601,rock,-4.581,0.283,0.387,Juanes,4.0,0.0272,70,Mi Sangre,Spanish Rock Classics,Nada Valgo Sin Tu Amor,2004-01-01,0.0,1.0,0.0,196360.0,0.155,spanish,High,2004.0,3.272666666666667
0.479,123.217,0.425,rock,-12.22,0.378,0.279,Caifanes,4.0,0.0419,72,El Diablito,Spanish Rock Classics,La Célula Que Explota,1990-06-19,0.000109,1.0,2.0,215867.0,0.44,spanish,High,1990.0,3.5977833333333336
0.735,123.57,0.714,rock,-7.125,0.115,0.68,Los Enanitos Verdes,4.0,0.0306,77,Big Bang,Spanish Rock Classics,Lamento Boliviano,1994-01-01,0.000622,0.0,4.0,222227.0,0.176,spanish,High,1994.0,3.7037833333333334
0.879,133.946,0.742,indian,-4.274,0.0981,0.936,"Akon, Hamsika Iyer",4.0,0.0328,72,Ra-One,Bollywood Workout,Chammak Challo,2011-09-16,7.17e-06,0.0,0.0,227091.0,0.0696,workout,High,2011.0,3.78485
0.824,172.006,0.77,indian,-6.491,0.318,0.49,"Badshah, Diljit Dosanjh, Aastha Gill",4.0,0.0851,70,Namaste England (Original Motion Picture Soundtrack),Bollywood Workout,Proper Patola,2018-10-03,0.0,0.0,1.0,178605.0,0.485,workout,High,2018.0,2.97675
0.809,116.015,0.732,electronic,-7.264,0.0642,0.253,Stromae,4.0,0.0878,70,racine carrée,French Touch,Papaoutai,2013-01-01,0.0,0.0,10.0,232147.0,0.0266,french,High,2013.0,3.8691166666666668
0.797,97.988,0.811,electronic,-5.428,0.112,0.541,Aya Nakamura,4.0,0.165,68,NAKAMURA,French Touch,Djadja,2018-11-02,0.0,1.0,5.0,171133.0,0.0617,french,High,2018.0,2.8522166666666666
0.807,155.397,0.525,electronic,-6.366,0.0504,0.741,Zaz,4.0,0.0725,68,Zaz,French Touch,Je veux,2010-05-10,0.0,0.0,2.0,215933.0,0.251,french,High,2010.0,3.598883333333333
0.593,119.958,0.79,electronic,-9.204,0.065,0.72,Stromae,4.0,0.0776,75,Cheese,French Touch,Alors on danse - Radio Edit,2010-01-01,0.00202,0.0,1.0,206067.0,0.0983,french,High,2010.0,3.43445
0.831,132.029,0.798,electronic,-4.481,0.112,0.721,"Soolking, Gazo",4.0,0.171,71,Casanova,French Touch,Casanova,2023-07-06,5.87e-05,0.0,7.0,189091.0,0.697,french,High,2023.0,3.1515166666666667
0.913,123.58,0.606,electronic,-6.039,0.34,0.838,Desireless,4.0,0.0351,70,François,French Touch,Voyage voyage,2001-01-02,0.00696,0.0,8.0,266600.0,0.246,french,High,2001.0,4.443333333333333
0.449,114.924,0.669,electronic,-7.658,0.0729,0.327,Indila,4.0,0.049,77,Mini World,French Touch,Dernière danse,2014-01-01,0.0,0.0,0.0,213493.0,0.184,french,High,2014.0,3.5582166666666666
0.255,95.978,0.375,electronic,-12.279,0.0845,0.331,Indila,3.0,0.0377,74,Mini World,French Touch,Love Story,2014-01-01,0.0,0.0,10.0,316280.0,0.815,french,High,2014.0,5.271333333333334
0.629,70.568,0.513,electronic,-9.055,0.146,0.498,Stromae,4.0,0.19,70,racine carrée,French Touch,Formidable,2013-01-01,0.0,0.0,4.0,213933.0,0.0986,french,High,2013.0,3.56555
0.583,126.036,0.793,electronic,-5.973,0.253,0.97,"Jungeli, Imen Es, Alonzo, Abou Debeing, Lossa",4.0,0.247,71,Petit génie,French Touch,Petit génie,2023-08-04,1.07e-05,0.0,1.0,217260.0,0.106,french,High,2023.0,3.621
0.681,101.005,0.798,electronic,-4.818,0.137,0.434,"SativaMusic, Morad, GIMS",4.0,0.0722,73,Seya,French Touch,Seya,2023-10-06,0.00197,0.0,10.0,188485.0,0.219,french,High,2023.0,3.1414166666666667
0.638,109.96,0.701,electronic,-9.061,0.279,0.646,Stromae,4.0,0.165,68,racine carrée,French Touch,Tous les mêmes,2013-01-01,0.00219,0.0,5.0,210933.0,0.223,french,High,2013.0,3.51555
0.852,119.892,0.779,electronic,-3.353,0.212,0.601,GIMS,4.0,0.0651,74,Mon coeur avait raison,French Touch,Est-ce que tu m'aimes ? - Pilule bleue,2015-08-28,0.0,1.0,2.0,237093.0,0.235,french,High,2015.0,3.95155
0.717,117.952,0.753,electronic,-8.438,0.0988,0.601,Werenoi,4.0,0.0384,68,Telegram,French Touch,Solitaire,2022-10-28,0.00258,0.0,1.0,146441.0,0.151,french,High,2022.0,2.4406833333333333
0.627,118.093,0.788,electronic,-9.072,0.232,0.909,Carbonne,4.0,0.0751,74,Imagine,French Touch,Imagine,2024-05-03,0.0,0.0,0.0,165894.0,0.693,french,High,2024.0,2.7649
0.708,130.081,0.872,electronic,-7.472,0.0998,0.308,"Tiakola, Ryflo, Oskoow",4.0,0.176,69,BDLM VOL.1,French Touch,MANON B,2024-09-20,0.0,1.0,10.0,169846.0,0.336,french,High,2024.0,2.830766666666667
0.569,115.03,0.772,electronic,-7.006,0.117,0.525,"Tiakola, Genezio, Prototype",4.0,0.062,71,BDLM VOL.1,French Touch,PONA NINI,2024-09-20,0.0,0.0,6.0,246979.0,0.235,french,High,2024.0,4.116316666666667
0.709,130.081,0.872,electronic,-7.472,0.0998,0.309,"Tiakola, Ryflo, Oskoow",4.0,0.176,71,MANON B,French Touch,MANON B,2024-08-29,0.0,1.0,10.0,169846.0,0.336,french,High,2024.0,2.830766666666667
0.533,102.025,0.863,indie,-7.986,0.0794,0.738,Parcels,4.0,0.0484,71,Tieduprightnow,Australian Indie,Tieduprightnow,2018-04-27,0.00126,0.0,5.0,249957.0,0.291,australian,High,2018.0,4.16595
0.873,97.96,0.621,indie,-3.067,0.0824,0.873,Tame Impala,4.0,0.0369,79,The Slow Rush,Australian Indie,Borderline,2020-02-14,9.1e-06,0.0,5.0,237800.0,0.0406,australian,High,2020.0,3.9633333333333334
0.924,168.017,0.598,indie,-4.974,0.17,0.611,Royel Otis,4.0,0.0623,76,Oysters In My Pocket,Australian Indie,Oysters In My Pocket,2022-03-10,0.799,0.0,6.0,162339.0,0.0205,australian,High,2022.0,2.70565
0.664,118.018,0.731,indie,-5.474,0.133,0.661,Tame Impala,4.0,0.0302,68,The Slow Rush,Australian Indie,Is It True,2020-02-14,0.35,1.0,0.0,239267.0,0.00307,australian,High,2020.0,3.9877833333333332
0.655,92.9,0.649,latin,-5.534,0.22,0.793,Oxlade,4.0,0.0652,70,KU LO SA - A COLORS SHOW,Afro-Latin Party,KU LO SA - A COLORS SHOW,2022-06-10,0.0,0.0,10.0,147581.0,0.307,afro-latin,High,2022.0,2.4596833333333334
0.781,107.007,0.811,latin,-6.333,0.121,0.824,Rema,4.0,0.0428,69,Calm Down,Afro-Latin Party,Calm Down,2022-02-10,0.001,1.0,11.0,219813.0,0.376,afro-latin,High,2022.0,3.66355
0.503,99.97,0.792,latin,-8.044,0.0959,0.381,Ayra Starr,4.0,0.0626,68,Rush,Afro-Latin Party,Rush,2022-09-16,0.00057,1.0,1.0,185093.0,0.0369,afro-latin,High,2022.0,3.0848833333333334
0.501,103.993,0.637,latin,-6.148,0.099,0.431,"Rotimi, Wale",4.0,0.187,68,The Beauty of Becoming,Afro-Latin Party,In My Bed,2019-12-13,5.91e-05,0.0,0.0,185461.0,0.229,afro-latin,High,2019.0,3.0910166666666665
0.485,100.053,0.843,latin,-8.735,0.107,0.689,"Drake, Tems",4.0,0.195,68,Certified Lover Boy,Afro-Latin Party,Fountains (with Tems),2021-09-03,0.0675,0.0,10.0,192418.0,0.181,afro-latin,High,2021.0,3.2069666666666667
0.549,123.879,0.613,latin,-8.187,0.116,0.78,Tems,5.0,0.231,71,If Orange Was A Place,Afro-Latin Party,Replay,2021-09-14,0.0,1.0,9.0,180000.0,0.097,afro-latin,High,2021.0,3.0
0.649,113.009,0.788,latin,-9.674,0.12,0.229,"Davido, Musa Keys",4.0,0.0532,69,Timeless,Afro-Latin Party,UNAVAILABLE (feat. Musa Keys),2023-03-30,0.0136,1.0,2.0,169912.0,0.253,afro-latin,High,2023.0,2.8318666666666665
0.422,124.357,0.573,latin,-7.621,0.102,0.693,Libianca,5.0,0.0678,76,People,Afro-Latin Party,People,2022-12-06,1.31e-05,0.0,10.0,184791.0,0.551,afro-latin,High,2022.0,3.07985
0.725,105.016,0.711,latin,-8.315,0.11,0.53,Omah Lay,4.0,0.0941,74,Boy Alone,Afro-Latin Party,soso,2022-07-14,0.129,0.0,3.0,183057.0,0.424,afro-latin,High,2022.0,3.05095
0.809,99.005,0.724,latin,-5.022,0.0765,0.606,"Davido, FAVE",4.0,0.0929,69,Timeless,Afro-Latin Party,KANTE (feat. Fave),2023-03-30,0.0,0.0,6.0,194040.0,0.182,afro-latin,High,2023.0,3.234
0.642,83.389,0.463,latin,-4.474,0.0686,0.339,"Future, Drake, Tems",4.0,0.34,82,I NEVER LIKED YOU,Afro-Latin Party,WAIT FOR U (feat. Drake & Tems),2022-04-29,0.0,1.0,1.0,189893.0,0.314,afro-latin,High,2022.0,3.1648833333333335
0.89,126.881,0.645,pop,-4.985,0.376,0.421,"Alan Walker, Ina Wroldsen",4.0,0.128,69,Barcelona,Scandi Pop,Barcelona,2024-06-13,9.38e-06,1.0,6.0,205087.0,0.259,scandi,High,2024.0,3.4181166666666667
0.746,132.31,0.636,rock,-3.785,0.173,0.432,Creedence Clearwater Revival,4.0,0.0393,23,The Long Road Home - The Ultimate John Fogerty / Creedence Collection,Rock Classics,Fortunate Son,2005-12-14,0.29,1.0,0.0,138053.0,0.0648,classic,Low,2005.0,2.300883333333333
0.835,129.981,0.572,rock,-6.219,0.0702,0.795,Van Halen,4.0,0.0317,53,The Collection,Rock Classics,Jump - 2015 Remaster,2015-03-27,0.000377,1.0,0.0,241600.0,0.171,classic,Low,2015.0,4.026666666666666
0.804,111.457,0.591,rock,-7.299,0.0818,0.658,Stevie Nicks,4.0,0.0454,55,Bella Donna (Deluxe Edition),Rock Classics,Edge of Seventeen - 2016 Remaster,2016-11-04,5.98e-06,1.0,0.0,329413.0,0.327,classic,Low,2016.0,5.490216666666667
0.104,76.474,0.443,jazz,-17.042,0.191,0.394,"Ella Fitzgerald, Louis Armstrong",4.0,0.101,64,"Love, Ella",Jazz Classics,Dream A Little Dream Of Me - Single Version,2007-05-03,0.0,1.0,0.0,185160.0,0.913,classic,Low,2007.0,3.086
0.472,80.487,0.685,jazz,-9.691,0.224,0.475,Galt MacDermot,4.0,0.0298,62,Shapes of Rhythm/Woman Is Sweeter,Jazz Classics,Coffee Cold,2000-01-01,0.284,0.0,9.0,205720.0,0.785,classic,Low,2000.0,3.4286666666666665
0.365,119.347,0.67,jazz,-10.158,0.0575,0.45,"Frank Sinatra, Count Basie",4.0,0.0566,61,Ultimate Sinatra,Jazz Classics,Fly Me To The Moon,2015-04-17,0.0,1.0,0.0,147147.0,0.525,classic,Low,2015.0,2.45245
0.264,122.482,0.663,jazz,-14.571,0.1,0.657,"Ella Fitzgerald, Louis Armstrong",4.0,0.0914,60,The Complete Ella And Louis On Verve,Jazz Classics,Cheek To Cheek,1997-05-20,0.0,1.0,0.0,354533.0,0.706,classic,Low,1997.0,5.908883333333334
0.222,156.364,0.525,jazz,-11.065,0.051,0.645,Benny Goodman,4.0,0.0373,55,B. G. In Hi Fi,Jazz Classics,Stompin At The Savoy,1990-01-01,0.0799,0.0,10.0,195533.0,0.836,classic,Low,1990.0,3.2588833333333334
0.0619,60.705,0.336,jazz,-20.494,0.11,0.197,Kenny Dorham,4.0,0.0363,54,Quiet Kenny,Jazz Classics,Alone Together - Rudy Van Gelder Remaster 2006,1992-01-01,0.891,0.0,5.0,190400.0,0.985,classic,Low,1992.0,3.1733333333333333
0.671,127.359,0.742,jazz,-8.142,0.122,0.591,Horace Silver,4.0,0.0407,53,Song For My Father,Jazz Classics,Song For My Father,1999-01-01,0.00441,0.0,5.0,438280.0,0.794,classic,Low,1999.0,7.304666666666667
0.0422,130.436,0.519,jazz,-10.778,0.124,0.397,Gene Ammons,3.0,0.0537,53,Boss Tenor (RVG Remasters / Remastered 2006),Jazz Classics,My Romance - Remastered 2006,2006-03-21,0.929,1.0,1.0,252947.0,0.966,classic,Low,2006.0,4.215783333333333
0.113,95.063,0.659,jazz,-16.756,0.179,0.738,Coleman Hawkins,4.0,0.0569,53,Body & Soul,Jazz Classics,Body and Soul,1996-05-21,0.88,0.0,10.0,182360.0,0.976,classic,Low,1996.0,3.0393333333333334
0.159,59.385,0.505,jazz,-11.235,0.212,0.196,Stanley Turrentine,4.0,0.0336,52,Look Out! (Remastered),Jazz Classics,Journey Into Melody - 2007 Digital Remaster/Rudy Van Gelder Edition,2007-01-01,0.0127,0.0,7.0,295200.0,0.946,classic,Low,2007.0,4.92
0.0917,95.068,0.517,jazz,-18.395,0.108,0.0836,Esbjörn Svensson Trio,4.0,0.0336,50,Tuesday Wonderland,Jazz Classics,Where We Used to Live,2006-09-22,0.629,1.0,0.0,267173.0,0.876,classic,Low,2006.0,4.452883333333333
0.195,133.918,0.412,jazz,-10.288,0.106,0.0778,Roy Hargrove,4.0,0.0331,49,Approaching Standards,Jazz Classics,Ruby My Dear,1994-08-16,0.709,1.0,8.0,372493.0,0.9,classic,Low,1994.0,6.208216666666667
0.42,147.143,0.417,jazz,-13.046,0.185,0.517,John Coltrane,4.0,0.06,49,Giant Steps (60th Anniversary Super Deluxe Edition) [2020 Remaster],Jazz Classics,Giant Steps - 2020 Remaster,2020-09-18,0.00111,0.0,0.0,287844.0,0.186,classic,Low,2020.0,4.7974
0.273,63.423,0.517,jazz,-17.279,0.979,0.321,Dave Brubeck,4.0,0.0627,49,On Time,Jazz Classics,Besame Mucho,2001-04-02,0.774,0.0,10.0,354573.0,0.866,classic,Low,2001.0,5.90955
0.237,126.222,0.477,jazz,-17.115,0.0974,0.178,Mary Lou Williams,3.0,0.0321,49,Gilles Peterson - Magic Peterson Sunshine,Jazz Classics,It Ain't Necessarily So,2016-04-15,0.901,0.0,4.0,280481.0,0.947,classic,Low,2016.0,4.674683333333333
0.126,133.998,0.234,classical,-25.427,0.102,0.216,"Johann Sebastian Bach, Lang Lang",4.0,0.0446,60,Piano Book (Deluxe Edition),Classical Essentials,"The Well-Tempered Clavier, Book 1, BWV 846-869 / Prelude & Fugue in C Major, BWV 846: I. Prelude",2019-03-29,0.896,1.0,0.0,139307.0,0.989,essential,Low,2019.0,2.3217833333333333
0.0161,128.143,0.169,classical,-31.034,0.0805,0.0573,"Camille Saint-Saëns, Yo-Yo Ma, Kathryn Stott",3.0,0.0442,65,Songs from the Arc of Life,Classical Essentials,"The Carnival of the Animals, R. 125: XIII. The Swan (Arr. for Cello and Piano)",2015-09-18,0.86,0.0,9.0,174267.0,0.986,essential,Low,2015.0,2.90445
0.00501,68.947,0.32,classical,-33.366,0.0618,0.0383,"Claude Debussy, Alice Sara Ott",5.0,0.0455,65,"Debussy: Suite bergamasque, L. 75, 3. Clair de lune",Classical Essentials,"Suite bergamasque, L. 75: III. Clair de lune",2018-07-27,0.919,1.0,1.0,294960.0,0.993,essential,Low,2018.0,4.916
0.256,90.072,0.168,classical,-15.549,0.384,0.134,"Jacques Offenbach, Arthur Fiedler, Boston Pops Orchestra",4.0,0.0341,51,"I don't like classical music, but I really like this!",Classical Essentials,Tales of Hoffmann: Barcarolle,2014-06-13,0.175,1.0,2.0,215240.0,0.932,essential,Low,2014.0,3.5873333333333335
0.0523,82.015,0.0783,classical,-23.247,0.0806,0.0327,"Gustav Mahler, Daniel Barenboim, Chicago Symphony Orchestra",4.0,0.0471,55,Mahler: Symphony No. 5,Classical Essentials,Mahler: Symphony No. 5 in C-Sharp Minor: IV. Adagietto. Sehr langsam,1998-08-14,0.945,1.0,5.0,583293.0,0.896,essential,Low,1998.0,9.72155
0.098,84.865,0.253,classical,-19.878,0.122,0.062,"Joaquín Rodrigo, Thibaut García, Ben Glassberg, Orchestre National Du Capitole De Toulouse",4.0,0.0437,53,Aranjuez,Classical Essentials,Rodrigo: Concierto de Aranjuez: II. Adagio,2020-10-02,0.862,0.0,11.0,640267.0,0.93,essential,Low,2020.0,10.671116666666666
0.0545,140.966,0.194,classical,-24.877,0.0551,0.0385,"Sergei Rachmaninoff, Valentina Lisitsa, London Symphony Orchestra, Michael Francis",4.0,0.0366,60,Rachmaninov: Piano Concerto No.2,Classical Essentials,"Piano Concerto No. 2 in C Minor, Op. 18: 2. Adagio sostenuto",2012-01-01,0.945,1.0,4.0,644273.0,0.983,essential,Low,2012.0,10.737883333333333
0.0142,76.382,0.341,classical,-28.293,0.113,0.0384,"Franz Liszt, Lise de la Salle",1.0,0.0388,53,Liszt,Classical Essentials,"Ständchen in D Minor (After Schubert), S. 560",2011-08-23,0.921,1.0,2.0,357747.0,0.993,essential,Low,2011.0,5.96245
0.0292,136.732,0.279,classical,-26.804,0.104,0.0338,"Franz Liszt, Lang Lang",3.0,0.0406,60,Liszt - My Piano Hero,Classical Essentials,"Liebestraum No. 3 in A-Flat Major, S. 541 / 3",2011-07-25,0.902,1.0,8.0,293147.0,0.987,essential,Low,2011.0,4.885783333333333
0.00527,170.612,0.184,classical,-37.264,0.173,0.151,"Ludwig van Beethoven, Paul Lewis",3.0,0.0432,68,"Beethoven: Piano Sonatas, Vol.3",Classical Essentials,"Sonata No. 14 ""Moonlight"" in C-Sharp Minor"", Op. 27 No. 2: I. Adagio sostenuto",2007-09-25,0.887,0.0,1.0,315427.0,0.995,essential,Low,2007.0,5.257116666666667
0.0639,120.736,0.235,classical,-24.404,0.466,0.0781,"Nikolai Rimsky-Korsakov, Lars Hjalmar Joakim",3.0,0.049,57,Rimsky-Korsakov: Scheherezade,Classical Essentials,Scheherazade: The Tale of the Kalendar Prince,1999-02-01,0.603,0.0,11.0,200360.0,0.962,essential,Low,1999.0,3.3393333333333333
0.0047,163.665,0.225,classical,-30.928,0.0722,0.186,"Frédéric Chopin, Mikhail Pletnev",4.0,0.0509,65,"Chopin: Piano Sonata No. 2, Nocturnes, Barcarolle & Scherzo",Classical Essentials,"Chopin: Nocturne No. 20 in C-Sharp Minor, Op. Posth.",2000-01-01,0.881,0.0,1.0,259493.0,0.992,essential,Low,2000.0,4.324883333333333
0.254,133.808,0.353,classical,-16.205,0.0843,0.0986,"Sergei Prokofiev, Behzod Abduraimov, Orchestra Sinfonica Nazionale Della RAI, Juraj Valcuha",4.0,0.0349,44,Tchaikovsky: Piano Concerto No.1; Prokofiev: Piano Concerto No.3,Classical Essentials,"Piano Concerto No. 3 in C, Op. 26: 1. Andante - Allegro",2014-01-01,0.859,1.0,0.0,564640.0,0.948,essential,Low,2014.0,9.410666666666666
0.178,95.839,0.374,classical,-15.758,0.0754,0.148,"George Frideric Handel, Trevor Pinnock, The English Concert, Simon Preston, The Choir Of Westminster Abbey",4.0,0.0389,47,Handel: Coronation Anthems; Concerti a Due Cori,Classical Essentials,"Zadok the Priest (Coronation Anthem No. 1, HWV 258)",1995-01-01,0.0235,1.0,1.0,323427.0,0.92,essential,Low,1995.0,5.39045
0.341,105.513,0.701,classical,-12.26,0.359,0.163,"Max Richter, Daniel Hope, Konzerthaus Kammerorchester Berlin, Andre de Ridder",3.0,0.0418,62,"Recomposed By Max Richter: Vivaldi, The Four Seasons",Classical Essentials,Spring 1 - 2012,2014-01-01,0.903,0.0,1.0,151507.0,0.499,essential,Low,2014.0,2.5251166666666665
0.0851,129.103,0.307,classical,-20.471,0.101,0.0388,"Edvard Grieg, Alexandra Dariescu, Philharmonia Orchestra, Tianyi Lu",4.0,0.0399,45,"Grieg: Piano Concerto in A Minor, Op. 16: I. Allegro molto moderato (Radio Edit)",Classical Essentials,"Piano Concerto in A Minor, Op. 16: I. Allegro molto moderato - Radio Edit",2024-07-16,0.872,0.0,9.0,769213.0,0.968,essential,Low,2024.0,12.820216666666667
0.682,169.325,0.323,classical,-10.208,0.127,0.646,"Gioachino Rossini, Arthur Fiedler, Boston Pops Orchestra",4.0,0.062,47,"I don't like classical music, but I really like this!",Classical Essentials,William Tell Overture,2014-06-13,0.647,1.0,4.0,184320.0,0.763,essential,Low,2014.0,3.072
0.27,129.095,0.263,classical,-16.85,0.0562,0.228,"Georges Bizet, Michel Plasson, Orchestre National Du Capitole De Toulouse",4.0,0.0348,46,Bizet: Carmen,Classical Essentials,"Bizet: Carmen, WD 31: Prélude",2003-02-25,0.865,0.0,2.0,213693.0,0.876,essential,Low,2003.0,3.56155
0.0733,73.954,0.102,classical,-24.133,0.28,0.0308,"Samuel Barber, Sir Simon Rattle, Berliner Philharmoniker",3.0,0.0488,55,Samuel Barber - Adagio,Classical Essentials,Barber: Adagio for Strings,2010-01-18,0.859,0.0,10.0,537427.0,0.974,essential,Low,2010.0,8.957116666666666
0.0116,65.057,0.0623,classical,-27.893,0.0816,0.0331,"Morten Lauridsen, Chamber Choir Of Europe, Nicol Matt",3.0,0.0567,49,Lauridsen: O Magnum Mysterium / Lux Aeterna / Madrigali / Les Chansons Des Roses,Classical Essentials,O Magnum Mysterium: O magnum mysterium,2006-01-01,0.445,1.0,2.0,415800.0,0.991,essential,Low,2006.0,6.93
0.106,105.651,0.165,classical,-21.742,0.105,0.0336,"Aram Khachaturian, London Symphony Orchestra",3.0,0.039,44,Khachaturian: Spartacus and Gayaneh highlights etc,Classical Essentials,Khachaturian: Spartacus Suite No. 2: I. Adagio of Spartacus and Phrygia,2007-07-02,0.782,1.0,8.0,592040.0,0.807,essential,Low,2007.0,9.867333333333333
0.246,109.766,0.292,classical,-14.96,0.107,0.0859,"Alexander Borodin, Angelina Shvachka, Dmytro Popov, Mykola Koval, Taras Shtonda, Mykola Hobdych, Kiev Chamber Choir, Ukraine National Radio Symphony Orchestra, Theodore Kuchar",4.0,0.0385,45,Borodin: Prince Igor (Highlights) / In the Steppes of Central Asia,Classical Essentials,Prince Igor (Knyaz Igor): Act II: Polovtsian Dances - Ulyetay na kril'yahk vyetra (Fly away on the wings of the wind) (version for chorus),2005-08-01,0.525,1.0,2.0,642573.0,0.922,essential,Low,2005.0,10.70955
0.0175,56.479,0.114,classical,-33.957,0.12,0.0928,"Gabriel Fauré, Berliner Philharmoniker, Daniel Barenboim",5.0,0.0434,43,"Fauré: Pelléas et Mélisande Suite, Op. 80: III. Sicilienne. Allegretto molto moderato",Classical Essentials,"Pelléas et Mélisande Suite, Op. 80: III. Sicilienne. Allegretto molto moderato",2024-08-23,0.846,1.0,3.0,246360.0,0.923,essential,Low,2024.0,4.106
0.0113,111.541,0.466,classical,-34.2,0.0924,0.486,"Luigi Boccherini, Orpheus Chamber Orchestra",3.0,0.0443,46,Classical Hits,Classical Essentials,"String Quintet in E Major, G. 275: III. Menuetto",1993-01-01,0.0257,1.0,9.0,204000.0,0.939,essential,Low,1993.0,3.4
0.0287,76.618,0.154,classical,-26.958,0.131,0.0386,"Florence Beatrice Price, Jeneba Kanneh-Mason, Chineke! Orchestra, Leslie Suganandarajah",5.0,0.0365,43,Price: Piano Concerto in One Movement: Adagio cantabile,Classical Essentials,Piano Concerto in One Movement: Adagio cantabile,2023-04-28,0.896,1.0,2.0,371667.0,0.984,essential,Low,2023.0,6.19445
0.0176,125.793,0.491,classical,-26.911,0.0985,0.0901,"Maurice Ravel, Bertrand Chamayou",3.0,0.0644,55,Ravel: Complete Works for Solo Piano,Classical Essentials,"Ravel: Pavane pour une infante défunte, M. 19",2016-01-15,0.927,0.0,4.0,346587.0,0.994,essential,Low,2016.0,5.77645
0.135,94.404,0.25,classical,-18.615,0.0477,0.179,"César Franck, Joshua Bell, Jeremy Denk",4.0,0.0488,48,French Impressions,Classical Essentials,"Violin Sonata in A major, FWV 8: IV. Allegretto poco mosso",2012-01-06,0.0349,1.0,9.0,364093.0,0.958,essential,Low,2012.0,6.068216666666666
0.0525,88.316,0.205,classical,-23.841,0.103,0.0511,"Sergei Rachmaninoff, Daniil Trifonov, Philadelphia Orchestra, Yannick Nézet-Séguin",4.0,0.0327,53,Rachmaninov Variations,Classical Essentials,"Rhapsody on a Theme of Paganini, Op. 43: Variation No. 18 Andante cantabile",2015-08-28,0.906,1.0,1.0,174653.0,0.98,essential,Low,2015.0,2.9108833333333335
0.006,71.477,0.176,classical,-42.238,0.105,0.0383,"Arvo Pärt, Vladimir Spivakov, Sergej Bezrodny",3.0,0.0384,47,Arvo Pärt: Alina,Classical Essentials,Spiegel im Spiegel - Version for Violin and Piano,1999-10-15,3.24e-05,1.0,5.0,636000.0,0.899,essential,Low,1999.0,10.6
0.0354,73.968,0.1,classical,-17.211,0.125,0.0426,"Franz Schubert, Wiener Philharmoniker, Josef Krips",4.0,0.0387,38,"Schubert: Symphony No.8 ""Unfinished""; Symphony No.9 ""Great""",Classical Essentials,"Symphony No. 8 in B Minor, D. 759 ""Unfinished"": I. Allegro moderato",1997-01-01,0.865,0.0,11.0,906000.0,0.901,essential,Low,1997.0,15.1
0.206,130.415,0.351,classical,-22.657,0.0738,0.0839,"Paul Dukas, Philharmonia Orchestra",4.0,0.0597,43,Fantasia 2000,Classical Essentials,The Sorcerer's Apprentice,1999-01-01,0.255,1.0,1.0,577440.0,0.797,essential,Low,1999.0,9.624
0.123,141.485,0.311,classical,-19.708,0.178,0.203,"Wolfgang Amadeus Mozart, London Philharmonic Orchestra, Alfred Scholz",4.0,0.0367,43,Mozart: Marriage of Figaro Overture - Magic Flute Overture - Abduction from the Seraglio Overture,Classical Essentials,"The Marriage of Figaro Overture, KV 492",2009-01-01,0.898,1.0,2.0,260693.0,0.931,essential,Low,2009.0,4.344883333333334
0.0251,126.31,0.234,classical,-28.627,0.101,0.04,"Samuel Coleridge-Taylor, Chineke! Orchestra, Anthony Parnther",4.0,0.0449,44,"Coleridge-Taylor: Petite Suite de Concert, Op. 77: III. Un sonnet d'amour",Classical Essentials,"Petite Suite de Concert, Op. 77: III. Un sonnet d'amour",2022-07-29,0.202,1.0,9.0,220000.0,0.937,essential,Low,2022.0,3.6666666666666665
0.674,135.975,0.872,hip-hop,-5.831,0.104,0.357,"Cordae, Lil Wayne",4.0,0.251,61,The Crossroads,RapCaviar,Back on the Road (feat. Lil Wayne),2024-11-15,0.0,0.0,2.0,146055.0,0.17,modern,Low,2024.0,2.43425
0.831,139.905,0.652,hip-hop,-5.972,0.269,0.648,BabyChiefDoit,4.0,0.264,68,The Viper,RapCaviar,The Viper,2024-09-20,0.0,0.0,10.0,150997.0,0.0111,modern,Low,2024.0,2.5166166666666667
0.632,123.987,0.848,hip-hop,-7.381,0.282,0.253,"41, Kyle Richh, Jenn Carter, TaTa",4.0,0.277,68,41 World: Not The Album,Gangster Rap,"Bent (with Kyle Richh, Jenn Carter & TaTa)",2023-11-17,0.0,1.0,2.0,171198.0,0.398,gangster,Low,2023.0,2.8533
0.61,156.005,0.676,hip-hop,-9.185,0.191,0.519,Lil Durk,4.0,0.273,56,7220,Gangster Rap,AHHH HA,2022-03-11,1.73e-06,1.0,1.0,186538.0,0.000114,gangster,Low,2022.0,3.108966666666667
0.48,84.098,0.874,hip-hop,-12.092,0.11,0.563,Yung Rich Cuban,4.0,0.565,24,One Way,Gangster Rap,Floridaboiii,2022-06-03,0.0,1.0,11.0,166226.0,0.033,gangster,Low,2022.0,2.7704333333333335
0.939,157.916,0.504,hip-hop,-7.434,0.41,0.42,"Venture Klan, Tacitoak, Li Pierre",4.0,0.295,21,The Side Effects of The Sun,Gangster Rap,Legend,2024-10-01,0.0,0.0,1.0,197512.0,0.0628,gangster,Low,2024.0,3.2918666666666665
0.414,72.993,0.825,hip-hop,-6.634,0.357,0.106,Kodak Black,4.0,0.144,66,Back For Everything,Gangster Rap,Super Gremlin,2022-02-25,0.0,1.0,2.0,200548.0,0.00265,gangster,Low,2022.0,3.3424666666666667
0.569,148.014,0.735,hip-hop,-10.35,0.11,0.263,Nosy!,3.0,0.0386,16,OverSeas,Gangster Rap,OverSeas,2024-09-30,0.000163,0.0,9.0,142000.0,0.00189,gangster,Low,2024.0,2.3666666666666667
0.875,181.884,0.586,hip-hop,-5.07,0.474,0.75,IZZY MEOCK,4.0,0.308,19,U Can't Do That,Gangster Rap,U Can't Do That,2024-07-03,0.0,0.0,7.0,96052.0,0.166,gangster,Low,2024.0,1.6008666666666667
0.883,156.999,0.601,hip-hop,-1.627,0.184,0.27,Sopperior,4.0,0.092,15,sharktale,Gangster Rap,sharktale,2024-11-07,0.0,0.0,8.0,130000.0,0.00088,gangster,Low,2024.0,2.1666666666666665
0.607,141.992,0.68,hip-hop,-5.523,0.354,0.506,Pop Smoke,4.0,0.222,62,Meet The Woo,Gangster Rap,Hawk Em,2019-07-26,1.39e-05,1.0,2.0,118800.0,0.264,gangster,Low,2019.0,1.98
0.455,138.988,0.89,hip-hop,-10.226,0.153,0.897,SR,4.0,0.437,64,Welcome To Brixton,Gangster Rap,Welcome To Brixton,2020-11-27,0.0,1.0,2.0,180000.0,0.158,gangster,Low,2020.0,3.0
0.837,95.011,0.753,hip-hop,-8.207,0.239,0.479,Ollie Twist,4.0,0.211,16,Japanese Steel,Gangster Rap,Japanese Steel - Eerie Remix,2024-07-16,0.0,1.0,7.0,213526.0,0.0232,gangster,Low,2024.0,3.5587666666666666
0.744,140.99,0.772,hip-hop,-5.108,0.066,0.764,Pop Smoke,4.0,0.244,55,Meet The Woo 2,Gangster Rap,Christopher Walking,2020-02-07,0.0,0.0,6.0,190680.0,0.0114,gangster,Low,2020.0,3.178
0.673,120.973,0.851,hip-hop,-5.405,0.314,0.776,Sheff G,4.0,0.257,57,THE UNLUCCY LUCCY KID,Gangster Rap,We Getting Money,2019-09-27,0.0,1.0,1.0,181509.0,0.0452,gangster,Low,2019.0,3.02515
0.447,125.103,0.709,hip-hop,-10.78,0.189,0.207,"Lil Durk, Only The Family",4.0,0.34,47,Nightmares In the Trenches,Gangster Rap,Eyes Red,2023-11-17,0.0,0.0,10.0,145920.0,0.025,gangster,Low,2023.0,2.432
0.426,110.04,0.782,hip-hop,-14.006,0.0822,0.476,baba bonet,4.0,0.0687,15,temper tantrum,Gangster Rap,maple maple,2024-10-16,0.000144,0.0,1.0,148625.0,0.307,gangster,Low,2024.0,2.4770833333333333
0.538,146.933,0.759,hip-hop,-8.256,0.126,0.831,"Pooh Shiesty, Lil Durk",4.0,0.384,67,Shiesty Season,Gangster Rap,Back in Blood (feat. Lil Durk),2021-02-05,0.0,0.0,8.0,184490.0,0.151,gangster,Low,2021.0,3.0748333333333333
0.401,130.977,0.907,hip-hop,-8.288,0.111,0.173,2JtheRichest,4.0,0.107,23,Static,Gangster Rap,Static,2024-07-12,0.0,0.0,0.0,117332.0,0.00892,gangster,Low,2024.0,1.9555333333333333
0.59,119.97,0.88,hip-hop,-4.709,0.184,0.723,"Teto, Matuê",4.0,0.204,68,M4,Trap,M4,2021-01-20,0.0,0.0,8.0,170000.0,0.08,trap,Low,2021.0,2.8333333333333335
0.586,124.041,0.808,hip-hop,-7.242,0.14,0.568,"Arcángel, Bad Bunny",4.0,0.169,68,Me Acostumbre (feat. Bad Bunny),Trap,Me Acostumbre (feat. Bad Bunny),2017-04-11,0.0,0.0,10.0,263288.0,0.641,trap,Low,2017.0,4.388133333333333
0.519,95.006,0.872,hip-hop,-6.531,0.108,0.154,Rich The Kid,4.0,0.177,65,The World Is Yours,Trap,Plug Walk,2018-03-30,0.0,1.0,11.0,175230.0,0.203,trap,Low,2018.0,2.9205
0.668,134.006,0.798,hip-hop,-5.244,0.0583,0.154,Young Dolph,4.0,0.25,65,Bulletproof,Trap,100 Shots,2017-04-01,4.6e-06,1.0,8.0,264819.0,0.135,trap,Low,2017.0,4.41365
0.655,139.955,0.845,hip-hop,-5.137,0.0974,0.516,"Doode, Teto, Matuê",4.0,0.0612,63,Groupies,Trap,Groupies,2021-09-28,0.0,0.0,5.0,164571.0,0.239,trap,Low,2021.0,2.74285
0.674,93.121,0.736,afrobeats,-6.846,0.156,0.482,"KeBlack, SDM",3.0,0.3,24,Focus,Afro Hits,Boulot,2024-11-22,0.0,0.0,10.0,148187.0,0.352,nigerian,Low,2024.0,2.4697833333333334
0.566,96.937,0.852,afrobeats,-8.8,0.0852,0.54,"CKay, Olamide",4.0,0.093,61,WAHALA (FEAT. OLAMIDE),Afro Hits,WAHALA (feat. Olamide),2024-04-19,0.00951,0.0,9.0,170722.0,0.221,nigerian,Low,2024.0,2.8453666666666666
0.637,171.264,0.567,afrobeats,-4.032,0.235,0.882,Youka,3.0,0.298,68,VENIN,Afro Hits,Hm Hm hm,2024-07-05,0.0346,0.0,9.0,131765.0,0.499,nigerian,Low,2024.0,2.196083333333333
0.627,96.593,0.605,afrobeats,-5.778,0.0964,0.888,"Wizkid, Tiakola",4.0,0.347,44,Morayo,Afro Hits,Après Minuit (feat. Tiakola),2024-11-22,7.75e-05,0.0,1.0,177013.0,0.105,nigerian,Low,2024.0,2.9502166666666665
0.732,115.019,0.748,afrobeats,-3.688,0.0723,0.967,Dr. Yaro,4.0,0.0592,58,Minimum ça,Afro Hits,Minimum ça,2024-08-09,0.0,0.0,3.0,149812.0,0.665,nigerian,Low,2024.0,2.4968666666666666
0.552,112.022,0.813,afrobeats,-12.066,0.0951,0.517,"TitoM, Yuppe, Burna Boy, S.N.E",4.0,0.0426,66,Tshwala Bam (feat. S.N.E),Afro Hits,Tshwala Bam (feat. S.N.E),2024-05-13,0.00667,0.0,4.0,202560.0,0.0639,nigerian,Low,2024.0,3.376
0.622,104.273,0.627,afrobeats,-4.663,0.0853,0.575,"EBOLOKO, DRE-A",4.0,0.118,53,Satanana (feat. DRE-A),Afro Hits,Satanana (feat. DRE-A),2024-08-23,0.0,0.0,2.0,169738.0,0.639,nigerian,Low,2024.0,2.8289666666666666
0.897,123.138,0.718,afrobeats,-5.701,0.881,0.912,Rema,4.0,0.164,67,HEIS,Afro Hits,AZAMAN,2024-07-10,0.0,1.0,1.0,148226.0,0.153,nigerian,Low,2024.0,2.4704333333333333
0.652,166.058,0.476,afrobeats,-6.435,0.109,0.619,"DJ Kawest, Joé Dwèt Filé",4.0,0.231,59,DIS MOI,Afro Hits,DIS MOI,2024-09-20,0.104,1.0,1.0,230560.0,0.185,nigerian,Low,2024.0,3.8426666666666667
0.631,175.946,0.721,afrobeats,-5.743,0.108,0.603,Aya Nakamura,4.0,0.264,65,42,Afro Hits,42,2024-06-19,3.76e-06,0.0,1.0,175843.0,0.123,nigerian,Low,2024.0,2.9307166666666666
0.796,104.925,0.463,afrobeats,-6.604,0.204,0.736,"Dadju, Tayc",4.0,0.222,57,HÉRITAGE,Afro Hits,La vie d'un... / Ma préférée,2024-02-16,0.0,1.0,5.0,286400.0,0.0248,nigerian,Low,2024.0,4.773333333333333
0.738,130.18,0.612,afrobeats,-5.269,0.161,0.954,"Ruger, Tiwa Savage",4.0,0.117,61,Toma Toma,Afro Hits,Toma Toma,2024-11-15,1.57e-06,1.0,7.0,168000.0,0.517,nigerian,Low,2024.0,2.8
0.821,104.044,0.721,latin,-5.695,0.0934,0.38,"Gabito Ballesteros, Natanael Cano, Luis R Conriquez, Neton Vega",1.0,0.0355,64,Presidente,Viva Latino,Presidente,2024-10-21,0.0,1.0,11.0,182558.0,0.178,modern,Low,2024.0,3.0426333333333333
0.626,76.625,0.714,latin,-4.655,0.284,0.512,"De La Ghetto, Yandel, Ñengo Flow, Daddy Yankee",4.0,0.423,60,"Fronteamos Porque Podemos (feat. Daddy Yankee, Yandel & Nengo Flow)",Latino Hip-Hop,"Fronteamos Porque Podemos (feat. Daddy Yankee, Yandel & Nengo Flow)",2015-08-28,0.0,0.0,5.0,315440.0,0.26,hip-hop,Low,2015.0,5.257333333333333
0.733,78.831,0.474,latin,-6.82,0.0663,0.483,Calle 13,4.0,0.192,48,Entren Los Que Quieran,Latino Hip-Hop,La Bala,2010-11-22,0.0,1.0,8.0,267413.0,0.0447,hip-hop,Low,2010.0,4.456883333333334
0.805,142.503,0.691,latin,-6.81,0.0975,0.866,"Calle 13, Totó La Momposina, Susana Baca, Maria Rita",3.0,0.0947,60,Entren Los Que Quieran,Latino Hip-Hop,"Latinoamérica (feat. Totó la Momposina, Susana Baca & Maria Rita)",2010-11-22,0.0,0.0,2.0,301427.0,0.59,hip-hop,Low,2010.0,5.023783333333333
0.817,89.927,0.721,latin,-5.271,0.0936,0.777,Calle 13,4.0,0.228,43,Entren Los Que Quieran,Latino Hip-Hop,Digo Lo Que Pienso,2010-11-22,0.0,0.0,2.0,293067.0,0.153,hip-hop,Low,2010.0,4.88445
0.808,82.15,0.333,latin,-6.476,0.427,0.518,Calle 13,4.0,0.26,52,MultiViral,Latino Hip-Hop,Adentro,2014-02-28,0.0,0.0,4.0,292920.0,0.452,hip-hop,Low,2014.0,4.882
0.836,91.0,0.763,latin,-4.989,0.0918,0.514,Canserbero,4.0,0.251,49,Vida,Latino Hip-Hop,Epílogo,2010-01-01,0.0,1.0,6.0,428069.0,0.151,hip-hop,Low,2010.0,7.134483333333334
0.794,93.325,0.56,latin,-4.28,0.153,0.829,Canserbero,4.0,0.282,47,Vida,Latino Hip-Hop,Clima Tropical,2010-01-01,0.0,1.0,0.0,264281.0,0.619,hip-hop,Low,2010.0,4.404683333333334
0.805,90.945,0.552,latin,-4.511,0.277,0.846,Canserbero,4.0,0.27,58,Vida,Latino Hip-Hop,Aceptas,2010-01-01,0.0,0.0,5.0,234292.0,0.678,hip-hop,Low,2010.0,3.9048666666666665
0.685,103.926,0.697,latin,-7.215,0.0952,0.578,Ana Tijoux,4.0,0.0421,51,1977,Latino Hip-Hop,1977,2010-04-27,0.000506,0.0,9.0,201987.0,0.00388,hip-hop,Low,2010.0,3.36645
0.896,90.622,0.662,latin,-5.311,0.186,0.79,"Don Omar, Tego Calderón",4.0,0.251,68,The Fast And The Furious: Tokyo Drift (Original Motion Picture Soundtrack),Latino Hip-Hop,Bandoleros,2006-06-20,0.0,0.0,5.0,305280.0,0.318,hip-hop,Low,2006.0,5.088
0.804,100.979,0.932,latin,-5.939,0.0649,0.926,Orishas,4.0,0.0811,38,emigrante,Latino Hip-Hop,¿Qué pasa?,2003-02-28,0.0,0.0,2.0,224440.0,0.128,hip-hop,Low,2003.0,3.740666666666667
0.744,87.444,0.57,latin,-4.008,0.397,0.638,Tego Calderón,4.0,0.359,51,El Abayarde,Latino Hip-Hop,Abayarde,2003-07-01,0.0134,1.0,5.0,202760.0,0.133,hip-hop,Low,2003.0,3.3793333333333333
0.8,87.319,0.646,latin,-5.523,0.052,0.959,Calle 13,4.0,0.392,36,Residente o Visitante,Latino Hip-Hop,La Fokin Moda,2007-04-19,0.0,1.0,0.0,206373.0,0.692,hip-hop,Low,2007.0,3.43955
0.664,90.168,0.742,latin,-6.379,0.0537,0.695,Akapellah,4.0,0.353,11,Como Siempre,Latino Hip-Hop,Rueda De Prensa,2014-11-16,0.0,1.0,2.0,358945.0,0.0393,hip-hop,Low,2014.0,5.9824166666666665
0.455,127.966,0.907,latin,-11.124,0.0978,0.223,Akapellah,4.0,0.225,31,Milki,Latino Hip-Hop,Milki,2016-08-23,0.0366,1.0,3.0,257026.0,0.272,hip-hop,Low,2016.0,4.283766666666667
0.573,88.914,0.651,latin,-7.229,0.103,0.369,Akapellah,4.0,0.516,16,Como Siempre,Latino Hip-Hop,La Vida Es Un Freestyle,2014-11-16,0.0,1.0,0.0,215532.0,0.0651,hip-hop,Low,2014.0,3.5922
0.484,82.741,0.661,latin,-10.982,0.107,0.733,Los Aldeanos,4.0,0.523,36,El Atropello,Latino Hip-Hop,Fue un Placer,2014-12-30,0.0,0.0,4.0,344627.0,0.71,hip-hop,Low,2014.0,5.743783333333333
0.674,96.69,0.647,latin,-5.037,0.351,0.327,Tego Calderón,4.0,0.223,42,El Abayarde: Contra-Ataca,Latino Hip-Hop,Alegria,2007-08-28,0.0,0.0,4.0,225040.0,0.549,hip-hop,Low,2007.0,3.7506666666666666
0.62,170.598,0.636,latin,-7.064,0.115,0.824,"Tego Calderón, Eddie Dee, Voltio",4.0,0.416,34,The Underdog - El Subestimado,Latino Hip-Hop,Payaso,2006-08-29,0.0,1.0,7.0,275187.0,0.078,hip-hop,Low,2006.0,4.58645
0.663,90.368,0.677,latin,-5.479,0.402,0.687,"Tego Calderón, Chyno Nyno, Voltio, Pirulo, Ñejo",4.0,0.222,25,El Abayarde: Contra-Ataca,Latino Hip-Hop,Lo Hecho Hecho Esta,2007-08-28,3.85e-05,1.0,7.0,270333.0,0.282,hip-hop,Low,2007.0,4.50555
0.715,100.002,0.817,indian,-5.13,0.214,0.398,"Maninder Buttar, Zahrah S Khan, Tanishk Bagchi",4.0,0.0484,58,Sakhiyan2.0 - BellBottom,Bollywood Butter,Sakhiyan2.0,2021-08-13,0.0,1.0,9.0,177695.0,0.183,bollywood,Low,2021.0,2.9615833333333335
0.573,82.941,0.603,indian,-5.843,0.0971,0.236,"Jasleen Royal, B Praak, Romy, Anvita Dutt",4.0,0.0502,68,"Ranjha (From ""Shershaah"")",Bollywood Butter,"Ranjha (From ""Shershaah"")",2021-08-05,0.0,1.0,1.0,228855.0,0.478,bollywood,Low,2021.0,3.81425
0.467,90.831,0.428,indian,-4.904,0.135,0.193,"B Praak, Jaani",4.0,0.0327,67,"Mann Bharryaa 2.0 (From ""Shershaah"")",Bollywood Butter,"Mann Bharryaa 2.0 (From ""Shershaah"")",2021-08-15,0.0,1.0,2.0,266005.0,0.68,bollywood,Low,2021.0,4.433416666666667
0.785,91.101,0.638,indian,-2.612,0.245,0.515,"Jubin Nautiyal, Emraan Hashmi",4.0,0.044,59,Mumbai Saga,Bollywood Butter,Lut Gaye,2021-03-19,0.0,1.0,10.0,228031.0,0.185,bollywood,Low,2021.0,3.8005166666666668
0.338,96.981,0.573,indian,-7.478,0.133,0.451,"Javed-Mohsin, Darshan Raval",4.0,0.027,54,Shershaah (Original Motion Picture Soundtrack),Bollywood Butter,Kabhii Tumhhe,2021-08-16,4.41e-06,0.0,7.0,230103.0,0.864,bollywood,Low,2021.0,3.83505
0.907,141.936,0.488,rock,-3.715,0.331,0.635,Broken Colours,4.0,0.0503,13,Not Giving In,Indie Rock Roadtrip,Not Giving In,2024-03-29,0.0,1.0,0.0,212966.0,0.00249,indie,Low,2024.0,3.5494333333333334
0.173,109.988,0.359,rock,-16.974,0.361,0.146,Reid Anderson,4.0,0.0382,13,She Loves You,Indie Rock Roadtrip,She Loves You,2024-11-11,0.0,0.0,0.0,199133.0,0.924,indie,Low,2024.0,3.3188833333333334
0.706,175.106,0.583,rock,-7.333,0.0557,0.925,Motrik,5.0,0.0334,26,Hazel Hall,Indie Rock Roadtrip,Hazel Hall,2024-03-20,0.712,1.0,2.0,281487.0,0.00558,indie,Low,2024.0,4.69145
0.302,100.008,0.69,rock,-11.244,0.114,0.301,Rebecca Aadland,4.0,0.0314,21,Stronger Broken,Indie Rock Roadtrip,Too Many Songs,2022-06-13,2.37e-06,0.0,2.0,267213.0,0.263,indie,Low,2022.0,4.45355
0.625,90.032,0.51,rock,-5.236,0.116,0.486,Jay Statham,4.0,0.0258,42,Better Weather,Indie Rock Roadtrip,Better Weather,2024-09-13,0.0,1.0,8.0,179690.0,0.0542,indie,Low,2024.0,2.9948333333333332
0.288,129.699,0.39,rock,-17.086,0.139,0.125,Madame Kapuscinska,4.0,0.0494,18,Devil Got You,Indie Rock Roadtrip,Devil Got You,2024-10-19,0.00233,0.0,4.0,138501.0,0.758,indie,Low,2024.0,2.30835
0.785,95.328,0.35,rock,-6.576,0.355,0.719,Jacob Reddy,4.0,0.0848,22,These Streets Are Ours,Indie Rock Roadtrip,Just Another Daydream,2024-11-01,2.76e-05,0.0,6.0,180000.0,0.336,indie,Low,2024.0,3.0
0.736,129.986,0.721,rock,-5.379,0.251,0.82,Feet down Below,4.0,0.0536,24,Music From The Stratosphere,Indie Rock Roadtrip,I Saw You Cry,2024-09-19,0.00644,0.0,4.0,291428.0,0.17,indie,Low,2024.0,4.8571333333333335
0.616,102.047,0.445,rock,-8.509,0.111,0.374,Mayflower,4.0,0.0335,28,My Girl,Indie Rock Roadtrip,My Girl,2024-10-24,0.000122,1.0,0.0,197228.0,0.0043,indie,Low,2024.0,3.2871333333333332
0.75,124.489,0.56,rock,-7.229,0.394,0.666,The Scarlet Goodbye,4.0,0.0288,32,To Feel The Sun,Indie Rock Roadtrip,To Feel The Sun,2024-11-01,0.00131,1.0,2.0,189007.0,0.0112,indie,Low,2024.0,3.1501166666666665
0.778,194.066,0.158,rock,-9.471,0.0923,0.0975,The Juice,4.0,0.0819,28,Pieces,Indie Rock Roadtrip,Pieces,2024-11-01,1.22e-05,1.0,7.0,221696.0,0.000787,indie,Low,2024.0,3.694933333333333
0.828,113.016,0.58,rock,-4.914,0.0818,0.667,Grimm Jack,4.0,0.0345,31,Waiting,Indie Rock Roadtrip,Waiting,2024-07-26,0.000471,1.0,2.0,200024.0,0.00559,indie,Low,2024.0,3.3337333333333334
0.517,119.991,0.765,rock,-11.079,0.115,0.793,George Knight,4.0,0.0458,22,Rising Dark,Indie Rock Roadtrip,Ocean Lights,2023-11-30,0.0188,1.0,7.0,145500.0,0.0182,indie,Low,2023.0,2.425
0.647,79.885,0.46,rock,-6.652,0.307,0.232,Beka O,4.0,0.0377,33,I Feel,Indie Rock Roadtrip,I Feel,2022-08-16,0.0236,0.0,7.0,204223.0,0.0452,indie,Low,2022.0,3.4037166666666665
0.843,172.045,0.203,rock,-6.551,0.23,0.249,DIAMØND SNAKE,4.0,0.0455,30,V.,Indie Rock Roadtrip,V.,2024-10-11,0.00278,0.0,11.0,335441.0,0.000793,indie,Low,2024.0,5.590683333333334
0.809,129.985,0.566,rock,-6.163,0.118,0.292,The Lone Monkeys,4.0,0.0605,29,The Zoo,Indie Rock Roadtrip,Starlight,2023-01-27,0.000451,1.0,0.0,254000.0,0.681,indie,Low,2023.0,4.233333333333333
0.789,97.539,0.64,rock,-6.691,0.53,0.311,Phoenix,4.0,0.0359,58,Wolfgang Amadeus Phoenix,Feel Good Indie Rock,Lisztomania,2009-05-25,0.00388,1.0,0.0,241640.0,0.0338,feel-good,Low,2009.0,4.027333333333333
0.908,161.011,0.476,rock,-4.569,0.124,0.649,Sam Fender,4.0,0.068,67,People Watching,Feel Good Indie Rock,People Watching,2024-11-15,0.000553,1.0,6.0,311480.0,0.00776,feel-good,Low,2024.0,5.191333333333334
0.658,150.093,0.615,rock,-7.299,0.205,0.293,alt-J,4.0,0.0343,68,An Awesome Wave,Feel Good Indie Rock,Breezeblocks,2012-09-18,0.000911,1.0,5.0,227080.0,0.096,feel-good,Low,2012.0,3.784666666666667
0.501,134.014,0.781,rock,-9.767,0.0908,0.961,Mk.gee,4.0,0.0333,68,ROCKMAN,Feel Good Indie Rock,ROCKMAN,2024-10-18,3.78e-06,1.0,3.0,177818.0,0.66,feel-good,Low,2024.0,2.963633333333333
0.526,153.0,0.543,rock,-9.703,0.0778,0.384,The Backseat Lovers,3.0,0.0582,67,When We Were Friends,Feel Good Indie Rock,Maple Syrup,2019-01-27,0.0533,1.0,2.0,243529.0,0.0447,feel-good,Low,2019.0,4.058816666666667
0.699,122.942,0.56,rock,-8.501,0.223,0.512,Royel Otis,4.0,0.0327,67,Murder on the Dancefloor (triple j Like A Version),Feel Good Indie Rock,Murder on the Dance Floor - triple j Like A Version,2024-01-29,0.0,1.0,4.0,180872.0,0.00483,feel-good,Low,2024.0,3.0145333333333335
0.896,118.001,0.595,rock,-2.951,0.0748,0.567,Saint Motel,4.0,0.047,66,My Type EP,Feel Good Indie Rock,My Type,2014-08-16,5.82e-05,1.0,10.0,204812.0,0.0641,feel-good,Low,2014.0,3.4135333333333335
0.675,97.04,0.612,rock,-6.518,0.217,0.763,Steve Lacy,4.0,0.0231,66,Gemini Rights,Feel Good Indie Rock,Helmet,2022-07-15,0.0,0.0,9.0,201547.0,0.0994,feel-good,Low,2022.0,3.3591166666666665
0.687,108.075,0.833,rock,-7.851,0.108,0.418,Mk.gee,4.0,0.0651,66,Two Star & The Dream Police,Feel Good Indie Rock,Alesis,2024-02-09,0.00453,0.0,11.0,198295.0,0.58,feel-good,Low,2024.0,3.3049166666666667
0.701,130.091,0.721,rock,-5.941,0.234,0.892,Wet Leg,3.0,0.0306,66,Wet Leg,Feel Good Indie Rock,Wet Dream,2022-04-08,0.026,1.0,2.0,140080.0,0.000927,feel-good,Low,2022.0,2.3346666666666667
0.84,183.059,0.569,rock,-4.123,0.0995,0.749,Tame Impala,3.0,0.118,65,The Slow Rush,Feel Good Indie Rock,Lost In Yesterday,2020-02-14,0.000118,1.0,1.0,249587.0,0.0295,feel-good,Low,2020.0,4.159783333333333
0.749,131.024,0.6,rock,-6.889,0.0915,0.485,Phoebe Bridgers,4.0,0.0419,64,Punisher,Feel Good Indie Rock,Kyoto,2020-06-18,0.295,1.0,11.0,184524.0,0.0467,feel-good,Low,2020.0,3.0754
0.794,101.096,0.576,rock,-5.119,0.154,0.6,The Last Dinner Party,4.0,0.0366,64,Nothing Matters,Feel Good Indie Rock,Nothing Matters,2023-04-19,0.000155,1.0,2.0,181750.0,0.0222,feel-good,Low,2023.0,3.029166666666667
0.354,78.964,0.807,rock,-7.554,0.186,0.602,Dominic Fike,4.0,0.0321,64,Mama's Boy,Feel Good Indie Rock,Mama's Boy,2023-06-23,0.713,1.0,9.0,155722.0,0.15,feel-good,Low,2023.0,2.5953666666666666
0.771,111.057,0.658,rock,-6.09,0.0767,0.79,Balu Brigada,4.0,0.072,63,So Cold,Feel Good Indie Rock,So Cold,2024-06-07,0.001,0.0,10.0,201133.0,0.000893,feel-good,Low,2024.0,3.3522166666666666
0.663,134.924,0.654,rock,-8.913,0.13,0.676,Mt. Joy,4.0,0.0303,63,She Wants To Go Dancing,Feel Good Indie Rock,She Wants To Go Dancing,2024-10-11,0.0557,1.0,1.0,188443.0,0.0589,feel-good,Low,2024.0,3.1407166666666666
0.513,153.683,0.653,rock,-8.972,0.148,0.844,Mk.gee,4.0,0.0724,65,Two Star & The Dream Police,Feel Good Indie Rock,Are You Looking Up,2024-02-09,0.693,1.0,11.0,166179.0,0.964,feel-good,Low,2024.0,2.76965
0.565,130.047,0.713,rock,-7.8,0.633,0.705,Lime Cordiale,4.0,0.0351,63,Permanent Vacation,Feel Good Indie Rock,Temper Temper,2017-10-13,3.2e-06,0.0,7.0,208981.0,0.0252,feel-good,Low,2017.0,3.483016666666667
0.804,107.48,0.528,rock,-4.168,0.105,0.222,Florence + The Machine,4.0,0.0358,62,Ceremonials (Deluxe Edition),Feel Good Indie Rock,Shake It Out,2011-01-01,0.0,1.0,10.0,277720.0,0.0104,feel-good,Low,2011.0,4.628666666666667
0.882,145.73,0.537,rock,-2.306,0.12,0.81,OK Go,4.0,0.0403,62,Oh No,Feel Good Indie Rock,Here It Goes Again,2005-01-01,9.06e-05,1.0,0.0,179813.0,0.00035,feel-good,Low,2005.0,2.9968833333333333
0.681,96.006,0.642,rock,-5.426,0.0756,0.53,Royel Otis,4.0,0.0259,60,Nack Nostalgia,Feel Good Indie Rock,Nack Nostalgia,2024-07-19,0.533,1.0,2.0,187433.0,0.119,feel-good,Low,2024.0,3.123883333333333
0.885,110.072,0.63,rock,-5.674,0.206,0.289,Bleachers,4.0,0.0406,60,Gone Now,Feel Good Indie Rock,Don't Take The Money,2017-06-02,1.37e-06,1.0,1.0,215547.0,0.000397,feel-good,Low,2017.0,3.59245
0.452,168.102,0.538,rock,-7.994,0.0635,0.209,"Dominic Fike, Weezer",4.0,0.0462,60,Sunburn,Feel Good Indie Rock,Think Fast (feat. Weezer),2023-07-07,2.26e-05,1.0,2.0,222840.0,0.368,feel-good,Low,2023.0,3.714
0.797,139.963,0.636,rock,-4.644,0.114,0.965,Wallows,4.0,0.0296,60,Calling After Me,Feel Good Indie Rock,Calling After Me,2024-03-21,4.26e-06,1.0,8.0,187693.0,0.00598,feel-good,Low,2024.0,3.128216666666667
0.601,122.017,0.602,rock,-8.521,0.312,0.856,boy pablo,4.0,0.0411,60,Roy Pablo,Feel Good Indie Rock,"Dance, Baby!",2017-05-19,0.0046,1.0,9.0,198000.0,0.037,feel-good,Low,2017.0,3.3
0.851,168.049,0.607,rock,-7.754,0.107,0.479,"bbno$, Diamond Pistols",4.0,0.0364,59,help herself,Feel Good Indie Rock,help herself,2021-01-29,0.351,0.0,4.0,188571.0,0.623,feel-good,Low,2021.0,3.14285
0.915,190.013,0.446,rock,-6.221,0.218,0.398,Bleachers,4.0,0.141,60,Strange Desire,Feel Good Indie Rock,I Wanna Get Better,2014-07-14,3.87e-05,1.0,9.0,204520.0,0.00281,feel-good,Low,2014.0,3.4086666666666665
0.923,108.014,0.695,rock,-3.93,0.116,0.551,"Gorillaz, Tame Impala, Bootie Brown",3.0,0.0522,59,New Gold (feat. Tame Impala and Bootie Brown),Feel Good Indie Rock,New Gold (feat. Tame Impala and Bootie Brown),2022-08-31,0.0469,0.0,1.0,215150.0,0.0425,feel-good,Low,2022.0,3.5858333333333334
0.829,144.099,0.59,rock,-5.649,0.19,0.704,Phoenix,4.0,0.0419,60,Wolfgang Amadeus Phoenix,Feel Good Indie Rock,1901,2009-05-25,3.99e-05,1.0,0.0,193107.0,0.0601,feel-good,Low,2009.0,3.21845
0.538,95.508,0.9,rock,-7.879,0.287,0.713,STRFKR,4.0,0.0343,58,Starfucker,Feel Good Indie Rock,Rawnald Gregory Erickson the Second,2008-09-23,0.843,1.0,7.0,173693.0,0.229,feel-good,Low,2008.0,2.8948833333333335
0.954,95.008,0.474,rock,-4.348,0.174,0.944,Good Kid,4.0,0.0347,58,Good Kid 3,Feel Good Indie Rock,Osmosis,2023-04-14,1.17e-06,1.0,9.0,173122.0,1.21e-05,feel-good,Low,2023.0,2.8853666666666666
0.761,141.282,0.323,rock,-6.143,0.0827,0.466,Daisy Jones & The Six,4.0,0.0479,58,AURORA,Feel Good Indie Rock,Look At Us Now (Honeycomb),2023-03-02,0.000586,1.0,7.0,332387.0,0.00942,feel-good,Low,2023.0,5.539783333333333
0.704,162.983,0.639,rock,-5.818,0.0849,0.645,Vampire Weekend,4.0,0.0659,57,Vampire Weekend,Feel Good Indie Rock,Campus,2008-01-29,0.0872,1.0,7.0,176467.0,0.22,feel-good,Low,2008.0,2.941116666666667
0.631,91.007,0.537,rock,-6.558,0.325,0.491,beabadoobee,4.0,0.0263,58,Take A Bite,Feel Good Indie Rock,Take A Bite,2024-05-09,0.003,1.0,0.0,158867.0,0.0453,feel-good,Low,2024.0,2.6477833333333334
0.892,150.255,0.578,rock,-7.952,0.215,0.892,Bloc Party,4.0,0.0441,57,Silent Alarm,Feel Good Indie Rock,Banquet,2005-03-22,0.0111,0.0,10.0,196613.0,0.000139,feel-good,Low,2005.0,3.276883333333333
0.844,140.034,0.472,rock,-6.578,0.24,0.34,WALK THE MOON,4.0,0.054,57,Walk The Moon,Feel Good Indie Rock,Anna Sun,2012-06-19,0.0,1.0,10.0,321280.0,0.00173,feel-good,Low,2012.0,5.354666666666667
0.627,117.992,0.551,rock,-6.9,0.139,0.402,"boygenius, Julien Baker, Phoebe Bridgers, Lucy Dacus",3.0,0.0325,57,the record,Feel Good Indie Rock,$20,2023-03-31,0.0637,1.0,7.0,200093.0,0.0065,feel-good,Low,2023.0,3.3348833333333334
0.697,96.729,0.683,rock,-6.703,0.0527,0.591,Peach Pit,4.0,0.025,56,From 2 to 3,Feel Good Indie Rock,Give Up Baby Go,2022-03-04,2.46e-06,1.0,9.0,257007.0,0.169,feel-good,Low,2022.0,4.28345
0.0319,79.893,0.5,lofi,-23.802,0.0932,0.0599,drawn animal,4.0,0.0343,40,Glum Look,Chill Lofi Study Beats,Glum Look,2024-11-10,0.913,1.0,7.0,117000.0,0.983,chill,Low,2024.0,1.95
0.0908,173.629,0.219,lofi,-28.23,0.119,0.138,Zupa Fitz,4.0,0.0445,53,on the edge,Chill Lofi Study Beats,on the edge,2024-10-27,0.939,1.0,1.0,133333.0,0.989,chill,Low,2024.0,2.2222166666666667
0.206,116.097,0.639,lofi,-17.835,0.236,0.0873,morning green,4.0,0.0315,53,pink skies,Chill Lofi Study Beats,pink skies,2024-10-13,0.9,1.0,4.0,112418.0,0.758,chill,Low,2024.0,1.8736333333333333
0.146,87.739,0.27,lofi,-22.956,0.111,0.0717,Red Cedar,4.0,0.0392,39,Eyes Closed,Chill Lofi Study Beats,Eyes Closed,2024-11-08,0.811,0.0,9.0,132784.0,0.781,chill,Low,2024.0,2.2130666666666667
0.184,152.043,0.447,lofi,-18.937,0.171,0.152,Coltsfoot,5.0,0.0611,59,Bottled Message,Chill Lofi Study Beats,Bottled Message,2024-10-04,0.924,1.0,0.0,120000.0,0.544,chill,Low,2024.0,2.0
0.292,146.005,0.795,lofi,-14.013,0.0972,0.237,only jo,4.0,0.0462,50,Stairs,Chill Lofi Study Beats,Stairs,2024-10-18,0.834,1.0,4.0,143836.0,0.611,chill,Low,2024.0,2.397266666666667
0.19,93.992,0.518,lofi,-15.36,0.0947,0.038,Slowday,4.0,0.0273,54,late nights,Chill Lofi Study Beats,late nights,2024-10-20,0.936,1.0,1.0,157021.0,0.933,chill,Low,2024.0,2.6170166666666668
0.174,76.997,0.611,lofi,-15.889,0.0775,0.285,"Jmss, PØPE",4.0,0.0478,38,Ghost,Chill Lofi Study Beats,Ghost,2024-11-14,0.928,1.0,8.0,124675.0,0.883,chill,Low,2024.0,2.077916666666667
0.165,119.976,0.869,lofi,-17.144,0.116,0.131,cloud minor,4.0,0.0812,48,Peachy,Chill Lofi Study Beats,Peachy,2024-11-01,0.911,0.0,5.0,184871.0,0.61,chill,Low,2024.0,3.081183333333333
0.16,159.989,0.482,lofi,-20.33,0.188,0.0386,sellar,4.0,0.0895,41,petra's lullaby,Chill Lofi Study Beats,petra's lullaby,2024-11-10,0.924,1.0,10.0,132250.0,0.9,chill,Low,2024.0,2.2041666666666666
0.287,80.663,0.652,lofi,-14.555,0.104,0.201,lorleaf,4.0,0.47,51,Albaizyn,Chill Lofi Study Beats,Albaizyn,2024-10-25,0.906,0.0,9.0,99114.0,0.588,chill,Low,2024.0,1.6519
0.39,109.886,0.594,lofi,-15.8,0.114,0.189,Origami Boy,4.0,0.0328,51,Karma With Some Fries,Chill Lofi Study Beats,Karma With Some Fries,2024-10-25,0.918,1.0,3.0,145364.0,0.907,chill,Low,2024.0,2.4227333333333334
0.277,116.15,0.638,lofi,-18.904,0.0913,0.281,softflow,5.0,0.0357,39,after all,Chill Lofi Study Beats,after all,2024-11-10,0.834,1.0,9.0,148966.0,0.741,chill,Low,2024.0,2.4827666666666666
0.0517,125.964,0.581,lofi,-26.309,0.0896,0.0506,cxlt.,4.0,0.0312,40,Afterhours,Chill Lofi Study Beats,Afterhours,2024-11-15,0.953,1.0,10.0,152000.0,0.965,chill,Low,2024.0,2.533333333333333
0.0516,144.085,0.691,lofi,-17.195,0.104,0.309,Dizzy Boy,4.0,0.071,48,Beyond the garden,Chill Lofi Study Beats,Beyond the garden,2024-10-23,0.948,0.0,11.0,163320.0,0.986,chill,Low,2024.0,2.722
0.136,153.998,0.608,lofi,-20.155,0.115,0.354,Zupa Fitz,3.0,0.0645,60,keeping up appearances,Chill Lofi Study Beats,keeping up appearances,2024-10-13,0.926,1.0,1.0,128409.0,0.882,chill,Low,2024.0,2.14015
0.153,130.082,0.77,lofi,-12.745,0.113,0.265,"Louie's Tapes, Lemon Kids",4.0,0.0577,38,Lemon Trees,Chill Lofi Study Beats,Lemon Trees,2024-11-15,0.259,0.0,1.0,121846.0,0.875,chill,Low,2024.0,2.0307666666666666
0.28,66.141,0.415,lofi,-12.599,0.0857,0.125,caens,4.0,0.0288,42,Walking Home,Chill Lofi Study Beats,Walking Home,2024-11-08,0.757,0.0,9.0,126857.0,0.764,chill,Low,2024.0,2.1142833333333333
0.111,130.032,0.699,lofi,-20.595,0.111,0.133,"HM Surf, sove",4.0,0.0355,49,memory,Chill Lofi Study Beats,memory,2024-10-18,0.792,1.0,8.0,155077.0,0.906,chill,Low,2024.0,2.584616666666667
0.124,69.99,0.563,lofi,-23.386,0.104,0.163,Sihu,4.0,0.0419,61,Hazy,Chill Lofi Study Beats,Hazy,2024-09-03,0.932,1.0,6.0,140571.0,0.948,chill,Low,2024.0,2.34285
0.104,160.05,0.655,lofi,-20.225,0.113,0.192,softclouds,4.0,0.122,57,random thoughts,Chill Lofi Study Beats,random thoughts,2024-05-19,0.956,1.0,0.0,135000.0,0.944,chill,Low,2024.0,2.25
0.114,102.495,0.351,lofi,-23.924,0.0995,0.034,parrow,4.0,0.0369,57,Eclipse,Chill Lofi Study Beats,Eclipse,2024-09-27,0.935,0.0,4.0,144231.0,0.851,chill,Low,2024.0,2.40385
0.168,96.936,0.509,lofi,-18.382,0.167,0.239,poems,4.0,0.0279,57,Airy Dream,Chill Lofi Study Beats,Airy Dream,2024-09-27,0.519,0.0,5.0,129897.0,0.903,chill,Low,2024.0,2.16495
0.0558,77.977,0.603,lofi,-16.649,0.311,0.0346,Tigerpalm*Bay,4.0,0.0523,57,Tiger Tales (of the Concrete Jungle),Chill Lofi Study Beats,Tiger Tales (of the Concrete Jungle),2023-09-22,0.932,0.0,5.0,190000.0,0.969,chill,Low,2023.0,3.1666666666666665
0.163,130.122,0.61,lofi,-21.359,0.105,0.0791,Hi Hat Henry,4.0,0.0366,57,Island Bounce,Chill Lofi Study Beats,Island Bounce,2024-07-17,0.951,0.0,9.0,147788.0,0.973,chill,Low,2024.0,2.4631333333333334
0.171,86.032,0.802,lofi,-14.176,0.101,0.523,Strehlow,4.0,0.0463,56,Distance,Chill Lofi Study Beats,Distance,2024-10-04,0.909,1.0,2.0,113895.0,0.684,chill,Low,2024.0,1.89825
0.131,136.039,0.679,lofi,-16.647,0.112,0.09,slowburn,4.0,0.0892,56,change of heart,Chill Lofi Study Beats,change of heart,2024-10-03,0.943,1.0,5.0,128097.0,0.611,chill,Low,2024.0,2.13495
0.102,112.378,0.445,lofi,-17.965,0.134,0.108,Red Cedar,4.0,0.05,56,First Things First,Chill Lofi Study Beats,First Things First,2024-10-11,0.918,1.0,3.0,126429.0,0.931,chill,Low,2024.0,2.10715
0.323,75.989,0.672,lofi,-12.005,0.107,0.218,low&slow,4.0,0.474,56,poseidon,Chill Lofi Study Beats,poseidon,2024-01-26,0.911,0.0,1.0,121751.0,0.897,chill,Low,2024.0,2.029183333333333
0.151,79.993,0.5,lofi,-22.794,0.698,0.183,lilibu,5.0,0.0305,55,snoozed,Chill Lofi Study Beats,snoozed,2024-08-25,0.891,1.0,2.0,170376.0,0.825,chill,Low,2024.0,2.8396
0.148,97.45,0.4,lofi,-22.677,0.0891,0.121,Dozy Duzzn,1.0,0.033,55,Napwave Nirvana,Chill Lofi Study Beats,Napwave Nirvana,2024-07-21,0.916,1.0,9.0,129143.0,0.932,chill,Low,2024.0,2.1523833333333333
0.0616,54.998,0.222,lofi,-23.261,0.099,0.0393,sellar,4.0,0.0317,55,cocoon,Chill Lofi Study Beats,cocoon,2024-08-25,0.935,1.0,0.0,148770.0,0.988,chill,Low,2024.0,2.4795
0.0611,171.707,0.369,lofi,-24.461,0.115,0.0793,jeppa.,4.0,0.0407,55,Low Battery,Chill Lofi Study Beats,Low Battery,2024-10-11,0.842,0.0,6.0,116512.0,0.945,chill,Low,2024.0,1.9418666666666666
0.216,122.047,0.581,lofi,-21.645,0.112,0.0351,Earium,4.0,0.0473,55,kinda nice,Chill Lofi Study Beats,kinda nice,2024-07-07,0.871,1.0,0.0,140000.0,0.861,chill,Low,2024.0,2.3333333333333335
0.113,137.954,0.591,lofi,-22.226,0.11,0.122,Nova Night,4.0,0.0335,55,Midnight Groove,Chill Lofi Study Beats,Midnight Groove,2024-06-30,0.883,1.0,11.0,139130.0,0.928,chill,Low,2024.0,2.3188333333333335
0.465,131.992,0.704,lofi,-12.648,0.154,0.755,Thin Wire,4.0,0.105,54,Tough Night,Chill Lofi Study Beats,Tough Night,2023-10-31,0.881,0.0,3.0,107083.0,0.916,chill,Low,2023.0,1.7847166666666667
0.331,113.978,0.761,lofi,-8.072,0.12,0.129,Dylan Sitts,3.0,0.0443,54,Lost in the Mail,Chill Lofi Study Beats,Lost in the Mail,2024-03-07,0.854,1.0,0.0,142105.0,0.374,chill,Low,2024.0,2.3684166666666666
0.0236,103.938,0.537,lofi,-29.056,0.0794,0.111,Kainbeats,4.0,0.0288,54,a little sun nap,Chill Lofi Study Beats,a little sun nap,2024-09-30,0.869,1.0,10.0,148368.0,0.984,chill,Low,2024.0,2.4728
0.0379,61.028,0.538,lofi,-22.543,0.0846,0.0422,le gronk,4.0,0.0306,54,trail running,Chill Lofi Study Beats,trail running,2024-03-15,0.911,1.0,4.0,161311.0,0.977,chill,Low,2024.0,2.6885166666666667
0.0669,138.049,0.769,lofi,-22.258,0.105,0.231,mellow fox,4.0,0.115,53,fika,Chill Lofi Study Beats,fika,2024-10-11,0.911,1.0,3.0,104385.0,0.913,chill,Low,2024.0,1.73975
0.185,143.937,0.566,lofi,-12.833,0.0856,0.0399,eze east,4.0,0.0279,53,Melt,Chill Lofi Study Beats,Melt,2023-10-01,0.933,1.0,2.0,126667.0,0.98,chill,Low,2023.0,2.1111166666666668
0.336,75.968,0.795,lofi,-10.65,0.11,0.428,A & C,4.0,0.112,53,Multiply,Chill Lofi Study Beats,Multiply,2023-11-24,0.934,0.0,10.0,126000.0,0.685,chill,Low,2023.0,2.1
0.302,85.968,0.734,lofi,-12.732,0.329,0.557,Gooee,4.0,0.229,53,After Hours,Chill Lofi Study Beats,After Hours,2023-10-13,0.731,1.0,7.0,123386.0,0.384,chill,Low,2023.0,2.056433333333333
0.301,138.252,0.672,lofi,-14.327,0.121,0.0882,Twiggy Fiz,4.0,0.0463,53,sunny day dreaming,Chill Lofi Study Beats,sunny day dreaming,2023-12-31,0.938,1.0,4.0,174621.0,0.928,chill,Low,2023.0,2.91035
0.12,80.113,0.587,lofi,-15.175,0.0945,0.349,Knowmadic,4.0,0.199,53,omw,Chill Lofi Study Beats,omw,2024-05-17,0.924,1.0,0.0,132000.0,0.933,chill,Low,2024.0,2.2
0.16,85.984,0.761,lofi,-9.414,0.109,0.483,misty tapes,4.0,0.0825,53,pawsitive,Chill Lofi Study Beats,pawsitive,2024-05-31,0.927,1.0,9.0,136744.0,0.799,chill,Low,2024.0,2.2790666666666666
0.143,124.007,0.845,lofi,-14.408,0.117,0.3,Mossdeep,4.0,0.146,53,Flower Kingdom,Chill Lofi Study Beats,Flower Kingdom,2023-10-13,0.939,1.0,0.0,128226.0,0.806,chill,Low,2023.0,2.1371
0.319,91.77,0.715,lofi,-11.433,0.253,0.404,bomull,4.0,0.451,52,hjortron,Chill Lofi Study Beats,hjortron,2024-06-11,0.532,1.0,1.0,129997.0,0.73,chill,Low,2024.0,2.1666166666666666
0.301,160.024,0.579,lofi,-17.913,0.598,0.289,nora haze,1.0,0.0625,53,So Very Much,Chill Lofi Study Beats,So Very Much,2024-10-04,0.897,0.0,6.0,125625.0,0.883,chill,Low,2024.0,2.09375
0.0902,69.995,0.543,lofi,-20.406,0.104,0.205,Dino P,4.0,0.04,52,Days Before,Chill Lofi Study Beats,Days before,2023-02-12,0.829,0.0,11.0,167156.0,0.975,chill,Low,2023.0,2.7859333333333334
0.158,70.022,0.73,lofi,-13.153,0.103,0.444,Alek Faith,4.0,0.138,52,Friday Dazed,Chill Lofi Study Beats,Friday Dazed,2023-10-13,0.939,1.0,6.0,132857.0,0.813,chill,Low,2023.0,2.2142833333333334
0.13,140.095,0.715,lofi,-15.415,0.111,0.501,yellofish,4.0,0.112,52,shanghai tower,Chill Lofi Study Beats,shanghai tower,2024-02-23,0.896,0.0,1.0,137143.0,0.596,chill,Low,2024.0,2.2857166666666666
0.0581,134.343,0.64,lofi,-14.81,0.104,0.476,Rustique Beats,4.0,0.0572,52,here for the night,Chill Lofi Study Beats,late night walking,2023-10-01,0.848,1.0,10.0,119917.0,0.76,chill,Low,2023.0,1.9986166666666667
0.0277,80.021,0.543,lofi,-21.2,0.179,0.0681,herbstreit,4.0,0.0284,52,afternoon walk,Chill Lofi Study Beats,afternoon walk,2023-12-08,0.903,1.0,11.0,166625.0,0.957,chill,Low,2023.0,2.777083333333333
0.267,128.012,0.895,lofi,-11.247,0.103,0.345,Adam Space,4.0,0.0883,52,Beam Me Up,Chill Lofi Study Beats,Beam Me Up,2024-09-13,0.925,1.0,2.0,123750.0,0.668,chill,Low,2024.0,2.0625
0.205,140.057,0.675,lofi,-16.858,0.112,0.0551,Seame,4.0,0.0554,52,BAGS,Chill Lofi Study Beats,BAGS,2024-08-02,0.903,1.0,0.0,141000.0,0.718,chill,Low,2024.0,2.35
0.397,160.044,0.671,lofi,-10.854,0.125,0.251,Lazlow,4.0,0.0399,52,Indigo,Chill Lofi Study Beats,Indigo,2023-09-22,0.928,0.0,2.0,134250.0,0.713,chill,Low,2023.0,2.2375
0.285,139.992,0.777,lofi,-12.81,0.107,0.143,W8lss,4.0,0.0724,52,Stones,Chill Lofi Study Beats,Stones,2023-10-13,0.897,0.0,7.0,137229.0,0.754,chill,Low,2023.0,2.28715
0.0909,69.004,0.422,lofi,-23.049,0.0989,0.0981,Bus Topp,4.0,0.0546,52,SoulShower,Chill Lofi Study Beats,SoulShower,2023-11-26,0.886,0.0,5.0,193958.0,0.871,chill,Low,2023.0,3.2326333333333332
0.228,124.98,0.923,lofi,-12.418,0.0987,0.503,love_eight,4.0,0.0634,52,projection,Chill Lofi Study Beats,projection,2022-08-12,0.931,1.0,7.0,158222.0,0.78,chill,Low,2022.0,2.637033333333333
0.332,89.995,0.671,lofi,-9.037,0.366,0.51,Illum Noyz,4.0,0.0937,52,Natural Midst,Chill Lofi Study Beats,Natural Midst,2023-09-08,0.904,0.0,2.0,161000.0,0.761,chill,Low,2023.0,2.683333333333333
0.385,87.993,0.721,lofi,-14.226,0.177,0.378,Velvet Static,4.0,0.339,52,Sunflower,Chill Lofi Study Beats,Sunflower,2024-09-27,0.841,1.0,7.0,133807.0,0.88,chill,Low,2024.0,2.2301166666666665
0.048,119.954,0.836,lofi,-14.768,0.101,0.228,Zoe Reed,4.0,0.051,52,watercolour,Chill Lofi Study Beats,watercolour,2023-12-10,0.894,0.0,2.0,120458.0,0.193,chill,Low,2023.0,2.007633333333333
0.306,76.976,0.645,lofi,-7.424,0.192,0.131,Galva-Nice,4.0,0.0287,51,Who's Driving?,Chill Lofi Study Beats,Who's Driving?,2023-10-06,0.0669,1.0,5.0,139500.0,0.786,chill,Low,2023.0,2.325
0.277,84.985,0.739,lofi,-14.284,0.0921,0.638,Trippy Park,4.0,0.12,51,Paris,Chill Lofi Study Beats,Paris,2023-10-13,0.893,1.0,7.0,124412.0,0.841,chill,Low,2023.0,2.0735333333333332
0.32,143.995,0.807,lofi,-12.699,0.108,0.783,Gittiye,4.0,0.0527,51,Car Ride,Chill Lofi Study Beats,Car Ride,2024-03-14,0.906,1.0,8.0,135000.0,0.349,chill,Low,2024.0,2.25
0.3,94.006,0.848,lofi,-11.023,0.0811,0.292,Poof Tricks,4.0,0.0772,51,Flow State,Chill Lofi Study Beats,Flow State,2023-11-06,0.915,0.0,7.0,158298.0,0.655,chill,Low,2023.0,2.6383
0.115,119.992,0.793,lofi,-15.647,0.0769,0.0774,louke's beats,4.0,0.0798,51,happy moggie,Chill Lofi Study Beats,happy moggie,2023-11-26,0.929,1.0,4.0,138000.0,0.661,chill,Low,2023.0,2.3
0.283,79.878,0.396,lofi,-14.746,0.113,0.0695,ohlos,4.0,0.0577,51,Surf Tiger,Chill Lofi Study Beats,Surf Tiger,2023-10-18,0.92,0.0,11.0,182250.0,0.901,chill,Low,2023.0,3.0375
0.259,80.038,0.676,lofi,-14.923,0.098,0.0726,Holy Jamie,4.0,0.0523,51,Forgotten Dreams,Chill Lofi Study Beats,Forgotten Dreams,2024-07-19,0.867,1.0,0.0,120430.0,0.664,chill,Low,2024.0,2.0071666666666665
0.0657,78.071,0.732,lofi,-26.149,0.151,0.939,Phive O,4.0,0.121,51,Sunset Boulevard,Chill Lofi Study Beats,Sunset Boulevard,2023-11-17,0.692,1.0,9.0,135385.0,0.687,chill,Low,2023.0,2.2564166666666665
0.178,75.004,0.502,lofi,-18.497,0.174,0.15,sellar,4.0,0.0489,51,midnight escape,Chill Lofi Study Beats,midnight escape,2024-06-16,0.934,0.0,2.0,180792.0,0.918,chill,Low,2024.0,3.0132
0.347,132.972,0.891,lofi,-10.08,0.167,0.331,low&slow,4.0,0.0847,51,glow,Chill Lofi Study Beats,glow,2023-11-24,0.931,1.0,11.0,129452.0,0.941,chill,Low,2023.0,2.1575333333333333
0.374,134.962,0.871,lofi,-13.797,0.114,0.557,Zatsuma,4.0,0.0951,51,cashmere,Chill Lofi Study Beats,cashmere,2023-01-13,0.912,1.0,2.0,142667.0,0.881,chill,Low,2023.0,2.3777833333333334
0.249,120.003,0.891,lofi,-11.559,0.085,0.254,jaackson,4.0,0.0757,51,spring is coming,Chill Lofi Study Beats,spring is coming,2024-02-25,0.952,1.0,4.0,192000.0,0.976,chill,Low,2024.0,3.2
0.338,134.119,0.564,lofi,-14.01,0.132,0.241,hoodeeny,4.0,0.039,51,my own practice,Chill Lofi Study Beats,my own practice,2024-11-01,0.904,1.0,1.0,132761.0,0.968,chill,Low,2024.0,2.212683333333333
0.0859,140.209,0.896,lofi,-16.803,0.109,0.0863,G:sson,4.0,0.426,51,Shifting Sands,Chill Lofi Study Beats,Shifting Sands,2023-10-06,0.92,0.0,3.0,147429.0,0.802,chill,Low,2023.0,2.45715
0.162,83.927,0.613,lofi,-12.162,0.106,0.376,"Lotus Beats, Notation",4.0,0.035,51,Sunset,Chill Lofi Study Beats,Sunset,2024-04-08,0.894,0.0,0.0,154000.0,0.83,chill,Low,2024.0,2.566666666666667
0.34,180.031,0.68,lofi,-11.859,0.0956,0.442,Loomington,4.0,0.0535,51,Hazel Eyes,Chill Lofi Study Beats,Hazel Eyes,2023-11-24,0.858,0.0,9.0,142667.0,0.764,chill,Low,2023.0,2.3777833333333334
0.271,140.013,0.709,lofi,-17.212,0.111,0.295,Poof Tricks,4.0,0.0457,51,Expected Events,Chill Lofi Study Beats,Expected Events,2024-10-16,0.879,0.0,6.0,156000.0,0.933,chill,Low,2024.0,2.6
0.0924,158.049,0.766,lofi,-17.886,0.103,0.237,Zeitgeister,4.0,0.117,51,Vortex,Chill Lofi Study Beats,Vortex,2024-08-18,0.934,1.0,0.0,124557.0,0.897,chill,Low,2024.0,2.07595
0.235,89.999,0.804,lofi,-14.251,0.107,0.428,Oroshi,4.0,0.0485,51,temporary approved,Chill Lofi Study Beats,temporary approved,2024-10-11,0.903,1.0,0.0,120604.0,0.959,chill,Low,2024.0,2.0100666666666664
0.249,84.983,0.867,lofi,-12.371,0.0898,0.728,Dusty Kadinsky,4.0,0.0696,51,"High five, low-fi",Chill Lofi Study Beats,"High five, low-fi",2024-03-08,0.913,0.0,10.0,128294.0,0.776,chill,Low,2024.0,2.1382333333333334
0.211,94.019,0.664,lofi,-14.747,0.186,0.181,nightnotes,4.0,0.0313,51,letter to amtis,Chill Lofi Study Beats,letter to amtis,2024-03-08,0.844,1.0,11.0,94875.0,0.885,chill,Low,2024.0,1.58125
0.206,62.942,0.654,lofi,-15.25,0.322,0.557,astra division,4.0,0.117,51,Up In The Clouds Again,Chill Lofi Study Beats,Up In The Clouds Again,2024-07-12,0.88,1.0,10.0,127857.0,0.934,chill,Low,2024.0,2.13095
0.187,84.891,0.814,lofi,-13.354,0.101,0.643,Pi Teddy,4.0,0.291,51,Autumn Stroll,Chill Lofi Study Beats,Autumn Stroll,2023-10-11,0.841,0.0,1.0,118412.0,0.931,chill,Low,2023.0,1.9735333333333334
0.108,140.033,0.769,lofi,-18.875,0.108,0.374,Cal Credence,4.0,0.0977,51,Lush,Chill Lofi Study Beats,Lush,2023-09-22,0.914,0.0,11.0,147857.0,0.877,chill,Low,2023.0,2.4642833333333334
0.253,129.971,0.666,lofi,-16.196,0.122,0.181,Audio Phill,4.0,0.119,51,The City,Chill Lofi Study Beats,The City,2023-11-14,0.887,0.0,0.0,122984.0,0.906,chill,Low,2023.0,2.049733333333333
0.351,76.992,0.804,lofi,-10.686,0.107,0.74,M.I Hakone,4.0,0.244,51,Seasons,Chill Lofi Study Beats,Seasons,2023-10-20,0.888,0.0,8.0,124337.0,0.887,chill,Low,2023.0,2.0722833333333335
0.218,129.997,0.879,lofi,-16.681,0.103,0.663,Zoe Reed,4.0,0.0777,51,the clearing,Chill Lofi Study Beats,the clearing,2023-11-19,0.79,1.0,3.0,148583.0,0.566,chill,Low,2023.0,2.476383333333333
0.0408,130.014,0.643,lofi,-17.989,0.0959,0.152,Convivial,4.0,0.039,51,Softly Whispering,Chill Lofi Study Beats,Softly Whispering,2023-10-20,0.921,1.0,5.0,187023.0,0.825,chill,Low,2023.0,3.11705
0.379,147.97,0.67,lofi,-11.249,0.24,0.552,"Yawuh, Koralle",4.0,0.0542,50,Matcha,Chill Lofi Study Beats,Matcha,2024-04-30,0.761,1.0,10.0,143145.0,0.596,chill,Low,2024.0,2.38575
0.279,88.956,0.759,lofi,-10.357,0.158,0.437,ninetytwo.,4.0,0.052,50,Sunny Side,Chill Lofi Study Beats,Sunny Side,2024-05-24,0.799,0.0,5.0,118652.0,0.397,chill,Low,2024.0,1.9775333333333334
0.134,140.124,0.794,lofi,-12.686,0.112,0.441,sunala.,4.0,0.0834,50,New Season,Chill Lofi Study Beats,New Season,2023-11-24,0.928,0.0,6.0,120857.0,0.924,chill,Low,2023.0,2.014283333333333
0.342,160.082,0.685,lofi,-9.102,0.168,0.365,HPY DAYZ,4.0,0.397,50,act n' chill,Chill Lofi Study Beats,act n' chill,2024-05-26,0.703,0.0,10.0,132000.0,0.648,chill,Low,2024.0,2.2
0.424,75.233,0.794,lofi,-11.044,0.11,0.303,Mathis,4.0,0.169,50,starry night,Chill Lofi Study Beats,starry night,2023-11-10,0.95,0.0,1.0,143273.0,0.944,chill,Low,2023.0,2.3878833333333334
0.269,139.986,0.9,lofi,-11.537,0.175,0.614,Hammocks & Lime,4.0,0.122,50,Bar Breeze,Chill Lofi Study Beats,Bar Breeze,2023-03-10,0.686,1.0,8.0,138857.0,0.508,chill,Low,2023.0,2.3142833333333335
0.21,123.965,0.838,lofi,-11.881,0.0993,0.609,Carl Borg,4.0,0.0366,50,Winter Artifacts,Chill Lofi Study Beats,Winter Artifacts,2024-02-27,0.945,1.0,1.0,159652.0,0.565,chill,Low,2024.0,2.6608666666666667
0.264,68.003,0.53,lofi,-12.377,0.0939,0.0844,Fya Playce,4.0,0.0389,50,park stroll,Chill Lofi Study Beats,park stroll,2023-12-10,0.924,1.0,8.0,128824.0,0.985,chill,Low,2023.0,2.1470666666666665
0.366,71.008,0.789,lofi,-9.795,0.0963,0.172,Zonyo,4.0,0.129,50,fliff,Chill Lofi Study Beats,fliff,2023-11-12,0.422,0.0,9.0,95917.0,0.835,chill,Low,2023.0,1.5986166666666666
0.0455,71.045,0.615,lofi,-17.469,0.0899,0.038,Collinsworthy,4.0,0.0367,50,camping trip,Chill Lofi Study Beats,camping trip,2024-01-19,0.921,1.0,0.0,159750.0,0.942,chill,Low,2024.0,2.6625
0.21,60.019,0.594,lofi,-15.785,0.134,0.0622,ELEWAKA,4.0,0.0283,50,imstillfallingfor,Chill Lofi Study Beats,imstillfallingfor,2024-10-18,0.928,1.0,0.0,196500.0,0.887,chill,Low,2024.0,3.275
0.529,79.981,0.685,lofi,-10.362,0.16,0.363,Silk Soul,4.0,0.106,50,Incredibly happy,Chill Lofi Study Beats,Incredibly happy,2023-10-20,0.89,1.0,2.0,159000.0,0.34,chill,Low,2023.0,2.65
0.209,139.943,0.748,lofi,-15.65,0.104,0.316,Cyan_95,4.0,0.0659,50,rose quartz,Chill Lofi Study Beats,rose quartz,2024-01-12,0.89,1.0,0.0,124591.0,0.776,chill,Low,2024.0,2.0765166666666666
0.31,241.426,0.431,lofi,-12.847,0.104,0.508,Idris Kelly,3.0,0.137,50,Lo-fi Love Letters,Chill Lofi Study Beats,Lo-fi Love Letters,2023-10-06,0.893,1.0,6.0,119118.0,0.771,chill,Low,2023.0,1.9853
0.166,76.003,0.607,lofi,-19.259,0.0905,0.236,slowvibe,4.0,0.0351,50,Borrowed Car,Chill Lofi Study Beats,Borrowed Car,2024-06-28,0.427,0.0,10.0,126316.0,0.723,chill,Low,2024.0,2.1052666666666666
0.128,74.988,0.887,lofi,-16.508,0.111,0.651,Aurora 10,4.0,0.417,50,Flash,Chill Lofi Study Beats,Flash,2024-01-23,0.926,1.0,2.0,121600.0,0.801,chill,Low,2024.0,2.026666666666667
0.337,128.088,0.709,lofi,-9.09,0.12,0.288,"Maggotts&Becketts, chill.farm",4.0,0.0468,50,Marbles,Chill Lofi Study Beats,Marbles,2023-11-03,0.916,0.0,9.0,131125.0,0.921,chill,Low,2023.0,2.185416666666667
0.376,132.41,0.859,lofi,-10.657,0.687,0.17,lilibu,4.0,0.153,50,fuzzy felt,Chill Lofi Study Beats,fuzzy felt,2024-09-22,0.774,0.0,0.0,158987.0,0.608,chill,Low,2024.0,2.649783333333333
0.11,108.157,0.565,lofi,-20.446,0.0717,0.0797,mutedvibes,4.0,0.0293,50,find whats lost,Chill Lofi Study Beats,find whats lost,2024-11-03,0.966,1.0,1.0,128889.0,0.96,chill,Low,2024.0,2.14815
0.24,58.031,0.551,lofi,-19.865,0.389,0.156,Slumbering Elk,4.0,0.0387,50,Behind the stars,Chill Lofi Study Beats,Behind the stars,2023-11-08,0.951,0.0,11.0,142759.0,0.73,chill,Low,2023.0,2.3793166666666665
0.272,93.656,0.5,lofi,-15.719,0.253,0.222,Cmd q,5.0,0.103,50,Lazy Locomotive,Chill Lofi Study Beats,Lazy Locomotive,2023-11-07,0.945,1.0,11.0,120800.0,0.9,chill,Low,2023.0,2.013333333333333
0.368,77.951,0.633,lofi,-12.152,0.111,0.08,Blank x Blank,4.0,0.087,50,Honestly,Chill Lofi Study Beats,Honestly,2024-06-28,0.918,1.0,2.0,127115.0,0.795,chill,Low,2024.0,2.1185833333333335
0.425,171.982,0.659,lofi,-9.218,0.112,0.404,drewbee,4.0,0.0333,50,head in the clouds,Chill Lofi Study Beats,head in the clouds,2024-03-08,0.9,1.0,2.0,134826.0,0.29,chill,Low,2024.0,2.2471
0.304,82.03,0.655,lofi,-16.901,0.146,0.485,Analog Bow,4.0,0.0608,50,Dance The Night,Chill Lofi Study Beats,Dance The Night,2023-11-10,0.889,1.0,8.0,159031.0,0.942,chill,Low,2023.0,2.650516666666667
0.356,144.203,0.747,lofi,-11.361,0.116,0.245,Conjure kid,4.0,0.0928,50,Heroes Retreat,Chill Lofi Study Beats,Heroes Retreat,2024-02-16,0.957,1.0,8.0,123162.0,0.91,chill,Low,2024.0,2.0527
0.362,84.801,0.559,lofi,-9.471,0.675,0.73,Loomington,4.0,0.719,50,Donuts,Chill Lofi Study Beats,Donuts,2023-10-06,0.929,0.0,0.0,141176.0,0.79,chill,Low,2023.0,2.3529333333333335
0.47,75.008,0.617,lofi,-13.3,0.151,0.427,ninetytwo.,4.0,0.0298,50,the neighborhood,Chill Lofi Study Beats,the neighborhood,2023-09-29,0.526,0.0,6.0,129600.0,0.401,chill,Low,2023.0,2.16
0.325,82.847,0.472,lofi,-11.39,0.0998,0.151,"FloFilz, HNNY",4.0,0.0483,50,Early Birds,Chill Lofi Study Beats,Early Birds,2024-06-07,0.915,0.0,1.0,142410.0,0.896,chill,Low,2024.0,2.3735
0.198,83.983,0.831,lofi,-16.467,0.104,0.164,merīkurisumasu!,4.0,0.337,50,The Day Before Yesterday,Chill Lofi Study Beats,The Day Before Yesterday,2023-10-02,0.74,1.0,0.0,122143.0,0.943,chill,Low,2023.0,2.0357166666666666
0.49,132.682,0.582,lofi,-8.651,0.103,0.175,Violet Blanca,1.0,0.169,50,Laundry Tessomancy,Chill Lofi Study Beats,Laundry Tessomancy,2024-03-08,0.905,0.0,10.0,121250.0,0.73,chill,Low,2024.0,2.0208333333333335
0.0518,111.893,0.335,lofi,-26.628,0.107,0.299,Dozy Duzzn,4.0,0.0705,50,Snooze Groove,Chill Lofi Study Beats,Snooze Groove,2024-08-18,0.936,0.0,8.0,124324.0,0.984,chill,Low,2024.0,2.0720666666666667
0.335,130.077,0.824,lofi,-9.877,0.12,0.497,Summer Clarke,4.0,0.0547,50,devotion,Chill Lofi Study Beats,devotion,2024-03-15,0.914,0.0,6.0,142250.0,0.905,chill,Low,2024.0,2.370833333333333
0.276,139.971,0.691,lofi,-11.717,0.111,0.511,Ponzi Skeemz,4.0,0.0388,50,semi-hollow,Chill Lofi Study Beats,semi-hollow,2024-01-12,0.872,1.0,6.0,158000.0,0.811,chill,Low,2024.0,2.6333333333333333
0.378,174.068,0.636,lofi,-7.764,0.128,0.326,peerless,4.0,0.122,49,Laboratoire,Chill Lofi Study Beats,Smoking at Sundown,2022-11-25,0.848,1.0,7.0,132247.0,0.258,chill,Low,2022.0,2.2041166666666667
0.163,168.056,0.69,lofi,-16.182,0.109,0.31,Collinsworthy,4.0,0.109,49,rolling,Chill Lofi Study Beats,rolling,2024-03-01,0.937,0.0,3.0,128661.0,0.932,chill,Low,2024.0,2.14435
0.0929,116.163,0.523,lofi,-20.861,0.109,0.192,buggy beats,4.0,0.092,49,deep reverie,Chill Lofi Study Beats,deep reverie,2024-03-22,0.885,1.0,0.0,153362.0,0.919,chill,Low,2024.0,2.556033333333333
0.319,75.996,0.65,lofi,-7.9,0.118,0.404,d.w.h,4.0,0.0358,49,Bareru Rōru,Chill Lofi Study Beats,Bareru Rōru,2023-11-10,0.916,0.0,5.0,158092.0,0.778,chill,Low,2023.0,2.6348666666666665
0.179,160.01,0.827,lofi,-12.561,0.106,0.184,uniqlesse,3.0,0.132,49,pistachios forever,Chill Lofi Study Beats,pistachios forever,2024-03-15,0.887,1.0,0.0,183000.0,0.899,chill,Low,2024.0,3.05
0.21,153.988,0.686,lofi,-16.079,0.117,0.176,"Ghostnaut, Lunath",4.0,0.0428,49,Satin Soul,Chill Lofi Study Beats,Satin Soul,2024-08-30,0.927,1.0,10.0,154000.0,0.912,chill,Low,2024.0,2.566666666666667
0.466,168.063,0.638,lofi,-10.637,0.097,0.312,The Fly Guy Five,4.0,0.0739,49,Con Bajo Fidelidad,Chill Lofi Study Beats,Con Bajo Fidelidad,2023-10-13,0.909,0.0,5.0,130978.0,0.828,chill,Low,2023.0,2.1829666666666667
0.354,78.044,0.84,lofi,-10.941,0.0999,0.31,Alana Coello,4.0,0.0545,49,Green Coco,Chill Lofi Study Beats,Green Coco,2023-11-03,0.874,0.0,11.0,173358.0,0.848,chill,Low,2023.0,2.8893
0.138,77.0,0.633,lofi,-17.371,0.106,0.0397,knock on wood,3.0,0.0849,49,catch me,Chill Lofi Study Beats,catch me,2023-10-22,0.946,1.0,10.0,151958.0,0.958,chill,Low,2023.0,2.5326333333333335
0.372,79.992,0.574,lofi,-15.483,0.0951,0.26,H I K E,4.0,0.206,49,yo!,Chill Lofi Study Beats,yo!,2023-09-18,0.9,1.0,10.0,120169.0,0.792,chill,Low,2023.0,2.0028166666666665
0.274,129.921,0.75,lofi,-10.486,0.118,0.376,Cyan_95,4.0,0.0379,49,neutron,Chill Lofi Study Beats,neutron,2023-10-27,0.903,1.0,0.0,127385.0,0.698,chill,Low,2023.0,2.123083333333333
0.329,136.115,0.86,lofi,-13.455,0.122,0.353,nearly monday,4.0,0.0984,49,looking back,Chill Lofi Study Beats,looking back,2024-03-08,0.913,1.0,9.0,130146.0,0.795,chill,Low,2024.0,2.1691
0.27,75.222,0.661,lofi,-12.34,0.108,0.16,Art Vandeley,4.0,0.103,49,All downhill from here,Chill Lofi Study Beats,All downhill from here,2023-12-22,0.897,0.0,9.0,130851.0,0.941,chill,Low,2023.0,2.18085
0.285,77.007,0.753,lofi,-12.869,0.105,0.202,Camden Clown,4.0,0.063,49,con leche,Chill Lofi Study Beats,con leche,2024-01-07,0.927,0.0,1.0,178875.0,0.929,chill,Low,2024.0,2.98125
0.226,140.046,0.623,lofi,-16.244,0.112,0.492,Audio Phill,4.0,0.308,49,The Jam,Chill Lofi Study Beats,The Jam,2024-02-05,0.923,1.0,0.0,99893.0,0.8,chill,Low,2024.0,1.6648833333333333
0.325,69.959,0.578,lofi,-10.521,0.103,0.229,Lime Nyorobon,4.0,0.0295,49,Let's Puddle,Chill Lofi Study Beats,Let's Puddle,2024-01-12,0.93,1.0,5.0,132214.0,0.898,chill,Low,2024.0,2.2035666666666667
0.338,78.015,0.635,lofi,-11.807,0.0931,0.366,"Beats Me, Innit?",4.0,0.0327,49,piece of cake,Chill Lofi Study Beats,piece of cake,2023-11-10,0.927,1.0,9.0,142000.0,0.87,chill,Low,2023.0,2.3666666666666667
0.114,114.063,0.592,lofi,-26.735,0.0848,0.0378,"steezy prime, luv pug",3.0,0.0352,49,luminescence,Chill Lofi Study Beats,luminescence,2024-09-27,0.926,0.0,4.0,151579.0,0.855,chill,Low,2024.0,2.5263166666666668
0.235,56.521,0.466,lofi,-13.283,0.194,0.361,A & C,4.0,0.0828,49,Ayways,Chill Lofi Study Beats,Ayways,2023-10-06,0.868,1.0,7.0,114000.0,0.905,chill,Low,2023.0,1.9
0.244,75.03,0.806,lofi,-10.219,0.148,0.347,bearé,4.0,0.0805,49,morning coffee,Chill Lofi Study Beats,morning coffee,2024-03-08,0.92,1.0,0.0,148600.0,0.671,chill,Low,2024.0,2.4766666666666666
0.351,78.396,0.697,lofi,-13.939,0.17,0.477,Zauvage,4.0,0.286,49,Slowmotion,Chill Lofi Study Beats,Slowmotion,2023-11-24,0.874,1.0,0.0,148316.0,0.95,chill,Low,2023.0,2.4719333333333333
0.274,75.027,0.807,lofi,-12.53,0.0997,0.215,bomull,4.0,0.0656,49,ottos visa,Chill Lofi Study Beats,ottos visa,2023-12-26,0.813,1.0,2.0,173525.0,0.793,chill,Low,2023.0,2.8920833333333333
0.445,90.182,0.836,lofi,-8.829,0.107,0.324,yoranda,4.0,0.345,48,Their Name Is Jazz,Chill Lofi Study Beats,Their Name Is Jazz,2023-09-29,0.459,1.0,5.0,135385.0,0.545,chill,Low,2023.0,2.2564166666666665
0.116,81.653,0.648,lofi,-14.442,0.105,0.488,Grace Belly,4.0,0.108,48,sandwhich beach,Chill Lofi Study Beats,sandwhich beach,2023-11-03,0.895,0.0,11.0,120588.0,0.969,chill,Low,2023.0,2.0098
0.234,73.943,0.622,lofi,-15.541,0.12,0.175,Moon Cheese,4.0,0.0393,48,Inner Peace,Chill Lofi Study Beats,Inner Peace,2023-09-10,0.912,1.0,10.0,232385.0,0.856,chill,Low,2023.0,3.873083333333333
0.291,89.993,0.827,lofi,-14.533,0.133,0.171,Lunar Lullaby & yorukaze,3.0,0.0494,48,horizon,Chill Lofi Study Beats,horizon,2023-10-22,0.869,1.0,11.0,96000.0,0.604,chill,Low,2023.0,1.6
0.41,123.964,0.686,lofi,-13.681,0.122,0.322,Phresh Milk,4.0,0.0695,48,no way but up,Chill Lofi Study Beats,no way but up,2024-02-04,0.852,1.0,11.0,106495.0,0.843,chill,Low,2024.0,1.7749166666666667
0.133,138.056,0.706,lofi,-16.205,0.0865,0.491,myndstream,4.0,0.0527,48,My Promise,Chill Lofi Study Beats,My Promise,2023-12-26,0.852,1.0,6.0,241739.0,0.877,chill,Low,2023.0,4.028983333333334
0.204,62.944,0.671,lofi,-16.153,0.122,0.358,Breakfast For Brunch,4.0,0.0379,48,Avocades,Chill Lofi Study Beats,Avocades,2024-01-19,0.931,1.0,0.0,131158.0,0.919,chill,Low,2024.0,2.185966666666667
0.466,70.087,0.768,lofi,-9.748,0.222,0.454,chill.farm,4.0,0.233,48,Lost Without You,Chill Lofi Study Beats,Lost Without You,2023-11-10,0.933,0.0,7.0,158375.0,0.95,chill,Low,2023.0,2.6395833333333334
0.294,69.94,0.599,lofi,-11.432,0.113,0.198,Juliette,4.0,0.0316,48,Memories & Notes,Chill Lofi Study Beats,Memories & Notes,2022-10-14,0.93,1.0,0.0,113357.0,0.926,chill,Low,2022.0,1.8892833333333334
0.235,147.0,0.569,lofi,-19.628,0.129,0.0888,"Sleepermane, Dontcry",4.0,0.0344,48,Watching Walls,Chill Lofi Study Beats,Watching Walls,2024-08-30,0.904,1.0,11.0,131433.0,0.724,chill,Low,2024.0,2.19055
0.259,80.045,0.678,lofi,-12.351,0.117,0.186,okayokay,4.0,0.0401,48,benice,Chill Lofi Study Beats,benice,2024-06-28,0.838,1.0,10.0,142037.0,0.288,chill,Low,2024.0,2.3672833333333334
0.0401,131.903,0.746,lofi,-24.322,0.122,0.316,Rustique Beats,4.0,0.0395,48,favour the brave,Chill Lofi Study Beats,favour the brave,2023-12-03,0.929,1.0,8.0,134542.0,0.977,chill,Low,2023.0,2.242366666666667
0.182,70.043,0.589,lofi,-14.852,0.124,0.452,Worn Tape,4.0,0.0347,48,Ham On Rye,Chill Lofi Study Beats,Ham On Rye,2023-02-05,0.789,1.0,0.0,124071.0,0.173,chill,Low,2023.0,2.06785
0.283,160.206,0.647,lofi,-13.397,0.111,0.288,Stekt,4.0,0.0495,48,Everything I Need,Chill Lofi Study Beats,Everything I Need,2024-08-23,0.879,1.0,7.0,154500.0,0.623,chill,Low,2024.0,2.575
0.267,148.117,0.574,lofi,-19.343,0.0801,0.17,eze east,4.0,0.0712,48,Through The Garden,Chill Lofi Study Beats,Through The Garden,2023-12-03,0.931,1.0,4.0,126487.0,0.983,chill,Low,2023.0,2.1081166666666666
0.15,145.704,0.375,lofi,-20.322,0.105,0.143,Fya Playce,4.0,0.0316,48,Wait For Spring,Chill Lofi Study Beats,Wait For Spring,2023-10-01,0.902,1.0,1.0,129973.0,0.98,chill,Low,2023.0,2.1662166666666667
0.115,85.001,0.652,lofi,-14.94,0.102,0.49,"Chill Def, alt.bin.beats",4.0,0.0534,48,Wistful Silhouettes,Chill Lofi Study Beats,Wistful Silhouettes,2023-10-13,0.914,0.0,5.0,136941.0,0.93,chill,Low,2023.0,2.28235
0.265,74.994,0.639,lofi,-12.847,0.0989,0.135,iasilma,4.0,0.0299,48,Through the Portal,Chill Lofi Study Beats,Through the Portal,2022-12-16,0.835,1.0,9.0,115233.0,0.693,chill,Low,2022.0,1.92055
0.197,147.974,0.656,lofi,-19.201,0.697,0.521,Max Hayward,1.0,0.0988,48,big buddha,Chill Lofi Study Beats,big buddha,2023-12-24,0.482,0.0,2.0,148375.0,0.834,chill,Low,2023.0,2.472916666666667
0.172,124.058,0.713,lofi,-16.529,0.119,0.112,Akkoro,4.0,0.0488,48,Our Feelings,Chill Lofi Study Beats,Our Feelings,2024-10-06,0.963,0.0,3.0,140321.0,0.982,chill,Low,2024.0,2.3386833333333334
0.245,130.08,0.908,lofi,-14.348,0.0987,0.519,Perry Goldfish,4.0,0.113,48,Do not forget,Chill Lofi Study Beats,Do not forget,2024-05-24,0.824,0.0,11.0,173538.0,0.177,chill,Low,2024.0,2.8923
0.427,129.996,0.79,lofi,-15.717,0.0978,0.292,W8lss,4.0,0.058,48,Beauty,Chill Lofi Study Beats,Beauty,2023-09-29,0.911,1.0,5.0,111768.0,0.751,chill,Low,2023.0,1.8628
0.0962,139.943,0.798,lofi,-21.004,0.111,0.31,_tag,4.0,0.0671,48,ting,Chill Lofi Study Beats,ting,2022-12-16,0.806,0.0,9.0,138000.0,0.515,chill,Low,2022.0,2.3
0.233,64.993,0.548,lofi,-17.125,0.112,0.338,May-Flowa,4.0,0.0632,48,poolside,Chill Lofi Study Beats,poolside,2023-11-26,0.913,1.0,10.0,118500.0,0.9,chill,Low,2023.0,1.975
0.391,168.572,0.366,lofi,-11.479,0.147,0.487,"Slipp, Nick's chill factory",3.0,0.137,48,blue bird,Chill Lofi Study Beats,blue bird,2023-09-22,0.921,0.0,6.0,134704.0,0.915,chill,Low,2023.0,2.2450666666666668
0.246,79.018,0.717,lofi,-13.742,0.105,0.838,hello low,4.0,0.0759,48,Garden Suitcase,Chill Lofi Study Beats,Garden Suitcase,2024-01-26,0.91,1.0,1.0,151899.0,0.664,chill,Low,2024.0,2.53165
0.301,78.87,0.741,lofi,-11.255,0.101,0.604,Dasunny,4.0,0.0601,48,Autumn Briefs,Chill Lofi Study Beats,Autumn Briefs,2023-12-01,0.907,1.0,11.0,145242.0,0.91,chill,Low,2023.0,2.4207
0.454,80.03,0.824,lofi,-11.809,0.0957,0.49,Lunar Lullaby & yorukaze,4.0,0.0682,48,traffic,Chill Lofi Study Beats,traffic,2023-09-24,0.903,1.0,2.0,99000.0,0.277,chill,Low,2023.0,1.65
0.379,72.996,0.624,lofi,-7.806,0.113,0.336,Nitta' Gritta',4.0,0.0288,48,fastback ride,Chill Lofi Study Beats,fastback ride,2023-11-24,0.842,1.0,5.0,169625.0,0.899,chill,Low,2023.0,2.8270833333333334
0.316,80.148,0.52,lofi,-16.799,0.155,0.377,Attic Dizzt,4.0,0.0331,48,One more for the road,Chill Lofi Study Beats,One more for the road,2023-10-20,0.928,0.0,3.0,149942.0,0.297,chill,Low,2023.0,2.499033333333333
0.298,75.086,0.623,lofi,-14.003,0.112,0.443,Tom Doolie,4.0,0.0616,48,Only Poem,Chill Lofi Study Beats,Preciso,2023-07-21,0.895,1.0,10.0,104209.0,0.857,chill,Low,2023.0,1.7368166666666667
0.434,136.003,0.8,lofi,-13.331,0.103,0.0889,Osian Lewis,4.0,0.0485,48,Tea,Chill Lofi Study Beats,Tea,2024-03-01,0.939,1.0,0.0,130594.0,0.823,chill,Low,2024.0,2.1765666666666665
0.253,74.077,0.733,lofi,-12.311,0.112,0.317,Slow Bounce,4.0,0.036,48,less-than-flattering,Chill Lofi Study Beats,less-than-flattering,2023-10-13,0.928,0.0,11.0,127788.0,0.861,chill,Low,2023.0,2.1298
0.565,135.82,0.802,lofi,-8.553,0.0961,0.252,Meryl Street,4.0,0.0471,48,Mister you forgot your hat,Chill Lofi Study Beats,Mister you forgot your hat,2023-11-03,0.944,1.0,1.0,144035.0,0.473,chill,Low,2023.0,2.4005833333333335
0.457,78.552,0.54,lofi,-10.636,0.119,0.345,cuttingwood,4.0,0.131,48,Laurel Canyon,Chill Lofi Study Beats,Laurel Canyon,2023-01-27,0.626,0.0,2.0,144000.0,0.607,chill,Low,2023.0,2.4
0.253,130.389,0.559,lofi,-15.53,0.103,0.373,Carl Borg,4.0,0.102,47,Hidden Cataract,Chill Lofi Study Beats,Hidden Cataract,2024-06-21,0.857,0.0,1.0,186060.0,0.683,chill,Low,2024.0,3.101
0.331,74.996,0.559,lofi,-12.731,0.105,0.375,LVTA,3.0,0.107,47,until we meet again,Chill Lofi Study Beats,until we meet again,2023-12-01,0.902,1.0,9.0,125975.0,0.64,chill,Low,2023.0,2.0995833333333334
0.302,78.005,0.536,lofi,-13.458,0.116,0.261,"Salvador, Nick's chill factory",4.0,0.0329,47,Peaceful Ghost,Chill Lofi Study Beats,Peaceful Ghost,2023-09-15,0.899,1.0,5.0,141346.0,0.807,chill,Low,2023.0,2.355766666666667
0.687,81.955,0.828,lofi,-9.679,0.111,0.734,Mirá,4.0,0.34,47,fruta verde,Chill Lofi Study Beats,fruta verde,2023-09-29,0.000296,1.0,8.0,111494.0,0.0713,chill,Low,2023.0,1.8582333333333334
0.244,103.307,0.757,lofi,-13.135,0.106,0.6,"Dpsht, tenkousei.",4.0,0.0488,47,saveme.,Chill Lofi Study Beats,saveme.,2024-08-29,0.898,1.0,6.0,111350.0,0.929,chill,Low,2024.0,1.8558333333333332
0.135,80.008,0.751,lofi,-15.65,0.108,0.595,Looper Boy,4.0,0.0516,47,Once Again,Chill Lofi Study Beats,Dad's Typewriter Feels,2024-07-09,0.692,0.0,0.0,168000.0,0.888,chill,Low,2024.0,2.8
0.142,84.931,0.561,lofi,-19.32,0.0967,0.37,Arlos,4.0,0.154,47,Meltdown,Chill Lofi Study Beats,Meltdown,2023-10-09,0.9,1.0,0.0,204875.0,0.869,chill,Low,2023.0,3.4145833333333333
0.13,79.993,0.657,lofi,-13.182,0.0847,0.321,louke's beats,4.0,0.0502,47,The Way To Eden,Chill Lofi Study Beats,The Way To Eden,2023-11-12,0.341,1.0,9.0,106542.0,0.204,chill,Low,2023.0,1.7757
0.177,144.299,0.639,lofi,-18.161,0.0895,0.275,"Bogomolove, Senn",4.0,0.096,47,Dreamscape Jams,Chill Lofi Study Beats,Arboreous,2024-08-23,0.502,1.0,7.0,119167.0,0.918,chill,Low,2024.0,1.9861166666666668
0.466,160.02,0.683,lofi,-10.24,0.158,0.504,Kuma,4.0,0.165,47,Adamant,Chill Lofi Study Beats,Adamant,2024-01-12,0.865,0.0,6.0,135187.0,0.754,chill,Low,2024.0,2.2531166666666667
0.383,80.314,0.328,lofi,-10.595,0.174,0.433,Furry Beats,4.0,0.0588,47,Hokkaido Breeze,Chill Lofi Study Beats,Hokkaido Breeze,2023-10-13,0.935,0.0,5.0,140471.0,0.988,chill,Low,2023.0,2.3411833333333334
0.292,79.239,0.551,lofi,-14.685,0.156,0.647,bdazzled.,4.0,0.0465,47,fantasize,Chill Lofi Study Beats,fantasize,2023-03-17,0.859,0.0,5.0,146193.0,0.646,chill,Low,2023.0,2.43655
0.395,80.028,0.715,lofi,-13.155,0.123,0.204,Somebody's Son,4.0,0.0607,47,Humble Thoughts,Chill Lofi Study Beats,Humble Thoughts,2022-12-16,0.928,1.0,2.0,89250.0,0.851,chill,Low,2022.0,1.4875
0.473,89.945,0.857,lofi,-6.791,0.107,0.84,Vancgroover,4.0,0.233,47,Piano Roll,Chill Lofi Study Beats,Piano Roll,2023-10-31,0.421,0.0,10.0,125333.0,0.631,chill,Low,2023.0,2.0888833333333334
0.207,90.005,0.784,lofi,-11.038,0.245,0.373,NogEgg,4.0,0.37,47,Walk in the Park,Chill Lofi Study Beats,Walk in the Park,2023-09-29,0.007,1.0,1.0,128000.0,0.0222,chill,Low,2023.0,2.1333333333333333
0.405,118.245,0.686,country,-9.472,0.105,0.672,George Claymon,4.0,0.0389,25,Country Music Oldies: Best Old Country Songs & Golden Classic Country Hits 60'S 70'S 80'S,Classic Country,King of the Road,2022-04-20,0.0,1.0,11.0,141119.0,0.611,classic,Low,2022.0,2.3519833333333335
0.518,104.565,0.661,country,-8.004,0.431,0.676,Johnny Cash,4.0,0.0269,58,The Essential Johnny Cash,Classic Country,Ring of Fire,2002-02-12,0.000158,1.0,7.0,155707.0,0.267,classic,Low,2002.0,2.5951166666666667
0.421,73.645,0.62,country,-9.987,0.199,0.378,Jason Morrigan,4.0,0.0257,39,Best Country Love Songs: Old Country Music from the 60'S 70'S 80'S 90'S,Classic Country,Always on My Mind,2022-06-20,4.64e-06,1.0,2.0,200424.0,0.712,classic,Low,2022.0,3.3404
0.404,70.986,0.537,country,-11.153,0.281,0.346,Jess Sharon,4.0,0.0272,35,Country Music Classics & Old Songs,Classic Country,Crazy,2016-06-20,0.000233,1.0,10.0,158028.0,0.534,classic,Low,2016.0,2.6338
0.445,81.953,0.455,country,-6.996,0.116,0.664,John Denver,4.0,0.0264,33,Pure... Country,Classic Country,"Take Me Home, Country Roads (Original Version) [Remastered]",2010-12-13,0.0,1.0,9.0,189840.0,0.663,classic,Low,2010.0,3.164
0.68,90.607,0.701,country,-8.492,0.159,0.704,Randy Travis,4.0,0.0264,54,Top 10,Classic Country,"Forever and Ever, Amen",2010-09-24,1.51e-05,1.0,2.0,212587.0,0.303,classic,Low,2010.0,3.5431166666666667
0.688,165.002,0.601,country,-7.871,0.11,0.785,Monica Lopez,4.0,0.0707,34,Everything About the Silence,Classic Country,Lay Down Sally,2014-06-20,0.00103,1.0,2.0,217192.0,0.474,classic,Low,2014.0,3.619866666666667
0.336,105.479,0.552,country,-10.712,0.324,0.553,Hank Locklin,4.0,0.0311,44,RCA Country Legends,Classic Country,"Please Help Me, I'm Falling",2003-03-03,0.0,1.0,7.0,141467.0,0.828,classic,Low,2003.0,2.3577833333333333
0.717,91.068,0.702,soul,-5.165,0.111,0.491,Mary J. Blige,4.0,0.0889,39,Gratitude,Soul Coffee,Can’t Wait For You,2024-11-15,1.88e-05,1.0,0.0,211120.0,0.0607,classic,Low,2024.0,3.518666666666667
0.538,115.011,0.579,soul,-6.942,0.0876,0.369,"Byron Juane, Kenyon Dixon",4.0,0.131,32,Timeless,Soul Coffee,Timeless,2024-03-29,0.0,1.0,7.0,205033.0,0.582,classic,Low,2024.0,3.4172166666666666
0.142,69.827,0.367,soul,-12.717,0.107,0.1,Snoh Aalegra,4.0,0.0319,66,Spotify Singles,Soul Coffee,DO 4 LOVE,2021-10-29,0.00367,0.0,6.0,189463.0,0.913,classic,Low,2021.0,3.1577166666666665
0.364,123.872,0.365,soul,-11.528,0.104,0.184,Elmiene,3.0,0.046,48,Anyways,Soul Coffee,Anyways,2024-10-21,0.000753,1.0,8.0,176889.0,0.834,classic,Low,2024.0,2.94815
0.462,173.866,0.596,soul,-10.605,0.112,0.655,Cleo Sol,4.0,0.0589,64,Rose in the Dark,Soul Coffee,When I'm in Your Arms,2020-03-27,0.0581,1.0,0.0,335310.0,0.476,classic,Low,2020.0,5.5885
0.462,173.978,0.717,soul,-9.542,0.0673,0.803,Mack Keane,4.0,0.132,39,Heal U / Out My Hair,Soul Coffee,Out My Hair,2024-10-25,0.000155,1.0,5.0,180455.0,0.19,classic,Low,2024.0,3.0075833333333333
0.904,151.926,0.617,soul,-5.371,0.507,0.764,Beyoncé,4.0,0.341,63,COWBOY CARTER,Soul Coffee,YA YA,2024-03-29,0.0,1.0,11.0,274766.0,0.317,classic,Low,2024.0,4.579433333333333
0.782,79.979,0.613,soul,-7.498,0.0992,0.511,Mario,4.0,0.0601,52,Glad You Came,Soul Coffee,Glad You Came,2024-11-08,0.000112,1.0,0.0,145518.0,0.369,classic,Low,2024.0,2.4253
0.619,136.077,0.658,soul,-7.316,0.0951,0.354,"Alex Isley, Masego, Jack Dine",4.0,0.0772,63,Good & Plenty,Soul Coffee,Good & Plenty,2020-07-17,0.0667,0.0,9.0,204706.0,0.788,classic,Low,2020.0,3.411766666666667
0.188,75.085,0.449,soul,-13.996,0.326,0.151,Mac Ayres,4.0,0.0434,46,cloudy,Soul Coffee,somebody new,2024-11-08,3.24e-06,0.0,6.0,266705.0,0.983,classic,Low,2024.0,4.445083333333334
0.176,78.929,0.574,soul,-10.924,0.119,0.497,Cleo Sol,4.0,0.213,63,Heaven,Soul Coffee,Go Baby,2023-09-15,0.437,0.0,8.0,236236.0,0.928,classic,Low,2023.0,3.9372666666666665
0.574,140.592,0.525,soul,-8.071,0.114,0.472,Tiana Major9,4.0,0.171,44,alone,Soul Coffee,alone,2024-11-11,0.000167,0.0,5.0,186259.0,0.146,classic,Low,2024.0,3.1043166666666666
0.184,146.701,0.451,soul,-16.144,0.0978,0.21,Cleo Sol,4.0,0.0397,61,Fear When You Fly,Soul Coffee,Fear When You Fly,2024-11-01,0.0414,0.0,4.0,220104.0,0.554,classic,Low,2024.0,3.6684
0.44,98.615,0.236,soul,-9.163,0.249,0.38,"Pale Jay, Ironsides",3.0,0.0299,59,In Limbo,Soul Coffee,In Limbo,2024-04-02,0.573,1.0,8.0,195600.0,0.767,classic,Low,2024.0,3.26
0.627,139.915,0.701,soul,-7.141,0.211,0.749,Ray Lozano,4.0,0.0864,47,HiYA,Soul Coffee,HiYA,2024-11-07,0.103,0.0,7.0,178064.0,0.453,classic,Low,2024.0,2.9677333333333333
0.662,118.009,0.669,soul,-9.433,0.0942,0.469,"Ezra Collective, Yazmin Lacey",4.0,0.0594,58,God Gave Me Feet For Dancing (feat. Yazmin Lacey),Soul Coffee,God Gave Me Feet For Dancing (feat. Yazmin Lacey),2024-06-18,0.0215,0.0,7.0,239307.0,0.49,classic,Low,2024.0,3.98845
0.233,154.026,0.724,soul,-14.119,0.0919,0.384,Amaria,4.0,0.153,48,Free Fallin',Soul Coffee,Free Fallin',2024-10-11,0.0279,1.0,0.0,137922.0,0.513,classic,Low,2024.0,2.2987
0.447,145.886,0.609,soul,-10.852,0.0907,0.444,Olivia Dean,4.0,0.0317,57,Messy,Soul Coffee,Messy,2023-06-30,0.0453,1.0,9.0,223232.0,0.813,classic,Low,2023.0,3.7205333333333335
0.57,89.726,0.606,soul,-8.876,0.221,0.663,"Leon Thomas, Baby Rose",4.0,0.122,53,MUTT,Soul Coffee,I USED TO (feat. Baby Rose),2024-09-27,4.8e-06,0.0,5.0,208000.0,0.454,classic,Low,2024.0,3.466666666666667
0.481,119.783,0.675,soul,-6.315,0.0964,0.078,"Muni Long, Mariah Carey",4.0,0.0336,56,Made For Me (with Mariah Carey),Soul Coffee,Made For Me (with Mariah Carey),2024-05-21,0.0,0.0,7.0,189000.0,0.141,classic,Low,2024.0,3.15
0.645,83.025,0.65,soul,-7.073,0.0954,0.598,"October London, Boney James",4.0,0.201,45,October Nights,Soul Coffee,All I Want Is You,2024-10-11,8.41e-06,0.0,10.0,199254.0,0.248,classic,Low,2024.0,3.3209
0.489,85.032,0.691,soul,-8.461,0.328,0.662,Beyoncé,4.0,0.0539,56,COWBOY CARTER,Soul Coffee,DESERT EAGLE,2024-03-29,1.61e-06,1.0,0.0,72449.0,0.645,classic,Low,2024.0,1.2074833333333332
0.47,128.047,0.641,soul,-8.889,0.139,0.425,"Victoria Monét, USHER",4.0,0.0376,55,SOS (Sex on Sight) (feat. USHER),Soul Coffee,SOS (Sex on Sight) (feat. USHER),2024-08-27,0.0317,1.0,6.0,265057.0,0.219,classic,Low,2024.0,4.4176166666666665
0.266,92.011,0.797,soul,-13.758,0.0969,0.683,Cleo Sol,4.0,0.0415,59,Mother,Soul Coffee,Promises,2021-08-20,0.0368,1.0,1.0,264827.0,0.289,classic,Low,2021.0,4.413783333333333
0.624,175.94,0.518,soul,-3.469,0.0612,0.705,Allen Stone,4.0,0.317,34,Mystery,Soul Coffee,Sweet Little Rainbows,2024-10-25,1.38e-06,1.0,1.0,223522.0,0.361,classic,Low,2024.0,3.7253666666666665
0.814,107.094,0.688,soul,-4.614,0.274,0.761,Ari Lennox,4.0,0.0452,50,Smoke,Soul Coffee,Smoke,2024-10-18,0.0,1.0,8.0,183193.0,0.0196,classic,Low,2024.0,3.0532166666666667
0.76,87.934,0.582,soul,-6.079,0.605,0.543,Elmiene,4.0,0.126,56,Light Work,Soul Coffee,Light Work,2024-08-19,2.09e-06,0.0,7.0,217304.0,0.218,classic,Low,2024.0,3.6217333333333332
0.693,91.973,0.714,soul,-4.955,0.18,0.586,Mary J. Blige,4.0,0.266,47,You Ain't The Only One,Soul Coffee,You Ain't The Only One,2024-10-18,0.0,0.0,10.0,168107.0,0.0417,classic,Low,2024.0,2.8017833333333333
0.411,90.876,0.836,soul,-9.084,0.0913,0.845,SAULT,4.0,0.0325,55,11,Soul Coffee,Fight for Love,2022-11-11,0.382,0.0,6.0,297717.0,0.42,classic,Low,2022.0,4.96195
0.496,172.008,0.703,soul,-8.948,0.292,0.418,Mario,4.0,0.216,44,Space,Soul Coffee,Space,2024-09-27,6.73e-05,1.0,10.0,228420.0,0.107,classic,Low,2024.0,3.807
0.566,137.521,0.551,soul,-8.303,0.124,0.722,Thee Sacred Souls,4.0,0.0421,47,Waiting on the Right Time,Soul Coffee,Waiting on the Right Time,2024-09-10,2.45e-05,1.0,4.0,219787.0,0.177,classic,Low,2024.0,3.663116666666667
0.381,82.939,0.605,soul,-8.369,0.0844,0.132,"Jordan Rakei, STUTS",4.0,0.115,54,Celebrate,Soul Coffee,Celebrate,2024-11-08,0.0,1.0,0.0,223443.0,0.575,classic,Low,2024.0,3.72405
0.539,76.796,0.537,soul,-6.772,0.293,0.548,Jalen Ngonda,4.0,0.0256,53,Anyone In Love,Soul Coffee,Anyone In Love,2024-09-26,7.45e-05,0.0,4.0,186991.0,0.277,classic,Low,2024.0,3.1165166666666666
0.418,129.959,0.688,soul,-10.023,0.121,0.338,Elmiene,4.0,0.037,54,Crystal Tears,Soul Coffee,Crystal Tears,2024-03-13,0.000873,0.0,5.0,239385.0,0.67,classic,Low,2024.0,3.98975
0.45,132.951,0.595,soul,-9.878,0.14,0.483,Maxwell,4.0,0.04,49,Simply Beautiful,Soul Coffee,Simply Beautiful,2024-08-02,0.0167,0.0,9.0,258000.0,0.75,classic,Low,2024.0,4.3
0.488,64.942,0.626,soul,-7.416,0.0668,0.554,Lucky Daye,4.0,0.0431,54,That's You,Soul Coffee,That's You,2023-11-01,0.0,1.0,2.0,251038.0,0.429,classic,Low,2023.0,4.183966666666667
0.575,189.935,0.441,soul,-6.092,0.208,0.291,"Eric Benét, Tamar Braxton",4.0,0.128,44,Something We Can Make Love To,Soul Coffee,Something We Can Make Love To,2024-06-28,0.0,0.0,4.0,211365.0,0.305,classic,Low,2024.0,3.52275
0.527,142.056,0.619,soul,-10.313,0.0977,0.692,Leon Bridges,4.0,0.0331,54,That's What I Love,Soul Coffee,That's What I Love,2024-09-27,0.008,0.0,7.0,226440.0,0.388,classic,Low,2024.0,3.774
0.622,83.043,0.627,soul,-7.954,0.127,0.656,"Boney James, October London",4.0,0.247,45,All I Want Is You,Soul Coffee,All I Want Is You [Feat. October London],2024-07-19,7.8e-06,0.0,10.0,200520.0,0.474,classic,Low,2024.0,3.342
0.658,85.984,0.719,soul,-7.517,0.139,0.362,"Victoria Monét, Thundercat",4.0,0.103,53,JAGUAR II : Deluxe,Soul Coffee,Don't Sleep (feat. Thundercat),2024-10-04,0.0484,1.0,11.0,228639.0,0.475,classic,Low,2024.0,3.81065
0.626,159.94,0.565,soul,-14.123,0.11,0.833,"NxWorries, Anderson .Paak, Knxwledge",4.0,0.043,49,Why Lawd?,Soul Coffee,MoveOn,2024-06-14,0.536,0.0,11.0,167894.0,0.632,classic,Low,2024.0,2.798233333333333
0.388,80.018,0.752,soul,-8.251,0.1,0.534,Qendresa,3.0,0.0803,53,2 Much,Soul Coffee,2 Much,2024-02-22,0.00988,0.0,5.0,200000.0,0.311,classic,Low,2024.0,3.3333333333333335
0.816,113.053,0.809,afrobeats,-6.056,0.0798,0.788,Wizkid,4.0,0.0509,46,Morayo,African Heat,Bend,2024-11-22,0.00566,1.0,0.0,153027.0,0.0181,african,Low,2024.0,2.55045
0.897,123.138,0.718,afrobeats,-5.701,0.881,0.912,Rema,4.0,0.164,67,HEIS,African Heat,AZAMAN,2024-07-10,0.0,1.0,1.0,148226.0,0.153,african,Low,2024.0,2.4704333333333333
0.672,96.003,0.694,afrobeats,-5.527,0.277,0.804,"Ayra Starr, Seyi Vibez",4.0,0.127,59,Bad Vibes,African Heat,Bad Vibes (feat. Seyi Vibez),2024-05-09,0.0,0.0,1.0,168407.0,0.307,african,Low,2024.0,2.806783333333333
0.512,116.945,0.784,afrobeats,-8.694,0.312,0.842,Burna Boy,4.0,0.0944,63,Higher,African Heat,Higher,2024-06-27,0.000334,1.0,0.0,137631.0,0.0951,african,Low,2024.0,2.29385
0.588,111.006,0.819,afrobeats,-7.52,0.113,0.705,"KiDi, Black Sherif",4.0,0.0455,61,Lomo Lomo,African Heat,Lomo Lomo,2024-07-30,8.47e-05,0.0,6.0,175131.0,0.558,african,Low,2024.0,2.91885
0.841,147.989,0.754,afrobeats,-4.563,0.0903,0.838,Rema,4.0,0.0921,68,HEIS,African Heat,OZEBA,2024-07-10,0.0,1.0,2.0,137684.0,0.136,african,Low,2024.0,2.2947333333333333
0.414,111.99,0.847,afrobeats,-10.959,0.11,0.465,"Juls, Victony",4.0,0.153,51,Peace and Love,African Heat,Saint Tropez,2024-10-25,0.0,0.0,10.0,145789.0,0.243,african,Low,2024.0,2.4298166666666665
0.812,100.049,0.455,afrobeats,-3.455,0.199,0.823,"Darkoo, Rema",4.0,0.211,61,Favourite Girl (with Rema),African Heat,Favourite Girl (with Rema),2024-08-08,0.0,1.0,8.0,184249.0,0.372,african,Low,2024.0,3.0708166666666665
0.765,84.978,0.598,afrobeats,-4.93,0.0225,0.844,Kizz Daniel,4.0,0.323,65,Marhaba X We Must,African Heat,Marhaba,2024-09-25,0.0,0.0,5.0,144189.0,0.275,african,Low,2024.0,2.40315
0.657,100.104,0.887,afrobeats,-5.784,0.106,0.932,Fireboy DML,4.0,0.0908,61,everyday,African Heat,everyday,2024-05-02,0.000363,1.0,9.0,166350.0,0.153,african,Low,2024.0,2.7725
0.592,108.081,0.824,afrobeats,-7.599,0.121,0.754,Olivetheboy,4.0,0.0448,62,Avana (Deluxe),African Heat,Asylum,2024-03-01,0.0617,0.0,0.0,182222.0,0.674,african,Low,2024.0,3.0370333333333335
0.552,112.022,0.813,afrobeats,-12.066,0.0951,0.517,"TitoM, Yuppe, Burna Boy, S.N.E",4.0,0.0426,66,Tshwala Bam (feat. S.N.E),African Heat,Tshwala Bam (feat. S.N.E),2024-05-13,0.00667,0.0,4.0,202560.0,0.0639,african,Low,2024.0,3.376
0.986,175.003,0.494,j-pop,-2.262,0.334,0.421,Ado,4.0,0.243,58,新時代 (ウタ from ONE PIECE FILM RED),Anime Hits,新時代 - ウタ from ONE PIECE FILM RED,2022-06-08,4.41e-06,1.0,7.0,228214.0,0.0505,anime,Low,2022.0,3.8035666666666668
0.886,117.064,0.56,j-pop,-4.588,0.355,0.601,King Gnu,4.0,0.0657,65,THE GREATEST UNKNOWN,Anime Hits,SPECIALZ,2023-11-29,0.0,0.0,6.0,233853.0,0.0593,anime,Low,2023.0,3.89755
0.91,92.591,0.585,j-pop,-3.703,0.19,0.602,Eve,4.0,0.0917,53,廻廻奇譚 / 蒼のワルツ,Anime Hits,廻廻奇譚,2020-12-23,0.0,0.0,5.0,221426.0,0.0138,anime,Low,2020.0,3.6904333333333335
0.918,150.094,0.542,j-pop,-5.074,0.259,0.784,OFFICIAL HIGE DANDISM,4.0,0.0937,57,ミックスナッツ,Anime Hits,ミックスナッツ,2022-04-15,0.0,1.0,6.0,213438.0,0.0101,anime,Low,2022.0,3.5573
0.54,111.955,0.592,j-pop,-11.249,0.0965,0.354,Hikaru Utada,4.0,0.0587,59,One Last Kiss,Anime Hits,One Last Kiss,2021-03-09,0.00187,0.0,8.0,252027.0,0.692,anime,Low,2021.0,4.20045
0.685,152.04,0.477,j-pop,-4.554,0.277,0.308,LiSA,4.0,0.0325,59,炎,Anime Hits,炎,2020-10-12,0.0,1.0,2.0,275000.0,0.105,anime,Low,2020.0,4.583333333333333
0.415,78.025,0.571,j-pop,-6.572,0.187,0.342,"RADWIMPS, Toaka",4.0,0.0305,49,すずめ,Anime Hits,すずめ,2022-09-30,0.0,0.0,2.0,236391.0,0.615,anime,Low,2022.0,3.93985
0.939,190.066,0.37,j-pop,-2.056,0.148,0.463,結束バンド,4.0,0.12,55,青春コンプレックス,Anime Hits,青春コンプレックス,2022-10-09,2.14e-06,0.0,7.0,205133.0,0.00165,anime,Low,2022.0,3.4188833333333335
0.973,137.024,0.734,j-pop,-1.789,0.0718,0.91,"MAISONdes, 花譜, ツミキ",4.0,0.0754,55,トウキョウ・シャンディ・ランデヴ,Anime Hits,トウキョウ・シャンディ・ランデヴ,2022-10-21,0.000548,0.0,6.0,184767.0,0.0435,anime,Low,2022.0,3.07945
0.878,100.267,0.402,j-pop,-4.367,0.173,0.358,SPYAIR,4.0,0.0846,65,オレンジ,Anime Hits,オレンジ,2024-02-14,0.0,1.0,2.0,235200.0,0.000242,anime,Low,2024.0,3.92
0.953,96.047,0.569,j-pop,-2.018,0.071,0.477,Ryokuoushoku Shakai,3.0,0.109,67,花になって - Be a flower,Anime Hits,花になって - Be a flower,2023-10-29,5.78e-06,0.0,10.0,199333.0,0.166,anime,Low,2023.0,3.322216666666667
0.904,121.994,0.648,j-pop,-4.565,0.0629,0.728,"ALI, AKLO",4.0,0.0786,64,LOST IN PARADISE,Anime Hits,LOST IN PARADISE,2020-10-10,2.07e-06,0.0,6.0,327967.0,0.0961,anime,Low,2020.0,5.466116666666666
0.889,139.903,0.61,metal,-5.452,0.0657,0.506,Megadeth,4.0,0.0585,64,Countdown To Extinction (Expanded Edition - Remastered),Death Metal Essentials,Symphony Of Destruction,1992-07-14,0.0865,0.0,4.0,246733.0,0.000794,death,Low,1992.0,4.112216666666667
0.896,90.009,0.649,metal,-2.704,0.102,0.924,Disturbed,4.0,0.056,60,The Sickness (10th Anniversary Edition),Death Metal Essentials,Down with the Sickness,2010-03-22,1.19e-05,0.0,10.0,278707.0,0.000319,death,Low,2010.0,4.645116666666667
0.891,92.049,0.283,metal,-8.165,0.159,0.226,Korn,4.0,0.178,68,Korn,Death Metal Essentials,Blind,1994-10-11,0.0038,1.0,2.0,258267.0,0.00678,death,Low,1994.0,4.30445
0.934,96.038,0.624,metal,-3.229,0.106,0.411,"Ozzy Osbourne, Lemmy, Motörhead",4.0,0.0436,54,Hellraiser (30th Anniversary Edition),Death Metal Essentials,Hellraiser - 30th Anniversary Edition,2021-09-13,2.67e-05,1.0,4.0,295881.0,0.00232,death,Low,2021.0,4.93135
0.985,125.307,0.325,metal,-3.941,0.351,0.221,Megadeth,4.0,0.151,65,Rust In Peace (2004 Remix / Expanded Edition),Death Metal Essentials,Holy Wars...The Punishment Due - 2004 Remix,1990-10-04,0.107,1.0,11.0,392600.0,0.00177,death,Low,1990.0,6.543333333333333
0.874,119.708,0.428,metal,-6.664,0.311,0.261,Sepultura,4.0,0.128,63,Roots,Death Metal Essentials,Roots Bloody Roots,1996-02-20,0.0419,0.0,4.0,212253.0,0.000337,death,Low,1996.0,3.53755
0.987,103.162,0.435,metal,-4.667,0.268,0.1,Judas Priest,4.0,0.16,64,Painkiller,Death Metal Essentials,Painkiller,1990-09-26,0.0879,0.0,1.0,365827.0,0.000195,death,Low,1990.0,6.0971166666666665
0.941,102.198,0.532,metal,-9.025,0.15,0.278,Dream Theater,4.0,0.0465,60,Images and Words,Death Metal Essentials,Pull Me Under,1992-06-30,0.0527,1.0,9.0,493933.0,0.000579,death,Low,1992.0,8.232216666666666
0.996,93.345,0.382,metal,-4.119,0.417,0.327,Slipknot,4.0,0.104,65,Slipknot (10th Anniversary Edition),Death Metal Essentials,Wait and Bleed,2009-09-09,0.0,1.0,7.0,147840.0,0.00208,death,Low,2009.0,2.464
0.98,155.045,0.445,metal,-4.369,0.129,0.285,Arch Enemy,4.0,0.0731,57,War Eternal,Death Metal Essentials,War Eternal,2014-06-10,0.163,0.0,5.0,256053.0,2.45e-05,death,Low,2014.0,4.26755
0.876,164.992,0.46,metal,-5.39,0.151,0.499,Amon Amarth,3.0,0.045,35,Jomsviking,Death Metal Essentials,Raise Your Horns,2016-03-25,0.798,1.0,5.0,263787.0,6.85e-05,death,Low,2016.0,4.39645
0.63,97.972,0.732,hip-hop,-7.896,0.0996,0.47,Dan Whitlam,4.0,0.232,40,19,Hip-Hop Drive,19,2024-11-13,5.52e-05,1.0,0.0,205828.0,0.502,modern,Low,2024.0,3.4304666666666668
0.869,169.972,0.33,hip-hop,-9.003,0.138,0.457,"Ki!, Al Agami",4.0,0.325,15,Non Stop Action,Hip-Hop Drive,Non Stop Action,2024-11-08,0.000557,0.0,11.0,321881.0,0.0831,modern,Low,2024.0,5.364683333333334
0.789,92.998,0.743,hip-hop,-7.14,0.314,0.663,"Alias Molombo, Skee",4.0,0.27,29,Keep It Alive,Hip-Hop Drive,Keep It Alive,2024-11-08,0.0,1.0,7.0,145016.0,0.123,modern,Low,2024.0,2.416933333333333
0.8,108.013,0.786,hip-hop,-4.603,0.117,0.734,STRIPE,4.0,0.0971,18,LAST NIGHT WAS LOVELY,Hip-Hop Drive,LAST NIGHT WAS LOVELY,2024-11-14,0.00023,1.0,6.0,148889.0,0.456,modern,Low,2024.0,2.4814833333333333
0.671,84.902,0.667,hip-hop,-8.867,0.113,0.463,Aastn,4.0,0.279,19,Words of Wisdom,Hip-Hop Drive,Words of Wisdom,2024-11-01,0.0,0.0,10.0,214588.0,0.358,modern,Low,2024.0,3.5764666666666667
0.675,179.97,0.665,hip-hop,-10.243,0.331,0.517,Earl Hondo,4.0,0.1,14,breathe,Hip-Hop Drive,breathe,2024-11-13,0.0,0.0,6.0,174667.0,0.262,modern,Low,2024.0,2.9111166666666666
0.649,105.969,0.861,hip-hop,-3.713,0.0989,0.673,Jomega,4.0,0.0988,11,2 BOLD,Hip-Hop Drive,2 BOLD,2024-11-01,0.00013,1.0,8.0,128000.0,0.0867,modern,Low,2024.0,2.1333333333333333
0.71,94.044,0.816,hip-hop,-5.303,0.059,0.614,"MC Random, Mista Ed",4.0,0.154,22,Random Summer 8: B.A.R.S.,Hip-Hop Drive,Worldwide,2024-10-04,0.000132,0.0,1.0,209362.0,0.0257,modern,Low,2024.0,3.4893666666666667
0.669,128.034,0.941,hip-hop,-8.756,0.0959,0.589,Killloane,4.0,0.366,23,GOSSIP,Hip-Hop Drive,GOSSIP,2024-11-01,2e-05,0.0,4.0,75034.0,0.0399,modern,Low,2024.0,1.2505666666666666
0.367,140.04,0.921,hip-hop,-8.324,0.0902,0.512,Humble Francis,4.0,0.184,20,Talk Show,Hip-Hop Drive,Talk Show,2024-11-08,0.676,1.0,1.0,196679.0,0.0907,modern,Low,2024.0,3.2779833333333332
0.71,85.931,0.611,hip-hop,-7.933,0.123,0.552,The ART MuZeum,4.0,0.369,13,Hoopty,Hip-Hop Drive,Hoopty,2024-06-18,0.0,1.0,7.0,175059.0,0.457,modern,Low,2024.0,2.91765
0.663,129.987,0.927,hip-hop,-7.546,0.0674,0.621,Inventor Ace,4.0,0.278,30,Caesar,Hip-Hop Drive,Caesar,2024-10-11,0.000335,1.0,2.0,132984.0,0.0253,modern,Low,2024.0,2.2164
0.65,139.938,0.862,hip-hop,-8.732,0.0932,0.95,Voodoo Benji,4.0,0.341,12,Voodoo Nights,Hip-Hop Drive,Back in 09,2024-11-07,0.0,0.0,11.0,180913.0,0.602,modern,Low,2024.0,3.015216666666667
0.721,173.048,0.468,hip-hop,-7.155,0.304,0.811,ROC,4.0,0.41,19,Don't You Cry,Hip-Hop Drive,Don't You Cry,2024-11-08,0.0,0.0,4.0,158375.0,0.35,modern,Low,2024.0,2.6395833333333334
0.743,149.917,0.591,hip-hop,-6.769,0.242,0.603,Malone the Chemist,4.0,0.305,14,THE LETTER EYE,Hip-Hop Drive,NEW CHOP,2024-11-08,3.15e-06,0.0,7.0,208000.0,0.0231,modern,Low,2024.0,3.466666666666667
0.595,94.006,0.815,hip-hop,-8.061,0.0735,0.566,Pink Jagg,4.0,0.175,17,BIG DEAL,Hip-Hop Drive,BIG DEAL,2024-08-30,0.064,0.0,9.0,177929.0,0.438,modern,Low,2024.0,2.9654833333333332
0.639,102.342,0.563,hip-hop,-9.439,0.0874,0.528,G DUBS,5.0,0.356,18,"Wifey, Shordy, Bae",Hip-Hop Drive,"Wifey, Shordy, Bae",2024-11-07,0.0,1.0,0.0,152242.0,0.0814,modern,Low,2024.0,2.5373666666666668
0.618,120.063,0.81,reggae,-10.581,0.0296,0.804,Jimmy Cliff,4.0,0.0382,58,Definitive Collection,Reggae Classics,I Can See Clearly Now,1995-08-10,0.000254,1.0,7.0,194723.0,0.0139,classic,Low,1995.0,3.2453833333333333
0.663,170.743,0.586,reggae,-6.547,0.198,0.693,Barrington Levy,4.0,0.0825,56,Reggae Anthology: Sweet Reggae Music (1979-84),Reggae Classics,Here I Come,2012-12-14,0.0,0.0,4.0,217200.0,0.161,classic,Low,2012.0,3.62
0.553,99.022,0.881,reggae,-7.376,0.0639,0.835,Ziggy Marley,4.0,0.0487,51,Reggae Classics,Reggae Classics,True To Myself,2007-12-28,0.0,1.0,1.0,225093.0,0.075,classic,Low,2007.0,3.75155
0.478,78.746,0.837,reggae,-5.861,0.0569,0.81,Pepper,4.0,0.0627,58,Kona Town,Reggae Classics,Stone Love,2002-03-26,0.00129,0.0,6.0,254800.0,0.0571,classic,Low,2002.0,4.246666666666667
0.439,157.436,0.771,reggae,-5.835,0.13,0.892,Prince Buster,4.0,0.1,51,"Ska and Rocksteady Collection, Vol. 1",Reggae Classics,All My Loving,2016-04-01,0.000452,0.0,0.0,110088.0,0.974,classic,Low,2016.0,1.8348
0.54,84.115,0.773,hip-hop,-7.123,0.131,0.322,2Pac,4.0,0.103,68,Me Against The World,90s Hip-Hop,Dear Mama,1995-03-14,0.0,1.0,6.0,280000.0,0.371,90s,Low,1995.0,4.666666666666667
0.703,94.828,0.813,hip-hop,-5.077,0.237,0.241,Mobb Deep,4.0,0.268,68,The Infamous,90s Hip-Hop,Survival of the Fittest,1995-04-25,1.26e-06,0.0,11.0,224533.0,0.125,90s,Low,1995.0,3.7422166666666667
0.666,96.662,0.848,hip-hop,-6.547,0.129,0.744,A Tribe Called Quest,4.0,0.274,68,People's Instinctive Travels and the Paths of Rhythm (25th Anniversary Edition),90s Hip-Hop,Can I Kick It?,1990-04-17,0.000699,1.0,0.0,251573.0,0.173,90s,Low,1990.0,4.1928833333333335
0.564,93.908,0.879,hip-hop,-7.682,0.0519,0.523,"Nas, Ms. Lauryn Hill",4.0,0.247,67,It Was Written,90s Hip-Hop,If I Ruled the World (Imagine That) (feat. Lauryn Hill),1996-07-02,9.43e-06,0.0,10.0,282373.0,0.0474,90s,Low,1996.0,4.706216666666666
0.672,206.247,0.59,hip-hop,-11.792,0.147,0.688,Souls Of Mischief,4.0,0.412,67,93 'til Infinity,90s Hip-Hop,93 'Til Infinity,1993-02-13,1.04e-06,1.0,1.0,286440.0,0.125,90s,Low,1993.0,4.774
0.589,90.438,0.782,hip-hop,-4.827,0.164,0.869,Mos Def,4.0,0.189,67,Black On Both Sides,90s Hip-Hop,Ms. Fat Booty,1999-10-12,0.0,1.0,1.0,223547.0,0.148,90s,Low,1999.0,3.7257833333333332
0.864,105.932,0.734,hip-hop,-6.119,0.246,0.47,Beastie Boys,4.0,0.303,66,Hello Nasty (Deluxe Edition/Remastered),90s Hip-Hop,Intergalactic - Remastered 2009,1998-07-14,9.85e-06,1.0,2.0,231493.0,0.022,90s,Low,1998.0,3.858216666666667
0.737,90.519,0.671,hip-hop,-5.131,0.0596,0.197,Dr. Dre,4.0,0.108,66,Keep Their Heads Ringin',90s Hip-Hop,Keep Their Heads Ringin',1995-03-07,0.00344,1.0,0.0,310227.0,0.0338,90s,Low,1995.0,5.17045
0.814,138.083,0.88,hip-hop,-6.307,0.0584,0.942,"JAY-Z, UGK",4.0,0.14,66,Vol. 3... Life And Times Of S. Carter,90s Hip-Hop,Big Pimpin',1999-12-28,0.00672,0.0,11.0,283067.0,0.168,90s,Low,1999.0,4.717783333333333
0.732,172.329,0.598,hip-hop,-7.013,0.508,0.595,2Pac,4.0,0.425,68,Strictly 4 My N.I.G.G.A.Z...,90s Hip-Hop,Keep Ya Head Up,1993-02-16,0.0,1.0,4.0,262507.0,0.144,90s,Low,1993.0,4.375116666666667
0.745,101.972,0.749,hip-hop,-10.625,0.333,0.481,Kris Kross,4.0,0.164,65,Totally Krossed Out,90s Hip-Hop,Jump,1992-03-17,0.00403,1.0,2.0,195107.0,0.000501,90s,Low,1992.0,3.2517833333333335
0.534,98.243,0.866,hip-hop,-9.201,0.0929,0.841,A Tribe Called Quest,4.0,0.229,65,The Anthology,90s Hip-Hop,Electric Relaxation,1999-10-26,0.266,1.0,11.0,226133.0,0.184,90s,Low,1999.0,3.768883333333333
0.509,144.29,0.679,hip-hop,-7.31,0.438,0.534,Bone Thugs-N-Harmony,4.0,0.0617,65,E. 1999 Eternal,90s Hip-Hop,Tha Crossroads,1995-07-25,0.0,1.0,4.0,223547.0,0.0856,90s,Low,1995.0,3.7257833333333332
0.745,95.203,0.875,hip-hop,-5.878,0.287,0.75,Gang Starr,4.0,0.269,64,Full Clip: A Decade Of Gang Starr,90s Hip-Hop,Full Clip,1999-07-13,2.4e-06,1.0,1.0,217440.0,0.0227,90s,Low,1999.0,3.624
0.682,91.771,0.831,hip-hop,-5.697,0.494,0.6,The Notorious B.I.G.,4.0,0.238,64,Ready to Die (The Remaster),90s Hip-Hop,Who Shot Ya? - 2005 Remaster,1994-09-13,0.0,1.0,7.0,319360.0,0.256,90s,Low,1994.0,5.322666666666667
0.443,92.035,0.804,hip-hop,-10.268,0.112,0.58,"Warren G, O.G.L.B.",4.0,0.134,64,Regulate… G Funk Era,90s Hip-Hop,This D.J.,1994-06-07,0.0225,0.0,6.0,203027.0,0.0312,90s,Low,1994.0,3.383783333333333
0.763,94.981,0.634,hip-hop,-7.216,0.237,0.519,"Big Pun, Fat Joe",4.0,0.323,64,Capital Punishment,90s Hip-Hop,Twinz (feat. Fat Joe),1998-04-28,3.4e-06,1.0,0.0,228173.0,0.32,90s,Low,1998.0,3.8028833333333334
0.509,102.007,0.822,hip-hop,-12.31,0.771,0.823,Wu-Tang Clan,4.0,0.415,64,Enter The Wu-Tang (36 Chambers) [Expanded Edition],90s Hip-Hop,Protect Ya Neck,1993-11-09,7.26e-06,0.0,8.0,291267.0,0.0353,90s,Low,1993.0,4.85445
0.416,96.188,0.846,hip-hop,-13.767,0.238,0.645,"2Pac, Digital Underground",4.0,0.118,66,Strictly 4 My N.I.G.G.A.Z...,90s Hip-Hop,I Get Around,1993-02-16,9.34e-06,0.0,10.0,259000.0,0.156,90s,Low,1993.0,4.316666666666666
0.679,76.993,0.884,hip-hop,-5.857,0.0289,0.591,JAY-Z,4.0,0.282,64,Vol.2... Hard Knock Life,90s Hip-Hop,Hard Knock Life (Ghetto Anthem),1998-11-29,0.00209,0.0,10.0,238467.0,0.0957,90s,Low,1998.0,3.97445
0.845,94.0,0.634,hip-hop,-5.058,0.0598,0.929,Nas,4.0,0.352,64,I Am...,90s Hip-Hop,Nas Is Like,1999-04-06,5.29e-06,0.0,11.0,237027.0,0.00602,90s,Low,1999.0,3.95045
0.609,98.125,0.652,rock,-9.684,0.0573,0.646,Survivor,4.0,0.028,65,Survivor Greatest Hits,80s Rock Anthems,"Burning Heart - From ""Rocky IV"" Soundtrack",1993-01-01,8.79e-06,0.0,9.0,230107.0,0.298,80s,Low,1993.0,3.8351166666666665
0.501,97.419,0.619,hip-hop,-8.228,0.113,0.623,"Jul, DYSTINCT",3.0,0.174,66,Décennie,French Rap Classics,Oh qu'elle est belle,2024-01-19,0.000808,0.0,7.0,220013.0,0.662,french,Low,2024.0,3.6668833333333333
0.668,135.979,0.814,hip-hop,-6.474,0.152,0.716,"PLK, Jul",4.0,0.299,67,Chambre 140 (Part.3),French Rap Classics,Faut pas,2024-02-01,0.0,1.0,11.0,138933.0,0.0248,french,Low,2024.0,2.31555
0.593,72.494,0.738,hip-hop,-8.461,0.11,0.477,Josman,4.0,0.28,62,J.000.$,French Rap Classics,Ailleurs,2023-10-28,0.0,0.0,10.0,165507.0,0.357,french,Low,2023.0,2.75845
0.53,122.949,0.727,hip-hop,-9.169,0.101,0.444,"Green Montana, SDM",4.0,0.309,64,SAUDADE,French Rap Classics,barcelona92,2024-04-04,0.000392,0.0,0.0,172280.0,0.434,french,Low,2024.0,2.8713333333333333
0.722,115.592,0.637,hip-hop,-8.651,0.115,0.39,T-Koor,4.0,0.0995,55,Step,French Rap Classics,Step,2024-08-07,0.0,0.0,6.0,139154.0,0.126,french,Low,2024.0,2.3192333333333335
0.56,139.971,0.888,hip-hop,-7.0,0.114,0.859,Jul,4.0,0.0449,44,La route est longue,French Rap Classics,Sensations,2023-12-08,2.24e-06,0.0,8.0,261320.0,0.475,french,Low,2023.0,4.355333333333333
0.668,147.078,0.605,hip-hop,-7.03,0.165,0.567,"Gazo, Tiakola",4.0,0.0817,60,LA MELO EST GANGX,French Rap Classics,NOTRE DAME,2023-12-01,0.0,0.0,10.0,216387.0,0.203,french,Low,2023.0,3.60645
0.678,145.9,0.735,hip-hop,-5.395,0.0936,0.708,"Gazo, Tiakola",4.0,0.0959,64,LA MELO EST GANGX,French Rap Classics,CARTIER,2023-12-01,3.97e-05,1.0,6.0,229093.0,0.575,french,Low,2023.0,3.818216666666667
0.661,122.058,0.776,hip-hop,-5.663,0.143,0.963,"GIMS, Lossa",4.0,0.0534,58,Les dernières volontés de Mozart (Symphony),French Rap Classics,LOCO,2024-01-25,6.7e-06,0.0,6.0,161354.0,0.481,french,Low,2024.0,2.689233333333333
0.408,102.029,0.777,hip-hop,-10.604,0.105,0.346,RST,4.0,0.0601,45,777,French Rap Classics,777,2024-09-13,0.0113,1.0,1.0,171000.0,0.0527,french,Low,2024.0,2.85
0.404,106.933,0.92,hip-hop,-7.815,0.0869,0.523,Key Largo,4.0,0.468,37,July Key,French Rap Classics,Merco Benz,2020-07-09,7.84e-06,0.0,2.0,143551.0,0.232,french,Low,2020.0,2.392516666666667
0.693,87.973,0.702,hip-hop,-4.941,0.0702,0.572,"Gazo, Tiakola",4.0,0.191,68,LA MELO EST GANGX,French Rap Classics,MAMI WATA,2023-12-01,0.0,0.0,5.0,233240.0,0.139,french,Low,2023.0,3.8873333333333333
0.723,182.912,0.579,hip-hop,-5.598,0.0829,0.623,"Zola, Koba LaD",3.0,0.278,45,Aller sans retour,French Rap Classics,Aller sans retour,2023-12-08,1.67e-05,1.0,6.0,176147.0,0.263,french,Low,2023.0,2.935783333333333
0.73,133.021,0.781,hip-hop,-6.663,0.133,0.581,"Jul, SDM",4.0,0.144,51,J'fais plaisir à la zone,French Rap Classics,J'fais plaisir à la zone,2023-12-07,0.0,0.0,11.0,183107.0,0.0186,french,Low,2023.0,3.0517833333333333
0.791,118.652,0.804,hip-hop,-3.398,0.113,0.422,Guy2Bezbar,4.0,0.0804,49,AMBITION,French Rap Classics,ON DÉGAINE,2023-11-17,0.0,1.0,1.0,117347.0,0.214,french,Low,2023.0,1.9557833333333334
0.564,102.009,0.807,hip-hop,-8.764,0.126,0.595,"Le U, Akim Beats",4.0,0.11,27,Amer,French Rap Classics,Amer,2024-07-25,0.0,0.0,0.0,141600.0,0.133,french,Low,2024.0,2.36
0.531,122.03,0.924,hip-hop,-5.954,0.114,0.532,"Key Largo, LEDG",4.0,0.453,38,Chaque matin,French Rap Classics,Chaque matin,2018-01-24,0.0,1.0,3.0,251786.0,0.142,french,Low,2018.0,4.196433333333333
0.5,147.065,0.638,hip-hop,-10.852,0.159,0.336,La Fève,4.0,0.102,41,LOYAL,French Rap Classics,LOYAL,2023-11-23,2.16e-06,1.0,0.0,228193.0,0.478,french,Low,2023.0,3.8032166666666667
0.572,75.903,0.578,hip-hop,-10.928,0.108,0.328,AMO,4.0,0.103,25,intensément,French Rap Classics,intensément,2024-10-04,6.91e-05,0.0,5.0,135738.0,0.329,french,Low,2024.0,2.2623
0.584,143.951,0.795,hip-hop,-6.726,0.0801,0.686,Josman,4.0,0.316,51,J.000.$,French Rap Classics,Les Flammes,2023-10-28,0.0,0.0,2.0,193333.0,0.239,french,Low,2023.0,3.2222166666666667
0.676,129.914,0.772,hip-hop,-7.145,0.175,0.459,"Guy2Bezbar, JEY BROWNIE, Josman",4.0,0.146,45,AMBITION,French Rap Classics,HELLO (feat. JEY BROWNIE & Josman),2023-11-17,2.11e-06,0.0,8.0,186733.0,0.258,french,Low,2023.0,3.112216666666667
0.7,94.054,0.871,hip-hop,-5.93,0.102,0.543,Favé,4.0,0.206,60,IL LE FALLAIT,French Rap Classics,VIBES,2023-10-13,4.21e-05,1.0,2.0,134440.0,0.079,french,Low,2023.0,2.240666666666667
0.747,98.229,0.534,hip-hop,-6.412,0.21,0.523,"Werenoi, SCH",3.0,0.315,46,Telegram 2,French Rap Classics,Magot,2023-09-21,0.0,0.0,1.0,196089.0,0.231,french,Low,2023.0,3.26815
0.817,117.88,0.509,hip-hop,-6.211,0.339,0.139,"Un jour de paix, PNL",4.0,0.058,51,Gaza,French Rap Classics,Gaza,2023-12-09,0.233,1.0,5.0,273279.0,0.363,french,Low,2023.0,4.55465
0.602,159.971,0.709,k-pop,-5.054,0.312,0.844,aespa,4.0,0.273,62,Hot Mess,K-Pop Daebak,Hot Mess,2024-07-03,6.3e-05,1.0,7.0,194173.0,0.12,modern,Low,2024.0,3.2362166666666665
0.759,117.005,0.811,k-pop,-4.24,0.145,0.83,RIIZE,4.0,0.0535,63,RIIZING - The 1st Mini Album,K-Pop Daebak,Boom Boom Bass,2024-06-17,9.24e-06,0.0,5.0,152890.0,0.0197,modern,Low,2024.0,2.5481666666666665
0.568,105.964,0.72,k-pop,-4.483,0.164,0.634,Red Velvet,4.0,0.051,61,Cosmic,K-Pop Daebak,Cosmic,2024-06-24,0.0,1.0,1.0,225865.0,0.0323,modern,Low,2024.0,3.7644166666666665
0.879,105.036,0.546,k-pop,-4.583,0.166,0.6,WayV,4.0,0.348,50,Give Me That - The 5th Mini Album,K-Pop Daebak,Give Me That - Korean Version,2024-06-03,0.0,0.0,2.0,176343.0,0.0296,modern,Low,2024.0,2.93905
0.831,120.007,0.765,k-pop,-5.1,0.324,0.778,TREASURE,4.0,0.0476,54,KING KONG,K-Pop Daebak,KING KONG,2024-05-28,0.0,0.0,5.0,196221.0,0.024,modern,Low,2024.0,3.27035
0.828,104.978,0.807,k-pop,-2.928,0.143,0.672,RIIZE,4.0,0.0628,49,RIIZING - The 1st Mini Album,K-Pop Daebak,Siren,2024-06-17,7.91e-06,1.0,1.0,147962.0,0.00101,modern,Low,2024.0,2.4660333333333333
0.693,150.85,0.573,latin,-6.22,0.196,0.837,Yung Caza,5.0,0.321,25,NANA,Chill Spanish Vibes,NANA,2024-11-08,0.00424,1.0,6.0,172296.0,0.609,chill,Low,2024.0,2.8716
0.635,119.037,0.801,latin,-5.716,0.088,0.286,Auggie Velarde,4.0,0.0359,20,felices los 3,Chill Spanish Vibes,felices los 3,2024-10-08,0.000489,1.0,7.0,153277.0,0.282,chill,Low,2024.0,2.5546166666666665
0.268,179.277,0.458,latin,-7.547,0.105,0.335,caoba,4.0,0.0386,18,No es Cierto (Versión Acústica),Chill Spanish Vibes,No es Cierto - Versión Acústica,2024-07-05,0.0,1.0,2.0,146667.0,0.806,chill,Low,2024.0,2.44445
0.41,144.206,0.698,latin,-11.064,0.11,0.189,"Sunny Laurent, 93bustdown, Scottie",4.0,0.24,22,Loto,Chill Spanish Vibes,Loto,2024-04-04,0.0,1.0,2.0,160000.0,0.0222,chill,Low,2024.0,2.6666666666666665
0.538,87.166,0.452,latin,-12.384,0.118,0.318,Afroboy,5.0,0.251,12,¿Puedo parar un instante?,Chill Spanish Vibes,¿Puedo parar un instante?,2023-12-01,0.0105,0.0,5.0,104889.0,0.362,chill,Low,2023.0,1.74815
0.338,121.957,0.656,latin,-14.456,0.583,0.49,Chill Vif,4.0,0.358,13,NO HAGO MUSIC PA PEGARME,Chill Spanish Vibes,NO HAGO MUSIC PA PEGARME,2023-06-02,0.0,0.0,2.0,129836.0,0.571,chill,Low,2023.0,2.1639333333333335
0.59,82.983,0.713,latin,-6.314,0.191,0.494,RAFIK,4.0,0.0823,39,Gracias por Todo,Chill Spanish Vibes,Gracias por Todo,2024-08-16,5.47e-05,0.0,1.0,155744.0,0.604,chill,Low,2024.0,2.5957333333333334
0.501,135.204,0.683,latin,-8.294,0.184,0.234,Cupido,4.0,0.051,35,Préstame Un Sentimiento,Chill Spanish Vibes,5 Senti 2,2019-02-14,6.83e-06,1.0,0.0,172031.0,0.76,chill,Low,2019.0,2.867183333333333
0.571,124.915,0.699,latin,-7.955,0.431,0.38,Cupido,4.0,0.0447,38,Préstame Un Sentimiento,Chill Spanish Vibes,U Know,2019-02-14,0.0,0.0,4.0,196673.0,0.278,chill,Low,2019.0,3.2778833333333335
0.876,122.96,0.784,latin,-5.155,0.125,0.517,Cupido,4.0,0.0329,42,Préstame Un Sentimiento,Chill Spanish Vibes,No Sabes Mentir,2019-02-14,0.0231,0.0,5.0,268096.0,0.032,chill,Low,2019.0,4.468266666666667
0.453,148.139,0.79,latin,-10.816,0.0996,0.591,Cupido,4.0,0.0992,39,Préstame Un Sentimiento,Chill Spanish Vibes,Autoestima,2019-02-14,0.0,0.0,5.0,178391.0,0.785,chill,Low,2019.0,2.9731833333333335
0.786,111.989,0.781,latin,-5.211,0.107,0.759,"Feid, Rema",4.0,0.0885,68,BUBALU,Chill Spanish Vibes,BUBALU,2023-09-22,5.88e-06,0.0,6.0,228253.0,0.115,chill,Low,2023.0,3.8042166666666666
0.528,105.972,0.842,latin,-10.577,0.0481,0.476,"Denilson, WMC",4.0,0.0845,12,Be Honest,Chill Spanish Vibes,Be Honest,2021-06-04,0.00346,1.0,5.0,139000.0,0.157,chill,Low,2021.0,2.316666666666667
0.828,173.876,0.75,latin,-4.453,0.0647,0.91,Gretch'N,4.0,0.101,12,Me Gusta,Chill Spanish Vibes,Me Gusta,2023-11-03,0.0,0.0,10.0,172905.0,0.382,chill,Low,2023.0,2.88175
0.521,97.981,0.872,latin,-7.14,0.0799,0.736,FL,4.0,0.0837,19,High,Chill Spanish Vibes,High,2024-08-23,0.00706,0.0,6.0,121224.0,0.385,chill,Low,2024.0,2.0204
0.782,189.901,0.698,latin,-6.726,0.0686,0.881,Felix Rovitto,4.0,0.278,22,Dame,Chill Spanish Vibes,Dame,2024-04-19,0.00467,0.0,10.0,135354.0,0.194,chill,Low,2024.0,2.2559
0.449,199.905,0.667,latin,-11.041,0.0953,0.386,WMC,4.0,0.22,13,Both Ways,Chill Spanish Vibes,Both Ways,2022-07-15,0.0432,0.0,6.0,167699.0,0.407,chill,Low,2022.0,2.794983333333333
0.546,83.006,0.487,latin,-7.729,0.125,0.446,Pol Granch,4.0,0.209,33,Te Quiodio,Chill Spanish Vibes,Te Quiodio,2019-08-23,0.0,1.0,7.0,151000.0,0.134,chill,Low,2019.0,2.5166666666666666
0.821,175.818,0.772,latin,-4.889,0.0888,0.55,Don Patricio,4.0,0.326,32,22:23,Chill Spanish Vibes,22:23,2019-12-23,0.000231,0.0,6.0,201818.0,0.036,chill,Low,2019.0,3.3636333333333335
0.311,180.05,0.56,latin,-8.508,0.0706,0.452,Sen Senra,4.0,0.038,61,Sensaciones,Chill Spanish Vibes,Ya No Te Hago Falta,2019-11-29,6.02e-05,1.0,9.0,161600.0,0.934,chill,Low,2019.0,2.6933333333333334
0.535,139.871,0.76,latin,-8.255,0.0904,0.501,"Lucía Fernanda, Rocco S",4.0,0.043,28,Por Ti,Chill Spanish Vibes,Por Ti,2020-03-27,1.02e-05,1.0,0.0,162192.0,0.65,chill,Low,2020.0,2.7032
0.272,126.83,0.597,latin,-12.422,0.153,0.341,DORA,4.0,0.112,32,Ojos de Serpiente,Chill Spanish Vibes,Ojos de Serpiente,2020-03-06,0.0,0.0,2.0,171146.0,0.707,chill,Low,2020.0,2.8524333333333334
0.415,169.999,0.836,latin,-6.559,0.123,0.131,Choclock,4.0,0.424,26,Bruno,Chill Spanish Vibes,Dolores,2019-11-29,0.000523,1.0,7.0,210428.0,0.0575,chill,Low,2019.0,3.5071333333333334
0.413,84.999,0.46,latin,-10.717,0.116,0.128,"Natalia Lacunza, mori",4.0,0.186,31,ep2 🌧,Chill Spanish Vibes,llueve,2020-03-12,1.8e-06,1.0,0.0,196588.0,0.776,chill,Low,2020.0,3.276466666666667
0.146,105.081,0.697,latin,-18.848,0.137,0.432,mori,4.0,0.042,19,untitled2,Chill Spanish Vibes,untitled2,2019-06-09,0.00353,0.0,4.0,155423.0,0.957,chill,Low,2019.0,2.5903833333333335
0.337,120.03,0.669,latin,-11.434,0.123,0.297,mori,4.0,0.0416,24,todo lo que hago cuando no estás,Chill Spanish Vibes,todo lo que hago cuando no estás,2020-03-06,0.0119,1.0,7.0,194500.0,0.821,chill,Low,2020.0,3.2416666666666667
0.584,106.66,0.674,latin,-9.355,0.207,0.098,Kiddie Gang,3.0,0.449,22,licor y hielos,Chill Spanish Vibes,licor y hielos,2020-02-12,0.229,1.0,1.0,158669.0,0.363,chill,Low,2020.0,2.6444833333333335
0.308,118.915,0.366,latin,-11.427,0.0932,0.0999,Nsqk,4.0,0.0382,57,Botánica,Chill Spanish Vibes,309,2020-01-31,2.23e-05,1.0,4.0,214000.0,0.247,chill,Low,2020.0,3.566666666666667
0.737,171.924,0.612,latin,-6.246,0.101,0.532,Gabriela Richardson,4.0,0.284,22,En Verano,Chill Spanish Vibes,En Verano,2019-07-26,0.0244,1.0,1.0,150698.0,0.763,chill,Low,2019.0,2.511633333333333
0.585,113.312,0.775,latin,-10.405,0.213,0.446,Yarea,5.0,0.261,19,Cacería,Chill Spanish Vibes,Cacería,2020-04-03,0.307,1.0,9.0,165882.0,0.509,chill,Low,2020.0,2.7647
0.35,161.747,0.456,latin,-12.743,0.0838,0.233,"$kyhook, mori",4.0,0.0388,25,vanish,Chill Spanish Vibes,vanish,2020-04-24,0.024,1.0,1.0,234074.0,0.665,chill,Low,2020.0,3.9012333333333333
0.655,100.002,0.691,latin,-5.854,0.243,0.187,LANE,4.0,0.0703,15,I Had a Dream,Chill Spanish Vibes,I Had a Dream,2020-02-21,3.83e-06,0.0,9.0,194279.0,0.339,chill,Low,2020.0,3.237983333333333
0.408,119.43,0.48,latin,-10.184,0.0977,0.474,Alice Wonder,5.0,0.0497,31,Por Si Apareces,Chill Spanish Vibes,Por Si Apareces,2020-04-24,0.0,0.0,7.0,273506.0,0.648,chill,Low,2020.0,4.558433333333333
0.304,82.939,0.889,latin,-11.076,0.109,0.619,"Pajaro Sunrise, Yuri Méndez",4.0,0.23,44,Barcelona,Chill Spanish Vibes,Barcelona,2020-04-24,0.324,0.0,9.0,155049.0,0.714,chill,Low,2020.0,2.58415
0.377,134.994,0.917,latin,-5.132,0.298,0.398,C. Tangana,4.0,0.161,50,Nunca Estoy,Chill Spanish Vibes,Nunca Estoy,2020-04-23,0.00367,1.0,2.0,162222.0,0.474,chill,Low,2020.0,2.7037
0.656,131.372,0.554,latin,-9.489,0.0878,0.438,"Evol December, Duccbod",4.0,0.5,22,Vintage Dreamz,Chill Spanish Vibes,Your Face,2018-12-20,0.0,0.0,7.0,312642.0,0.766,chill,Low,2018.0,5.2107
0.357,130.0,0.764,latin,-12.364,0.107,0.552,Axel Fiks,4.0,0.139,47,Ojitos de Md,Chill Spanish Vibes,Ojitos de Md,2020-02-14,0.0,1.0,4.0,137053.0,0.648,chill,Low,2020.0,2.2842166666666666
0.312,103.195,0.655,latin,-13.075,0.147,0.454,"Sebastián Cortés, Roy Borland",4.0,0.246,40,Dos X Tres (Demo),Chill Spanish Vibes,Dos X Tres (Demo),2019-09-23,0.305,0.0,6.0,150991.0,0.54,chill,Low,2019.0,2.5165166666666665
0.683,140.108,0.796,latin,-2.754,0.107,0.353,Myke Towers,4.0,0.15,63,La Playa,Chill Spanish Vibes,La Playa,2019-04-09,0.0,0.0,10.0,207731.0,0.108,chill,Low,2019.0,3.4621833333333334
0.539,120.071,0.698,latin,-7.3,0.122,0.213,Volver,4.0,0.0386,33,5AM,Chill Spanish Vibes,5AM,2020-02-28,2.61e-05,1.0,0.0,216800.0,0.414,chill,Low,2020.0,3.6133333333333333
0.665,100.05,0.846,latin,-9.437,0.0818,0.568,Santi Pidal,4.0,0.209,21,Estoy que muerdo,Chill Spanish Vibes,Estoy que muerdo,2020-01-27,0.000665,1.0,0.0,145950.0,0.12,chill,Low,2020.0,2.4325
0.567,103.049,0.635,latin,-6.436,0.0898,0.439,Marem Ladson,4.0,0.0575,21,No Sentir Nada,Chill Spanish Vibes,No Sentir Nada,2020-02-28,0.0153,0.0,6.0,224609.0,0.756,chill,Low,2020.0,3.7434833333333333
0.257,70.01,0.666,latin,-10.862,0.103,0.337,FLORIAN,4.0,0.0562,12,Lejos de Mi,Chill Spanish Vibes,Lejos de Mi,2020-04-10,0.000263,1.0,5.0,224234.0,0.229,chill,Low,2020.0,3.737233333333333
0.483,160.078,0.662,latin,-10.701,0.482,0.492,Cometta,4.0,0.133,27,Vol. 1,Chill Spanish Vibes,Girasoles De Van Gogh,2020-05-07,0.00224,0.0,1.0,211026.0,0.235,chill,Low,2020.0,3.5171
0.766,179.945,0.667,latin,-4.907,0.208,0.496,"Paula Cendejas, C. Tangana",4.0,0.156,48,Como habla una mujer (feat. C. Tangana),Chill Spanish Vibes,Como habla una mujer (feat. C. Tangana),2020-06-18,2.85e-05,0.0,11.0,206890.0,0.389,chill,Low,2020.0,3.448166666666667
0.775,195.812,0.66,latin,-6.499,0.0915,0.372,GA,4.0,0.311,23,Antes de Morirme (Remix),Chill Spanish Vibes,Antes de Morirme (Remix),2019-04-17,0.000501,0.0,8.0,244917.0,0.0549,chill,Low,2019.0,4.08195
0.33,119.003,0.861,latin,-9.442,0.13,0.582,daniel sabater,4.0,0.055,27,no estás,Chill Spanish Vibes,no estás,2020-08-07,0.000157,1.0,6.0,164370.0,0.601,chill,Low,2020.0,2.7395
0.706,188.006,0.687,latin,-5.4,0.11,0.758,"SAG, Lvtin Mvfia",4.0,0.276,43,Mal,Chill Spanish Vibes,Mal,2020-06-05,0.172,0.0,6.0,194475.0,0.0229,chill,Low,2020.0,3.24125
0.548,93.014,0.84,latin,-8.856,0.362,0.654,Sebastián Cortés,4.0,0.0773,30,Borracho,Chill Spanish Vibes,Borracho,2020-05-15,0.0,1.0,5.0,191133.0,0.107,chill,Low,2020.0,3.18555
0.413,81.026,0.703,latin,-13.929,0.352,0.5,OjosPielCanela,4.0,0.122,26,Chiquillo,Chill Spanish Vibes,Chiquillo,2019-11-28,0.0133,0.0,4.0,233519.0,0.601,chill,Low,2019.0,3.891983333333333
0.438,139.963,0.802,latin,-10.924,0.0687,0.263,Kimberley Tell,4.0,0.0546,26,Trihte,Chill Spanish Vibes,Trihte,2020-01-20,0.0143,1.0,0.0,228214.0,0.314,chill,Low,2020.0,3.8035666666666668
0.449,90.031,0.611,latin,-11.27,0.149,0.414,Vale,4.0,0.0338,18,Aguaceros,Chill Spanish Vibes,Aguaceros,2019-12-22,0.000561,0.0,11.0,218133.0,0.292,chill,Low,2019.0,3.63555
0.319,195.48,0.414,latin,-13.505,0.349,0.377,Frank Yates,4.0,0.0734,15,Barcelona,Chill Spanish Vibes,Barcelona,2019-08-02,0.0,1.0,5.0,246811.0,0.441,chill,Low,2019.0,4.1135166666666665
0.329,180.005,0.596,latin,-8.283,0.0754,0.284,"daniel sabater, ROJAZ",3.0,0.0501,34,cómo quieres que me enfade,Chill Spanish Vibes,cómo quieres que me enfade,2020-04-16,0.0,1.0,9.0,160250.0,0.577,chill,Low,2020.0,2.6708333333333334
0.613,105.064,0.667,latin,-5.604,0.174,0.54,"Beret, Pablo Alborán",4.0,0.0412,54,Prisma,Chill Spanish Vibes,Sueño (con Pablo Alborán),2019-10-25,0.0,0.0,8.0,185482.0,0.372,chill,Low,2019.0,3.0913666666666666
0.304,141.904,0.596,latin,-13.116,0.127,0.0548,Casero,4.0,0.0341,25,Islas Desiertas,Chill Spanish Vibes,Islas Desiertas,2020-03-19,0.237,0.0,0.0,235990.0,0.00904,chill,Low,2020.0,3.9331666666666667
0.599,133.957,0.544,latin,-7.942,0.365,0.656,"Flavio, daniel sabater",4.0,0.204,36,Ya,Chill Spanish Vibes,Ya,2020-10-30,1.23e-05,1.0,6.0,197910.0,0.565,chill,Low,2020.0,3.2985
0.182,128.009,0.715,latin,-13.393,0.301,0.393,Sen Senra,3.0,0.0507,51,Nada Y Nadie,Chill Spanish Vibes,Nada Y Nadie,2020-05-06,5.92e-05,0.0,5.0,204132.0,0.73,chill,Low,2020.0,3.4022
0.846,176.009,0.733,latin,-3.692,0.0947,0.961,Beret,4.0,0.0662,37,Prisma,Chill Spanish Vibes,Me mata,2019-10-25,0.0,1.0,7.0,177361.0,0.309,chill,Low,2019.0,2.9560166666666667
0.554,110.037,0.779,latin,-6.141,0.0965,0.397,Alizzz,4.0,0.0479,28,Todo me sabe a poco,Chill Spanish Vibes,Todo me sabe a poco,2020-09-16,0.114,1.0,5.0,172635.0,0.348,chill,Low,2020.0,2.87725
0.263,68.056,0.572,latin,-9.056,0.123,0.289,Miren,3.0,0.0336,16,Oh Keira,Chill Spanish Vibes,Oh Keira,2019-08-21,0.000189,0.0,1.0,134375.0,0.882,chill,Low,2019.0,2.2395833333333335
0.507,109.996,0.852,latin,-7.744,0.32,0.498,Yoly Saa,4.0,0.0692,36,Todo contigo,Chill Spanish Vibes,Todo contigo,2019-11-22,4.99e-06,1.0,11.0,199636.0,0.353,chill,Low,2019.0,3.3272666666666666
0.621,153.939,0.834,latin,-6.63,0.184,0.723,"Vic Mirallas, MARO",4.0,0.402,38,Mi Condena,Chill Spanish Vibes,Mi Condena,2020-06-19,0.000686,0.0,11.0,172319.0,0.334,chill,Low,2020.0,2.8719833333333336
0.328,110.015,0.637,latin,-12.426,0.0927,0.2,mori,4.0,0.0419,19,3weeks,Chill Spanish Vibes,3weeks,2020-06-05,4.79e-05,0.0,9.0,174818.0,0.79,chill,Low,2020.0,2.9136333333333333
0.476,97.945,0.802,latin,-10.064,0.295,0.644,"Marc Seguí, Xavibo",4.0,0.0563,33,Daiwal,Chill Spanish Vibes,Daiwal,2020-05-29,0.0,1.0,9.0,173354.0,0.292,chill,Low,2020.0,2.8892333333333333
0.316,147.96,0.49,latin,-8.089,0.0985,0.575,"Sam Fischer, Camilo",4.0,0.0669,39,This City Remix (con Camilo),Chill Spanish Vibes,This City Remix (con Camilo),2020-05-28,0.0,1.0,11.0,196690.0,0.765,chill,Low,2020.0,3.2781666666666665
0.417,122.976,0.61,latin,-10.344,0.102,0.25,Andrés Iwasaki,4.0,0.0451,26,Al Margen de Ojalá,Chill Spanish Vibes,Al Margen de Ojalá,2020-03-13,0.127,0.0,4.0,326130.0,0.348,chill,Low,2020.0,5.4355
0.495,152.967,0.484,latin,-7.898,0.109,0.351,Alice Wonder,3.0,0.0462,21,Corazón Mármol,Chill Spanish Vibes,corazón mármol,2020-05-29,0.0,0.0,5.0,231121.0,0.573,chill,Low,2020.0,3.8520166666666666
0.684,75.233,0.672,latin,-5.682,0.183,0.62,"C. Tangana, Paloma Mami",3.0,0.316,63,No Te Debí Besar,Chill Spanish Vibes,No Te Debí Besar,2019-09-12,0.0261,0.0,9.0,182816.0,0.125,chill,Low,2019.0,3.0469333333333335
0.644,115.001,0.7,latin,-10.832,0.113,0.296,"Dan García, Sergio Mayer Mori",4.0,0.036,20,Ritmo Desconocido,Chill Spanish Vibes,Ritmo Desconocido,2019-08-30,0.0124,0.0,8.0,317928.0,0.231,chill,Low,2019.0,5.2988
0.777,196.076,0.592,latin,-8.631,0.106,0.109,DEVA,4.0,0.256,17,WOMAN,Chill Spanish Vibes,Culpable,2020-11-13,2.08e-06,0.0,6.0,218253.0,0.00868,chill,Low,2020.0,3.63755
0.459,123.942,0.736,latin,-10.097,0.111,0.459,Sofi de la Torre,4.0,0.0576,14,Dimelo,Chill Spanish Vibes,Dimelo,2019-10-18,0.0,1.0,0.0,171679.0,0.663,chill,Low,2019.0,2.8613166666666667
0.3,119.711,0.741,latin,-10.506,0.135,0.427,Natalia Lacunza,5.0,0.397,42,ep2 🌧,Chill Spanish Vibes,a otro lado,2020-03-12,0.0,0.0,7.0,183083.0,0.463,chill,Low,2020.0,3.0513833333333333
0.399,124.049,0.801,latin,-7.296,0.239,0.359,"C. Tangana, Toquinho",4.0,0.107,36,Comerte Entera,Chill Spanish Vibes,Comerte Entera,2021-01-14,1.5e-06,0.0,2.0,174481.0,0.529,chill,Low,2021.0,2.9080166666666667
0.408,104.975,0.856,latin,-11.207,0.271,0.542,Kora,4.0,0.0401,40,Renacer Pt. 1,Chill Spanish Vibes,La Luna,2021-01-14,0.0759,0.0,9.0,148563.0,0.874,chill,Low,2021.0,2.47605
0.451,99.795,0.62,latin,-9.896,0.101,0.313,"Xadi, Nina Cobham",4.0,0.157,35,Mañana,Chill Spanish Vibes,Mañana,2020-10-29,0.0,0.0,3.0,172108.0,0.887,chill,Low,2020.0,2.8684666666666665
0.357,149.895,0.722,latin,-10.487,0.0863,0.641,María José Llergo,4.0,0.0996,40,La Luz - A COLORS SHOW,Chill Spanish Vibes,La Luz - A COLORS SHOW,2020-11-16,0.155,0.0,9.0,191599.0,0.814,chill,Low,2020.0,3.1933166666666666
0.456,80.03,0.735,latin,-7.484,0.12,0.454,Marc Seguí,4.0,0.114,28,Verdadero,Chill Spanish Vibes,Verdadero,2021-01-26,0.0,0.0,1.0,176086.0,0.44,chill,Low,2021.0,2.9347666666666665
0.704,87.941,0.615,latin,-6.255,0.422,0.484,Mario Puglia,4.0,0.0455,30,Mp3,Chill Spanish Vibes,Mp3,2020-06-26,4.14e-05,1.0,4.0,181368.0,0.405,chill,Low,2020.0,3.0228
0.296,127.938,0.761,latin,-10.22,0.134,0.579,"C. Tangana, Ed Maverick",4.0,0.0484,63,El Madrileño,Chill Spanish Vibes,Párteme La Cara,2021-02-26,0.000492,1.0,0.0,167867.0,0.551,chill,Low,2021.0,2.7977833333333333
0.564,144.96,0.726,latin,-9.121,0.121,0.519,"daniel sabater, KICKBOMBO",4.0,0.141,17,menta,Chill Spanish Vibes,menta,2021-03-05,0.0,1.0,0.0,155172.0,0.479,chill,Low,2021.0,2.5862
0.557,118.014,0.702,latin,-6.73,0.143,0.622,Marc Seguí,4.0,0.0287,29,Ebai,Chill Spanish Vibes,Ebai,2021-03-05,0.000398,1.0,1.0,182513.0,0.132,chill,Low,2021.0,3.0418833333333333
0.482,104.39,0.458,latin,-8.626,0.0756,0.128,LANE,4.0,0.0538,27,Don't Wanna Lie,Chill Spanish Vibes,Don't Wanna Lie,2020-07-09,0.0057,0.0,6.0,153000.0,0.262,chill,Low,2020.0,2.55
0.399,130.003,0.833,latin,-4.876,0.139,0.788,Bad Milk,4.0,0.0621,31,EGO,Chill Spanish Vibes,EGO,2021-01-28,0.0,1.0,4.0,211456.0,0.821,chill,Low,2021.0,3.5242666666666667
0.682,111.99,0.867,arabic,-4.423,0.0402,0.475,"Lojay, Olamide",4.0,0.0438,47,Arizona,Arab X,Arizona,2023-11-24,2.47e-06,1.0,2.0,139706.0,0.111,modern,Low,2023.0,2.3284333333333334
0.32,101.951,0.717,arabic,-13.804,0.0704,0.719,Balloranking,4.0,0.288,47,Ghetto Vibrations,Arab X,Born Fi Dis,2023-11-20,0.0,1.0,6.0,150622.0,0.574,modern,Low,2023.0,2.5103666666666666
0.63,103.529,0.721,arabic,-5.716,0.135,0.819,Zinoleesky,4.0,0.275,43,Sakara,Arab X,Sakara,2023-12-15,0.0143,1.0,8.0,154615.0,0.204,modern,Low,2023.0,2.5769166666666665
0.869,111.997,0.85,arabic,-4.794,0.0841,0.848,"Magnito, Olamide, Wizzy Flon",4.0,0.0576,43,Canada (Remix),Arab X,Canada - Remix,2023-10-11,0.000327,0.0,10.0,171618.0,0.486,modern,Low,2023.0,2.8603
0.773,116.168,0.849,arabic,-6.921,0.244,0.172,Zinoleesky,4.0,0.168,55,Sunny Ade,Arab X,Sunny Ade,2024-01-05,0.000134,0.0,4.0,136552.0,0.188,modern,Low,2024.0,2.2758666666666665
0.415,133.741,0.552,arabic,-9.028,0.141,0.653,Bella Shmurda,5.0,0.412,47,My Brother,Arab X,My Brother,2023-10-06,8.14e-06,1.0,5.0,158520.0,0.8,modern,Low,2023.0,2.642
0.699,111.885,0.757,arabic,-8.152,0.0815,0.493,Young Jonn,4.0,0.254,51,Disconnect + Go Hard,Arab X,Disconnect,2023-11-17,2.36e-06,0.0,2.0,137143.0,0.0478,modern,Low,2023.0,2.2857166666666666
0.769,123.026,0.863,arabic,-4.452,0.118,0.864,"Mohbad, Zlatan",4.0,0.362,45,Blessed,Arab X,Account Balance,2023-06-30,0.0,1.0,5.0,153175.0,0.559,modern,Low,2023.0,2.5529166666666665
0.61,184.421,0.464,arabic,-6.638,0.203,0.862,Seyi Vibez,4.0,0.211,36,NAHAMciaga,Arab X,Shazam,2023-12-08,0.000164,1.0,9.0,163846.0,0.414,modern,Low,2023.0,2.730766666666667
0.62,98.253,0.604,arabic,-6.799,0.297,0.58,Rybeena,4.0,0.177,57,Id.Me,Arab X,Id.Me,2023-10-13,4.87e-05,1.0,0.0,169273.0,0.633,modern,Low,2023.0,2.8212166666666665
0.538,66.691,0.727,arabic,-5.85,0.106,0.371,Shallipopi,5.0,0.427,51,Presido La Pluto,Arab X,Never Ever,2023-11-10,3.26e-06,0.0,6.0,144039.0,0.478,modern,Low,2023.0,2.40065
0.61,110.017,0.669,arabic,-7.075,0.163,0.416,Seyi Vibez,4.0,0.0976,58,Thy Kingdom Come,Arab X,Man of The Year,2023-06-23,0.0,1.0,10.0,144000.0,0.236,modern,Low,2023.0,2.4
0.783,112.055,0.734,arabic,-8.696,0.146,0.634,Mayorkun,4.0,0.0344,45,Lowkey!,Arab X,Lowkey!,2023-10-12,4.95e-05,0.0,1.0,213711.0,0.115,modern,Low,2023.0,3.56185
0.685,114.002,0.716,arabic,-5.407,0.224,0.791,Zerrydl,4.0,0.169,56,Danger Zee,Arab X,Popo,2023-12-15,0.0,1.0,1.0,153757.0,0.312,modern,Low,2023.0,2.5626166666666665
0.864,77.328,0.719,arabic,-3.935,0.0947,0.794,Zlatan,3.0,0.274,50,10 Bottles,Arab X,10 Bottles,2023-11-23,0.009,1.0,11.0,178936.0,0.233,modern,Low,2023.0,2.982266666666667
0.782,152.493,0.533,arabic,-5.56,0.188,0.7,"Blaqbonez, Young Jonn",5.0,0.273,55,Emeka Must Shine,Arab X,NO SLEEP $$$ (feat. Young Jonn),2023-10-27,0.0,0.0,0.0,187368.0,0.432,modern,Low,2023.0,3.1228
0.541,101.011,0.771,arabic,-4.938,0.253,0.415,Mohbad,4.0,0.256,49,Blessed,Arab X,Sabi,2023-06-30,0.000497,1.0,9.0,138832.0,0.71,modern,Low,2023.0,2.3138666666666667
0.794,115.963,0.814,arabic,-6.198,0.122,0.649,Young Jonn,4.0,0.0472,46,Disconnect + Go Hard,Arab X,Go Hard,2023-11-17,1.55e-06,1.0,0.0,153103.0,0.24,modern,Low,2023.0,2.5517166666666666
0.799,107.987,0.691,arabic,-6.873,0.295,0.972,Seyi Vibez,4.0,0.0657,50,NAHAMciaga,Arab X,Different Pattern,2023-12-08,0.0,0.0,9.0,123333.0,0.576,modern,Low,2023.0,2.05555
0.572,102.938,0.743,arabic,-6.091,0.257,0.179,Mohbad,4.0,0.078,49,Blessed,Arab X,Blessing,2023-06-30,0.011,1.0,1.0,147796.0,0.171,modern,Low,2023.0,2.4632666666666667
0.585,107.85,0.482,arabic,-5.157,0.293,0.524,Seyi Vibez,4.0,0.171,57,Thy Kingdom Come,Arab X,Karma,2023-06-23,0.0,1.0,10.0,154909.0,0.359,modern,Low,2023.0,2.5818166666666666
0.657,172.164,0.594,arabic,-10.708,0.107,0.452,Mohbad,4.0,0.264,49,Blessed,Arab X,Beast & Peace,2023-06-30,0.00317,0.0,1.0,145189.0,0.551,modern,Low,2023.0,2.4198166666666667
0.849,101.136,0.577,arabic,-4.087,0.236,0.679,"Mohbad, Bella Shmurda",4.0,0.322,51,Blessed,Arab X,PARIWO,2023-06-30,0.00561,0.0,7.0,120439.0,0.306,modern,Low,2023.0,2.0073166666666666
0.752,120.059,0.524,arabic,-7.493,0.345,0.806,Bella Shmurda,4.0,0.132,39,DND,Arab X,DND,2023-07-07,0.00487,1.0,2.0,168048.0,0.334,modern,Low,2023.0,2.8008
0.614,115.424,0.633,arabic,-7.413,0.749,0.665,Seyi Vibez,4.0,0.231,49,Vibe Till Thy Kingdom Come,Arab X,Hat-trick,2023-06-08,0.0,1.0,8.0,160758.0,0.484,modern,Low,2023.0,2.6793
0.546,109.998,0.722,arabic,-10.318,0.134,0.717,Seyi Vibez,4.0,0.374,53,Vibe Till Thy Kingdom Come,Arab X,Dejavu,2023-06-08,0.0,1.0,1.0,160983.0,0.297,modern,Low,2023.0,2.68305
0.675,114.995,0.959,arabic,-5.677,0.0498,0.63,"Shallipopi, Zerrydl",4.0,0.0709,47,Presido La Pluto,Arab X,Wet on Me,2023-11-10,0.0,1.0,1.0,137796.0,0.0358,modern,Low,2023.0,2.2966
0.801,104.846,0.736,arabic,-8.706,0.374,0.686,"Falz, Flavour, ODUMODUBLVCK",3.0,0.102,48,NDI IKE,Arab X,NDI IKE,2023-08-09,6.84e-06,0.0,9.0,155644.0,0.178,modern,Low,2023.0,2.5940666666666665
0.714,132.839,0.545,arabic,-6.77,0.106,0.816,Seyi Vibez,5.0,0.145,46,NAHAMciaga,Arab X,Cana,2023-12-08,0.000371,1.0,8.0,140000.0,0.285,modern,Low,2023.0,2.3333333333333335
0.564,95.487,0.676,arabic,-7.501,0.126,0.301,BhadBoi OML,4.0,0.255,53,Bhadriyun,Arab X,Shkran Lak,2023-08-31,0.00128,1.0,3.0,184000.0,0.246,modern,Low,2023.0,3.066666666666667
0.673,113.977,0.751,arabic,-8.762,0.111,0.0906,Seyi Vibez,4.0,0.0442,38,NAHAMciaga,Arab X,Today,2023-12-08,5.49e-05,1.0,0.0,157000.0,0.024,modern,Low,2023.0,2.6166666666666667
0.685,116.016,0.877,arabic,-5.099,0.135,0.748,Mohbad,4.0,0.0852,47,Blessed,Arab X,La Pio Pio,2023-06-30,0.00125,1.0,2.0,145911.0,0.358,modern,Low,2023.0,2.43185
0.584,89.752,0.631,arabic,-3.63,0.0964,0.764,"Blaqbonez, Zlatan",4.0,0.435,39,Emeka Must Shine,Arab X,BAD TILL ETERNITY (feat. Zlatan),2023-10-27,0.0,0.0,11.0,173333.0,0.279,modern,Low,2023.0,2.8888833333333332
0.803,114.422,0.597,arabic,-6.688,0.334,0.522,Seyi Vibez,4.0,0.0699,51,Thy Kingdom Come,Arab X,Hushpuppi,2023-06-23,0.0,1.0,7.0,162783.0,0.527,modern,Low,2023.0,2.71305
0.49,100.385,0.663,arabic,-14.074,0.193,0.582,"Balloranking, Seyi Vibez",4.0,0.294,54,Trench Kid (Deluxe Edition),Arab X,Realize,2022-12-08,1.52e-06,1.0,11.0,175256.0,0.61,modern,Low,2022.0,2.920933333333333
0.713,117.974,0.579,arabic,-5.778,0.111,0.681,"Seyi Vibez, Young Jonn",4.0,0.109,47,Vibe Till Thy Kingdom Come,Arab X,Suddenly (feat. Young Jonn),2023-06-08,3.31e-05,0.0,7.0,129076.0,0.306,modern,Low,2023.0,2.151266666666667
0.755,108.563,0.616,arabic,-7.791,0.122,0.92,Seyi Vibez,4.0,0.142,32,NAHAMciaga,Arab X,Apala Interlude,2023-12-08,9.17e-06,1.0,2.0,122436.0,0.224,modern,Low,2023.0,2.0406
0.811,99.699,0.752,arabic,-6.185,0.454,0.563,Olamide,4.0,0.385,39,Unruly,Arab X,Street Jam,2023-08-08,0.0,1.0,0.0,127819.0,0.369,modern,Low,2023.0,2.130316666666667
0.735,200.611,0.496,arabic,-6.279,0.12,0.642,"Zlatan, ODUMODUBLVCK, Jeriq",5.0,0.33,45,Omo Ologo,Arab X,Oganigwe,2023-04-28,0.000121,0.0,4.0,178348.0,0.702,modern,Low,2023.0,2.9724666666666666
0.691,112.0,0.714,arabic,-5.873,0.29,0.684,Seyi Vibez,4.0,0.118,45,Billion Dollar Baby,Arab X,+234,2022-11-02,1.42e-05,1.0,9.0,132911.0,0.347,modern,Low,2022.0,2.2151833333333335
0.809,119.986,0.872,arabic,-5.572,0.15,0.823,"Zoro Swagbag, Mohbad",4.0,0.0835,42,Sound Check,Arab X,M.A.D (feat. MohBad),2023-10-27,5.76e-05,0.0,11.0,131000.0,0.532,modern,Low,2023.0,2.183333333333333
0.774,143.972,0.677,arabic,-5.804,0.108,0.756,Zinoleesky,3.0,0.503,47,A1 (Feeling Disorder),Arab X,A1 (Feeling Disorder),2023-06-04,0.0,0.0,7.0,125138.0,0.452,modern,Low,2023.0,2.0856333333333335
0.765,105.249,0.634,arabic,-8.112,0.153,0.433,"Olamide, Rema",4.0,0.192,43,Unruly,Arab X,Mukulu,2023-08-08,0.0,0.0,1.0,227448.0,0.635,modern,Low,2023.0,3.7908
0.881,117.039,0.735,arabic,-4.494,0.752,0.708,Seyi Vibez,4.0,0.1,48,Billion Dollar Baby 2.0,Arab X,Kun Faya Kun (Be and it is),2022-12-09,3.72e-05,1.0,8.0,174359.0,0.416,modern,Low,2022.0,2.9059833333333334
0.681,114.029,0.744,arabic,-8.966,0.0821,0.755,Asake,4.0,0.164,54,Work Of Art,Arab X,What's Up My G,2023-06-15,0.0,1.0,1.0,170389.0,0.338,modern,Low,2023.0,2.8398166666666667
0.702,118.779,0.707,arabic,-7.029,0.195,0.606,Young Jonn,4.0,0.26,49,Sharpally,Arab X,Sharpally,2023-07-21,0.0,1.0,8.0,163361.0,0.655,modern,Low,2023.0,2.7226833333333333
0.684,115.015,0.751,arabic,-5.573,0.427,0.566,Seyi Vibez,4.0,0.117,44,Vibe Till Thy Kingdom Come,Arab X,For the Gods,2023-06-08,0.0,1.0,2.0,177391.0,0.382,modern,Low,2023.0,2.9565166666666665
0.706,114.004,0.572,arabic,-9.019,0.113,0.158,Asake,4.0,0.117,54,Work Of Art,Arab X,I Believe,2023-06-15,0.0122,1.0,2.0,145263.0,0.0379,modern,Low,2023.0,2.42105
0.596,147.893,0.587,arabic,-5.658,0.0881,0.803,T.I BLAZE,5.0,0.267,54,Try,Arab X,Try,2022-02-16,0.229,0.0,1.0,133773.0,0.721,modern,Low,2022.0,2.22955
0.706,123.036,0.804,arabic,-6.953,0.139,0.569,Mohbad,4.0,0.133,50,Backside,Arab X,Backside,2021-12-10,0.000658,1.0,7.0,143439.0,0.134,modern,Low,2021.0,2.39065
0.496,96.914,0.688,arabic,-9.28,0.191,0.423,Bnxn,4.0,0.131,54,"Sincerely, Benson",Arab X,Sweet Tea (Aduke),2023-10-04,0.291,1.0,9.0,149482.0,0.0708,modern,Low,2023.0,2.4913666666666665
0.738,113.024,0.83,arabic,-7.491,0.151,0.366,"Rexxie, Zinoleesky",4.0,0.0729,43,Big Time,Arab X,NO MORE CONDITION,2023-03-09,0.000112,1.0,9.0,174014.0,0.126,modern,Low,2023.0,2.9002333333333334
0.683,120.023,0.808,arabic,-7.963,0.187,0.768,Bella Shmurda,4.0,0.184,41,Ara (Gen Gen Tin),Arab X,Ara (Gen Gen Tin),2023-03-10,0.0111,0.0,6.0,146000.0,0.295,modern,Low,2023.0,2.433333333333333
0.692,111.972,0.738,arabic,-8.753,0.0453,0.834,Mohbad,4.0,0.0713,52,Blessed,Arab X,Ask About Me,2023-06-30,0.00936,0.0,5.0,175820.0,0.119,modern,Low,2023.0,2.9303333333333335
0.873,92.001,0.762,arabic,-4.532,0.122,0.453,"Wande Coal, Wizkid",4.0,0.176,54,Legend Or No Legend,Arab X,Ebelebe (feat. Wizkid),2023-05-17,0.0,0.0,11.0,209970.0,0.0245,modern,Low,2023.0,3.4995
0.56,104.033,0.801,arabic,-6.292,0.186,0.464,Bella Shmurda,4.0,0.209,40,Hypertension,Arab X,New Born Fela,2022-10-26,0.0,0.0,6.0,129864.0,0.318,modern,Low,2022.0,2.1644
0.813,116.015,0.738,arabic,-5.876,0.104,0.744,Mayorkun,4.0,0.0409,42,For Daddy,Arab X,For Daddy,2023-04-27,0.00305,0.0,7.0,153233.0,0.423,modern,Low,2023.0,2.5538833333333333
0.594,116.027,0.782,arabic,-6.337,0.137,0.681,Bnxn,4.0,0.0414,60,"Sincerely, Benson",Arab X,PRAY,2023-10-04,0.48,1.0,1.0,177931.0,0.157,modern,Low,2023.0,2.965516666666667
0.622,159.863,0.583,arabic,-7.911,0.0822,0.646,"Reminisce, Mohbad",5.0,0.204,27,"ATSG, Vol. 1",Arab X,Shina Peters,2023-10-27,3.98e-05,1.0,0.0,166000.0,0.416,modern,Low,2023.0,2.7666666666666666
0.644,142.724,0.778,arabic,-5.542,0.117,0.47,"Zinoleesky, Omah Lay",5.0,0.323,54,Grit & Lust,Arab X,Last Time,2022-12-23,0.000115,1.0,0.0,153523.0,0.0625,modern,Low,2022.0,2.5587166666666668
0.694,97.117,0.772,arabic,-9.426,0.143,0.529,"Young Jonn, Olamide",4.0,0.12,50,Currency,Arab X,Currency,2023-02-08,0.0147,1.0,0.0,178144.0,0.562,modern,Low,2023.0,2.9690666666666665
0.815,121.01,0.84,arabic,-7.429,0.15,0.652,"Lil Kesh, Young Jonn",4.0,0.126,41,Feeling Funny,Arab X,Feeling Funny,2023-07-06,0.0033,1.0,11.0,198347.0,0.285,modern,Low,2023.0,3.3057833333333333
0.556,113.994,0.798,arabic,-8.985,0.163,0.901,Bnxn,4.0,0.0471,52,Traboski,Arab X,Traboski,2022-11-24,8.31e-06,0.0,2.0,155861.0,0.364,modern,Low,2022.0,2.5976833333333333
0.613,116.029,0.843,arabic,-6.01,0.128,0.405,"T.I BLAZE, Balloranking",4.0,0.316,38,Dangerous Wavy Baby,Arab X,Popori,2023-08-04,1.06e-05,1.0,1.0,135070.0,0.527,modern,Low,2023.0,2.2511666666666668
0.675,112.049,0.755,arabic,-6.973,0.117,0.783,Asake,4.0,0.0918,67,Work Of Art,Arab X,Remember,2023-06-15,1.41e-06,1.0,10.0,182143.0,0.512,modern,Low,2023.0,3.0357166666666666
0.719,101.053,0.884,arabic,-3.811,0.23,0.379,Bnxn,4.0,0.141,42,"Sincerely, Benson",Arab X,Right Energy,2023-10-04,0.000573,0.0,5.0,154799.0,0.188,modern,Low,2023.0,2.5799833333333333
0.654,114.02,0.78,arabic,-9.628,0.136,0.281,Asake,4.0,0.115,52,Work Of Art,Arab X,Great Guy,2023-06-15,2.08e-06,0.0,2.0,185263.0,0.269,modern,Low,2023.0,3.0877166666666667
0.784,112.986,0.858,arabic,-8.31,0.0987,0.728,Phyno,4.0,0.0813,42,Do I,Arab X,Do I,2023-08-31,0.000141,1.0,9.0,155044.0,0.791,modern,Low,2023.0,2.5840666666666667
0.84,116.05,0.893,arabic,-4.608,0.119,0.812,Zinoleesky,4.0,0.171,45,Grit & Lust,Arab X,Call of Duty,2022-12-23,1.57e-06,0.0,11.0,144759.0,0.161,modern,Low,2022.0,2.41265
0.57,115.002,0.869,arabic,-7.997,0.083,0.467,Balloranking,4.0,0.123,36,Ghetto Gospel,Arab X,Billion Bucks,2023-09-08,0.00671,1.0,11.0,116870.0,0.36,modern,Low,2023.0,1.9478333333333333
0.853,118.992,0.888,arabic,-5.585,0.0739,0.628,Bnxn,4.0,0.0575,41,Sorry I'm Late,Arab X,Kilometer,2021-10-27,0.0244,0.0,5.0,198797.0,0.35,modern,Low,2021.0,3.313283333333333
0.741,114.018,0.916,arabic,-6.88,0.246,0.892,Zinoleesky,4.0,0.0836,35,Grit & Lust,Arab X,Rocking,2022-12-23,3.06e-06,0.0,10.0,166263.0,0.00667,modern,Low,2022.0,2.77105
0.615,98.052,0.807,arabic,-4.278,0.0834,0.736,Bnxn,4.0,0.214,51,For Days,Arab X,For Days,2022-03-30,0.00493,0.0,1.0,164558.0,0.245,modern,Low,2022.0,2.7426333333333335
0.827,98.468,0.765,arabic,-7.905,0.0757,0.659,Bnxn,4.0,0.0723,47,Bad Since '97,Arab X,Bad Since '97,2022-08-24,0.0,0.0,9.0,134728.0,0.217,modern,Low,2022.0,2.2454666666666667
0.57,70.069,0.529,arabic,-7.491,0.148,0.734,"Olamide, Bnxn",3.0,0.392,42,Unruly,Arab X,Come Alive,2023-08-08,7.33e-06,0.0,6.0,200458.0,0.347,modern,Low,2023.0,3.3409666666666666
0.778,114.021,0.849,arabic,-7.097,0.129,0.71,Asake,4.0,0.0397,57,Work Of Art,Arab X,Mogbe,2023-06-15,0.00016,0.0,0.0,178947.0,0.401,modern,Low,2023.0,2.98245
0.631,111.997,0.85,arabic,-7.171,0.0914,0.843,"Bella Shmurda, Tiwa Savage",4.0,0.215,44,NSV,Arab X,NSV,2023-05-12,4.28e-06,1.0,6.0,188372.0,0.492,modern,Low,2023.0,3.1395333333333335
0.654,124.387,0.581,arabic,-5.87,0.301,0.687,Zinoleesky,5.0,0.285,56,Many Things,Arab X,Many Things,2023-04-21,2e-05,1.0,11.0,167882.0,0.345,modern,Low,2023.0,2.798033333333333
0.542,109.956,0.736,arabic,-7.362,0.101,0.766,Zinoleesky,4.0,0.215,49,Grit & Lust,Arab X,Personal,2022-12-23,0.0,0.0,2.0,143453.0,0.452,modern,Low,2022.0,2.3908833333333335
0.656,114.831,0.701,arabic,-6.368,0.248,0.615,"Zinoleesky, Ayra Starr",4.0,0.0881,43,Grit & Lust,Arab X,Many Roads,2022-12-23,1.57e-06,1.0,2.0,155506.0,0.178,modern,Low,2022.0,2.5917666666666666
0.733,116.073,0.909,arabic,-4.351,0.0811,0.653,Naira Marley,4.0,0.0622,40,Body,Arab X,Body,2023-05-10,0.108,1.0,7.0,126671.0,0.159,modern,Low,2023.0,2.1111833333333334
0.656,111.995,0.766,arabic,-6.849,0.155,0.637,"Majeeed, Tiwa Savage",4.0,0.0474,44,Cheers To Life.,Arab X,Gbese,2023-09-06,0.0,1.0,10.0,162991.0,0.0449,modern,Low,2023.0,2.7165166666666667
0.711,113.03,0.773,arabic,-9.268,0.0782,0.693,Zinoleesky,4.0,0.0856,40,Grit & Lust,Arab X,Yan Yan Yan,2022-12-23,0.00255,1.0,6.0,131814.0,0.0328,modern,Low,2022.0,2.1969
0.656,118.093,0.623,arabic,-6.494,0.105,0.475,Zinoleesky,4.0,0.113,40,Grit & Lust,Arab X,Odinaka,2022-12-23,0.00165,0.0,9.0,179382.0,0.553,modern,Low,2022.0,2.9897
0.558,107.055,0.671,arabic,-9.063,0.143,0.798,"Bnxn, Olamide",5.0,0.284,45,Bad Since '97,Arab X,Modupe,2022-08-24,0.0,0.0,9.0,234000.0,0.566,modern,Low,2022.0,3.9
0.521,113.064,0.864,arabic,-10.926,0.0744,0.377,"Balloranking, Shallipopi",4.0,0.0955,25,Don Perignon,Arab X,Don Perignon,2023-11-19,0.0,0.0,5.0,129593.0,0.146,modern,Low,2023.0,2.159883333333333
0.582,156.117,0.713,arabic,-5.031,0.159,0.479,BhadBoi OML,4.0,0.0748,50,Bhadriyun,Arab X,7AM in Lekki,2023-08-31,3.47e-05,0.0,1.0,210000.0,0.262,modern,Low,2023.0,3.5
0.711,136.027,0.732,arabic,-6.513,0.0405,0.363,BhadBoi OML,4.0,0.0869,42,Bhadriyun,Arab X,Enough,2023-08-31,0.00238,0.0,4.0,171176.0,0.12,modern,Low,2023.0,2.8529333333333335
0.596,152.894,0.704,arabic,-8.827,0.151,0.36,Bnxn,4.0,0.274,38,"Sincerely, Benson",Arab X,Party Don't Stop,2023-10-04,0.00446,0.0,9.0,162974.0,0.551,modern,Low,2023.0,2.7162333333333333
0.737,112.93,0.441,arabic,-5.053,0.102,0.22,"Post Malone, Meek Mill, Lil Baby",5.0,0.11,64,Hollywood's Bleeding,Arab X,On The Road (feat. Meek Mill & Lil Baby),2019-09-06,0.0,1.0,7.0,218320.0,0.059,modern,Low,2019.0,3.6386666666666665
0.576,166.162,0.77,arabic,-11.845,0.08,0.364,Polo G,4.0,0.339,68,Die A Legend,Arab X,Chosen 1,2019-06-07,0.0,0.0,8.0,127200.0,0.138,modern,Low,2019.0,2.12
0.84,116.991,0.791,arabic,-2.887,0.193,0.353,"SAINt JHN, Lil Baby",4.0,0.0427,59,Ghetto Lenny's Love Songs,Arab X,Trap [Feat. Lil Baby],2019-08-22,0.0,1.0,0.0,184699.0,0.0839,modern,Low,2019.0,3.078316666666667
0.874,114.973,0.862,arabic,-2.758,0.447,0.506,"Meeza, Zinoleesky",4.0,0.0619,30,Gbona,Arab X,Gbona,2023-06-02,0.0285,0.0,1.0,155957.0,0.114,modern,Low,2023.0,2.599283333333333
0.837,205.067,0.547,arabic,-5.68,0.0696,0.925,"Albertmp3, Jusjay, Zinoleesky",4.0,0.416,21,Vanessa,Arab X,Vanessa,2019-06-28,3.05e-05,0.0,9.0,184615.0,0.342,modern,Low,2019.0,3.0769166666666665
0.816,108.98,0.82,arabic,-6.29,0.0541,0.861,"Tiwa Savage, Zinoleesky",4.0,0.077,40,Jaiye Foreign,Arab X,Jaiye Foreign,2022-08-10,7.81e-05,0.0,5.0,190165.0,0.0216,modern,Low,2022.0,3.1694166666666668
0.876,115.972,0.942,arabic,-4.965,0.0266,0.749,"Lil Frosh, Zinoleesky",4.0,0.0542,34,Beyond Infinity,Arab X,Like Dat,2022-02-01,0.0127,0.0,4.0,133649.0,0.0954,modern,Low,2022.0,2.2274833333333333
0.786,115.01,0.856,arabic,-6.284,0.119,0.968,"Feranbanks, Zinoleesky",4.0,0.056,37,Cityboiz,Arab X,Cityboiz,2023-02-17,1.28e-05,1.0,1.0,179017.0,0.0712,modern,Low,2023.0,2.983616666666667
0.83,114.0,0.784,arabic,-5.656,0.0713,0.868,"Naira Marley, Zinoleesky",4.0,0.0496,41,God's Timing’s the Best,Arab X,o'dun,2022-05-30,0.152,0.0,7.0,155015.0,0.29,modern,Low,2022.0,2.5835833333333333
0.658,104.972,0.827,arabic,-6.364,0.144,0.551,"Ruger, Bnxn",4.0,0.0603,51,Romeo Must Die (RMD),Arab X,Romeo Must Die (RMD),2024-02-29,7e-05,0.0,6.0,160000.0,0.299,modern,Low,2024.0,2.6666666666666665
0.786,113.59,0.685,arabic,-6.747,0.474,0.772,Adekunle Gold,4.0,0.198,44,The Life I Chose,Arab X,The Life I Chose,2024-02-21,0.0,0.0,7.0,144448.0,0.724,modern,Low,2024.0,2.4074666666666666
0.711,116.037,0.814,arabic,-8.186,0.0941,0.805,Asake,4.0,0.109,54,Only Me,Arab X,Only Me,2024-01-12,3.08e-06,1.0,7.0,159310.0,0.496,modern,Low,2024.0,2.6551666666666667
0.675,113.949,0.734,arabic,-7.013,0.0584,0.755,"Pheelz, Young Jonn",4.0,0.107,55,JELO,Arab X,JELO,2023-08-31,0.0,0.0,6.0,145263.0,0.00552,modern,Low,2023.0,2.42105
0.576,81.964,0.59,arabic,-6.53,0.0876,0.694,"Bnxn, taves",4.0,0.108,41,"Sincerely, Benson",Arab X,Realize (feat. taves),2023-10-04,0.0,0.0,1.0,133564.0,0.465,modern,Low,2023.0,2.2260666666666666
0.677,86.875,0.459,arabic,-4.717,0.0797,0.311,Bnxn,4.0,0.415,42,"Sincerely, Benson",Arab X,My Life,2023-10-04,0.00351,0.0,7.0,180680.0,0.208,modern,Low,2023.0,3.0113333333333334
0.649,94.83,0.68,arabic,-6.751,0.159,0.689,"Dope Caesar, FAVE, Ajebo Hustlers",4.0,0.266,40,Pop Sermon,Arab X,Pop Sermon,2023-10-04,0.0,0.0,10.0,149684.0,0.0574,modern,Low,2023.0,2.4947333333333335
0.411,145.99,0.627,arabic,-6.09,0.101,0.732,"Vusic, Zinoleesky",3.0,0.386,41,Lever,Arab X,Lever,2024-02-29,0.0,0.0,1.0,149388.0,0.517,modern,Low,2024.0,2.4898
0.686,109.802,0.492,arabic,-6.97,0.137,0.392,"Young Jonn, Kizz Daniel, Seyi Vibez",4.0,0.14,49,Big Big Things (feat. Kizz Daniel & Seyi Vibez),Arab X,Big Big Things (feat. Kizz Daniel & Seyi Vibez),2024-02-23,0.0,0.0,5.0,180531.0,0.28,modern,Low,2024.0,3.00885
0.649,106.379,0.519,arabic,-5.502,0.104,0.541,Gunna,5.0,0.112,64,a Gift & a Curse,Arab X,turned your back,2023-06-16,0.0,1.0,6.0,243133.0,0.486,modern,Low,2023.0,4.052216666666666
0.825,113.019,0.847,arabic,-7.042,0.151,0.726,"Phyno, Burna Boy",4.0,0.106,55,Do I (Remix),Arab X,Do I - Remix,2023-12-19,0.000175,0.0,6.0,138069.0,0.74,modern,Low,2023.0,2.30115
0.754,175.041,0.529,arabic,-3.457,0.198,0.212,"Quality Control, Lil Baby",4.0,0.325,56,Quality Control: Control The Streets Volume 2,Arab X,Back On,2019-08-16,0.0,0.0,10.0,145349.0,0.0129,modern,Low,2019.0,2.4224833333333335
0.503,147.031,0.845,arabic,-7.021,0.116,0.416,Lil Baby,4.0,0.334,53,Detox,Arab X,Detox,2022-09-02,0.0,1.0,1.0,161637.0,0.027,modern,Low,2022.0,2.69395
0.547,90.024,0.765,arabic,-9.959,0.118,0.531,Lil Durk,4.0,0.339,42,The Voice,Arab X,Death Ain't Easy,2020-12-24,0.0,1.0,1.0,192052.0,0.0425,modern,Low,2020.0,3.2008666666666667
0.43,99.933,0.841,arabic,-6.006,0.101,0.67,Bnxn,4.0,0.205,41,"Sincerely, Benson",Arab X,Mukulu,2023-10-04,0.000712,1.0,7.0,163224.0,0.698,modern,Low,2023.0,2.7204
0.96,96.707,0.633,arabic,-2.045,0.0641,0.842,Lil Kesh,3.0,0.232,21,Efejoku,Arab X,Efejoku,2015-07-28,1.4e-06,0.0,4.0,245581.0,0.508,modern,Low,2015.0,4.093016666666666
0.551,82.637,0.713,arabic,-7.593,0.294,0.237,Lil Durk,4.0,0.29,49,The Voice (Deluxe),Arab X,Backdoor,2021-01-29,3.66e-06,0.0,4.0,200000.0,0.107,modern,Low,2021.0,3.3333333333333335
0.783,160.153,0.58,arabic,-4.551,0.0763,0.598,Lil Durk,4.0,0.284,42,Love Songs 4 the Streets 2,Arab X,Rebellious,2019-08-02,0.0,0.0,5.0,179288.0,0.0267,modern,Low,2019.0,2.9881333333333333
0.491,153.131,0.559,arabic,-6.406,0.0992,0.114,"Travis Scott, ROSALÍA, Lil Baby",4.0,0.0346,61,JACKBOYS,Arab X,HIGHEST IN THE ROOM (feat. ROSALÍA & Lil Baby) - REMIX,2019-12-27,0.0,0.0,2.0,244874.0,0.0567,modern,Low,2019.0,4.0812333333333335
0.767,115.957,0.825,arabic,-7.893,0.0914,0.857,Asake,4.0,0.0418,61,Work Of Art,Arab X,Basquiat,2023-06-15,4.6e-06,1.0,5.0,134483.0,0.547,modern,Low,2023.0,2.2413833333333333
0.917,120.065,0.87,arabic,-4.819,0.176,0.786,"Hotkeed, Yo X",4.0,0.0604,34,Metro,Arab X,Metro,2023-12-30,0.00289,0.0,3.0,130000.0,0.103,modern,Low,2023.0,2.1666666666666665
0.401,114.068,0.843,arabic,-12.868,0.164,0.893,"Olamide, Asake",4.0,0.3,54,Unruly,Arab X,New Religion,2023-08-08,1.01e-05,1.0,1.0,153684.0,0.294,modern,Low,2023.0,2.5614
0.764,116.121,0.654,arabic,-6.005,0.621,0.885,"larrylanes, Bella Shmurda, Seyi Vibez",4.0,0.0349,42,Mamba (With Bella Shmurda & Seyi Vibez),Arab X,Mamba (With Bella Shmurda & Seyi Vibez),2024-02-08,0.0,1.0,5.0,147193.0,0.157,modern,Low,2024.0,2.4532166666666666
0.5,116.058,0.569,arabic,-4.482,0.148,0.118,Bnxn,5.0,0.239,63,"Sincerely, Benson",Arab X,Pidgin & English,2023-10-04,0.0,0.0,6.0,218657.0,0.183,modern,Low,2023.0,3.6442833333333335
0.815,114.451,0.639,arabic,-6.221,0.0736,0.622,Bella Shmurda,4.0,0.223,41,My Friend,Arab X,My Friend,2022-01-27,0.0,1.0,0.0,183745.0,0.189,modern,Low,2022.0,3.0624166666666666
0.744,104.991,0.806,arabic,-5.377,0.104,0.765,"Sarz, Asake, Gunna",4.0,0.0392,66,Happiness (feat. Asake & Gunna),Arab X,Happiness (feat. Asake & Gunna),2023-12-07,0.395,0.0,10.0,174744.0,0.187,modern,Low,2023.0,2.9124
0.838,95.013,0.501,arabic,-8.959,0.115,0.829,Kizz Daniel,3.0,0.165,45,Twe Twe,Arab X,Twe Twe,2023-12-11,6.3e-06,0.0,0.0,145032.0,0.533,modern,Low,2023.0,2.4172
0.742,114.012,0.941,arabic,-6.68,0.085,0.425,Naira Marley,4.0,0.0756,45,Wahala,Arab X,Wahala,2023-12-29,0.00227,1.0,2.0,160000.0,0.0117,modern,Low,2023.0,2.6666666666666665
0.834,99.981,0.529,arabic,-4.578,0.274,0.69,"Dj 4kerty, Bella Shmurda",4.0,0.417,29,Majo,Arab X,Majo,2021-03-26,0.0,0.0,11.0,165599.0,0.103,modern,Low,2021.0,2.7599833333333335
0.747,98.111,0.584,arabic,-4.726,0.149,0.798,"Wizkid, Zlatan",4.0,0.258,60,S2,Arab X,IDK (feat. Zlatan),2023-12-21,0.0013,0.0,10.0,180638.0,0.105,modern,Low,2023.0,3.0106333333333333
0.831,111.016,0.841,arabic,-5.64,0.0708,0.584,"Wizkid, Wande Coal",4.0,0.0409,54,S2,Arab X,Ololufe (feat. Wande Coal),2023-12-21,0.00137,0.0,9.0,210195.0,0.0864,modern,Low,2023.0,3.50325
0.788,100.029,0.759,arabic,-4.776,0.0644,0.743,Wizkid,4.0,0.095,56,S2,Arab X,Diamonds,2023-12-21,3.67e-05,1.0,1.0,149171.0,0.0485,modern,Low,2023.0,2.4861833333333334
0.568,109.951,0.749,arabic,-4.627,0.191,0.569,Wizkid,4.0,0.169,49,S2,Arab X,Energy,2023-12-21,0.00114,0.0,11.0,181014.0,0.546,modern,Low,2023.0,3.0169
0.814,110.042,0.859,arabic,-4.568,0.0959,0.91,Wizkid,4.0,0.0469,57,"More Love, Less Ego",Arab X,Bad To Me,2022-11-11,0.0113,0.0,10.0,178587.0,0.0638,modern,Low,2022.0,2.97645
0.526,99.989,0.773,arabic,-11.858,0.169,0.813,"Bnxn, Wizkid",4.0,0.0809,55,Bad Since '97,Arab X,Many Ways (feat. Wizkid),2022-08-24,0.00297,0.0,5.0,227328.0,0.579,modern,Low,2022.0,3.7888
0.778,114.843,0.579,arabic,-4.949,0.142,0.917,"SPINALL, Wizkid",4.0,0.0887,45,Loju (feat. Wizkid),Arab X,Loju (feat. Wizkid),2023-06-30,0.0205,0.0,11.0,174226.0,0.0522,modern,Low,2023.0,2.903766666666667
0.381,140.015,0.741,arabic,-11.531,0.149,0.625,Ayo Maff,4.0,0.339,62,STREET ANTHEM / 7 DAYS,Arab X,7 DAYS,2024-01-26,0.0,1.0,2.0,154200.0,0.64,modern,Low,2024.0,2.57
0.538,115.039,0.833,arabic,-10.94,0.18,0.119,Ayo Maff,4.0,0.0398,48,STREET ANTHEM / 7 DAYS,Arab X,STREET ANTHEM,2024-01-26,0.000282,0.0,11.0,131280.0,0.472,modern,Low,2024.0,2.188
0.722,117.967,0.878,arabic,-6.917,0.141,0.57,"Chike, Mohbad",4.0,0.0473,58,Egwu,Arab X,Egwu,2023-12-15,0.00311,1.0,9.0,136133.0,0.366,modern,Low,2023.0,2.268883333333333
0.695,128.983,0.727,pop,-10.961,0.0714,0.672,Men I Trust,4.0,0.0382,61,Husk,Bedroom Pop,Husk,2024-09-10,0.957,1.0,10.0,204651.0,0.407,bedroom,Low,2024.0,3.41085
0.545,98.232,0.716,pop,-6.949,0.101,0.82,Clairo,4.0,0.0329,64,Sexy to Someone,Bedroom Pop,Sexy to Someone,2024-05-23,0.00344,0.0,0.0,207796.0,0.338,bedroom,Low,2024.0,3.4632666666666667
0.239,84.845,0.435,pop,-10.863,0.127,0.184,The Softies,4.0,0.0263,38,The Bed I Made,Bedroom Pop,I Said What I Said,2024-08-23,0.0671,1.0,7.0,143480.0,0.99,bedroom,Low,2024.0,2.3913333333333333
0.453,104.976,0.596,pop,-9.536,0.0546,0.343,"Cavetown, Frankie Cosmos",4.0,0.026,50,magic 8 ball,Bedroom Pop,magic 8 ball,2024-10-10,2.16e-06,1.0,9.0,178286.0,0.845,bedroom,Low,2024.0,2.971433333333333
0.513,153.683,0.653,pop,-8.972,0.148,0.844,Mk.gee,4.0,0.0724,65,Two Star & The Dream Police,Bedroom Pop,Are You Looking Up,2024-02-09,0.693,1.0,11.0,166179.0,0.964,bedroom,Low,2024.0,2.76965
0.678,117.987,0.688,pop,-9.999,0.669,0.805,Kate Bollinger,4.0,0.0392,36,What’s This About (La La La La),Bedroom Pop,What’s This About (La La La La),2024-07-30,0.0133,1.0,9.0,130622.0,0.174,bedroom,Low,2024.0,2.177033333333333
0.762,90.02,0.508,pop,-8.775,0.107,0.516,Glitter Party,4.0,0.0585,44,time waits,Bedroom Pop,time waits,2023-04-30,0.591,1.0,4.0,199760.0,0.00132,bedroom,Low,2023.0,3.3293333333333335
0.616,94.934,0.674,pop,-3.471,0.331,0.551,Dijon,4.0,0.0272,58,Skin,Bedroom Pop,Skin,2018-04-19,2.1e-06,1.0,7.0,230625.0,0.512,bedroom,Low,2018.0,3.84375
0.446,177.711,0.645,pop,-6.057,0.0947,0.576,strongboi,4.0,0.033,45,magic,Bedroom Pop,magic,2024-04-12,0.000132,1.0,2.0,253312.0,0.479,bedroom,Low,2024.0,4.221866666666667
0.506,173.923,0.415,pop,-7.291,0.105,0.296,Sunday (1994),4.0,0.0282,27,Tired Boy,Bedroom Pop,Tired Boy,2024-02-23,0.000255,1.0,2.0,270345.0,0.133,bedroom,Low,2024.0,4.50575
0.525,113.856,0.702,pop,-5.028,0.119,0.515,Orion Sun,4.0,0.0313,65,dirty dancer,Bedroom Pop,dirty dancer,2022-02-08,0.0667,0.0,7.0,169720.0,0.376,bedroom,Low,2022.0,2.828666666666667
0.762,139.974,0.669,pop,-12.308,0.151,0.876,Takayoshi,4.0,0.0364,67,apart of me,Bedroom Pop,apart of me,2023-01-06,0.842,0.0,5.0,76286.0,0.0663,bedroom,Low,2023.0,1.2714333333333334
0.531,88.009,0.747,pop,-5.99,0.192,0.785,Dijon,4.0,0.0477,64,Absolutely,Bedroom Pop,The Dress,2021-11-05,1.8e-06,1.0,8.0,184768.0,0.266,bedroom,Low,2021.0,3.079466666666667
0.353,124.991,0.81,pop,-9.536,0.082,0.731,Ralph Castelli,4.0,0.0437,63,Morning Sex,Bedroom Pop,Morning Sex,2019-06-07,0.000104,1.0,6.0,175313.0,0.0473,bedroom,Low,2019.0,2.921883333333333
0.551,135.808,0.562,pop,-8.879,0.164,0.386,wave to earth,4.0,0.0318,64,0.1 flaws and all.,Bedroom Pop,bad,2023-04-20,0.113,1.0,2.0,263250.0,0.705,bedroom,Low,2023.0,4.3875
0.394,129.931,0.759,pop,-7.399,0.124,0.501,"grentperez, Lyn Lapid",4.0,0.0636,62,Room For You,Bedroom Pop,Room For You,2024-07-26,0.00168,0.0,6.0,183374.0,0.843,bedroom,Low,2024.0,3.056233333333333
0.413,109.988,0.879,pop,-9.161,0.318,0.869,The Marías,4.0,0.0575,60,Care For You,Bedroom Pop,Care For You,2020-10-16,0.221,0.0,1.0,156027.0,0.816,bedroom,Low,2020.0,2.60045
0.528,107.949,0.693,pop,-8.468,0.114,0.597,Freak Slug,4.0,0.0259,60,Radio,Bedroom Pop,Radio,2020-09-15,0.846,1.0,1.0,191528.0,0.699,bedroom,Low,2020.0,3.1921333333333335
0.669,96.982,0.573,pop,-11.436,0.321,0.159,STRFKR,4.0,0.0332,60,Miracle Mile,Bedroom Pop,Golden Light,2013-02-19,0.806,0.0,8.0,283053.0,0.521,bedroom,Low,2013.0,4.71755
0.262,135.497,0.733,pop,-13.766,0.105,0.444,Clairo,3.0,0.028,59,Heaven,Bedroom Pop,Heaven,2018-09-07,4.79e-06,1.0,0.0,233871.0,0.224,bedroom,Low,2018.0,3.89785
0.71,99.995,0.721,pop,-7.946,0.354,0.684,daydreamers,4.0,0.036,56,Call Me Up,Bedroom Pop,Call Me Up,2024-04-04,0.045,1.0,9.0,161168.0,0.343,bedroom,Low,2024.0,2.6861333333333333
0.62,106.986,0.534,pop,-6.775,0.296,0.547,Her's,4.0,0.0504,56,Songs of Her's,Bedroom Pop,Cool with You,2017-05-12,0.000736,1.0,0.0,375656.0,0.0124,bedroom,Low,2017.0,6.260933333333333
0.745,119.92,0.826,pop,-6.091,0.178,0.883,Claire Rosinkranz,4.0,0.141,56,Frankenstein,Bedroom Pop,Frankenstein,2021-05-14,1.32e-05,1.0,2.0,202249.0,0.13,bedroom,Low,2021.0,3.370816666666667
0.454,184.956,0.7,pop,-8.15,0.162,0.62,Litany,4.0,0.0943,55,4 Track EP,Bedroom Pop,Bedroom,2017-06-07,0.0,1.0,6.0,186781.0,0.0372,bedroom,Low,2017.0,3.1130166666666668
0.508,109.363,0.701,pop,-11.643,0.413,0.21,Hector Gachan,4.0,0.0284,55,Untitled '91,Bedroom Pop,Flook,2017-12-01,0.796,1.0,1.0,87966.0,0.732,bedroom,Low,2017.0,1.4661
0.43,91.841,0.515,rock,-9.935,0.129,0.104,Radiohead,4.0,0.0369,27,Pablo Honey,Alternative Rock,Creep,1993-02-22,0.000141,1.0,7.0,238640.0,0.0102,alternative,Low,1993.0,3.977333333333333
0.738,165.187,0.252,rock,-5.326,0.375,0.256,The Cranberries,4.0,0.0446,24,The Best 90s Album In The World...Ever!,Alternative Rock,Zombie,2021-05-25,0.000497,1.0,7.0,307440.0,0.0145,alternative,Low,2021.0,5.124
0.742,125.052,0.679,rock,-7.863,0.0791,0.552,Hurricane on Saturn,4.0,0.029,47,Φnx,Alternative Rock,Back for More,2023-02-24,0.0,0.0,2.0,202102.0,0.036,alternative,Low,2023.0,3.3683666666666667
0.918,116.731,0.489,rock,-4.502,0.0908,0.691,Nirvana,4.0,0.0554,53,Nevermind (30th Anniversary Super Deluxe),Alternative Rock,Smells Like Teen Spirit - Remastered 2021,2021-11-12,7.64e-05,1.0,1.0,300893.0,3.53e-05,alternative,Low,2021.0,5.014883333333334
0.911,171.112,0.362,rock,-5.966,0.466,0.498,The Verve,4.0,0.049,24,Urban Hymns (Deluxe / Remastered 2016),Alternative Rock,Bitter Sweet Symphony,1997-09-29,0.0,1.0,9.0,357267.0,0.0336,alternative,Low,1997.0,5.95445
0.545,143.991,0.556,rock,-6.768,0.124,0.193,3 Doors Down,4.0,0.0255,50,Away From The Sun,Alternative Rock,Here Without You,2002-01-01,0.0,0.0,10.0,238560.0,0.0635,alternative,Low,2002.0,3.976
0.894,75.005,0.571,rock,-4.561,0.123,0.452,"Hurricane on Saturn, Deuce",4.0,0.0696,46,Monsters,Alternative Rock,Monsters,2022-08-15,6.15e-06,0.0,0.0,261000.0,0.0441,alternative,Low,2022.0,4.35
0.659,82.957,0.474,rock,-4.667,0.154,0.075,Hoobastank,4.0,0.0292,27,The Reason,Alternative Rock,The Reason,2004-04-27,0.0,1.0,4.0,232800.0,0.0125,alternative,Low,2004.0,3.88
0.852,125.632,0.664,rock,-4.996,0.1,0.807,R.E.M.,4.0,0.029,19,Out Of Time (25th Anniversary Edition),Alternative Rock,Losing My Religion,1991-03-12,0.0,0.0,9.0,268427.0,0.174,alternative,Low,1991.0,4.4737833333333334
0.943,152.041,0.428,rock,-4.129,0.814,0.605,Hurricane on Saturn,4.0,0.0798,44,Rescue Light,Alternative Rock,Rescue Light,2024-01-27,0.0,1.0,0.0,199737.0,0.00162,alternative,Low,2024.0,3.32895
0.396,90.025,0.732,rock,-9.348,0.105,0.548,Twenty One Pilots,4.0,0.0286,33,2010s Mixtape: The Greatest Hits,Alternative Rock,Heathens,2023-07-28,3.54e-05,0.0,4.0,195920.0,0.0841,alternative,Low,2023.0,3.2653333333333334
0.931,176.082,0.283,rock,-2.986,0.428,0.35,Bring Me The Horizon,4.0,0.165,65,POST HUMAN: NeX GEn,Rock This,YOUtopia,2024-05-24,0.0,1.0,9.0,242662.0,0.00317,modern,Low,2024.0,4.044366666666667
0.966,103.744,0.359,rock,-3.9,0.198,0.289,Spiritbox,4.0,0.0994,54,Perfect Soul,Rock This,Perfect Soul,2024-11-17,0.0337,0.0,10.0,239640.0,1.56e-05,modern,Low,2024.0,3.994
0.873,94.878,0.459,rock,-4.121,0.194,0.563,The Warning,4.0,0.0735,57,Keep Me Fed,Rock This,Hell You Call A Dream,2024-06-28,0.0,1.0,8.0,176066.0,0.00272,modern,Low,2024.0,2.9344333333333332
0.861,178.119,0.461,rock,-3.381,0.114,0.7,ONE OK ROCK,4.0,0.0988,59,Dystopia,Rock This,Dystopia,2024-10-25,0.0,1.0,9.0,189898.0,0.00322,modern,Low,2024.0,3.1649666666666665
0.784,110.029,0.335,rock,-4.161,0.333,0.333,Amira Elfeky,5.0,0.0534,58,Will You Love Me When I’m Dead,Rock This,Will You Love Me When I’m Dead,2024-10-23,0.00147,0.0,6.0,193798.0,0.014,modern,Low,2024.0,3.229966666666667
0.775,160.08,0.39,rock,-3.358,0.0965,0.214,blink-182,4.0,0.0288,59,ONE MORE TIME... PART-2,Rock This,TAKE ME IN,2024-09-06,0.0,1.0,1.0,219390.0,0.0073,modern,Low,2024.0,3.6565
0.881,166.07,0.474,rock,-3.578,0.489,0.402,unpeople,4.0,0.091,45,the garden,Rock This,the garden,2024-10-15,0.000195,1.0,1.0,203770.0,0.000165,modern,Low,2024.0,3.396166666666667
0.921,157.946,0.391,rock,-4.159,0.0703,0.271,The Amazons,4.0,0.0526,49,Pitch Black,Rock This,Pitch Black,2024-11-06,2.59e-06,0.0,0.0,265188.0,0.0286,modern,Low,2024.0,4.4198
0.958,144.453,0.528,rock,-2.4,0.135,0.587,Amyl and The Sniffers,4.0,0.0573,55,Cartoon Darkness,Rock This,Jerkin',2024-10-25,0.0,1.0,11.0,128659.0,0.00299,modern,Low,2024.0,2.1443166666666666
0.922,160.046,0.537,rock,-3.8,0.252,0.775,Dead Poet Society,4.0,0.0785,53,FISSION,Rock This,HURT,2024-01-26,0.0,0.0,11.0,213925.0,0.00141,modern,Low,2024.0,3.5654166666666667
0.908,161.011,0.476,rock,-4.569,0.124,0.649,Sam Fender,4.0,0.068,67,People Watching,Rock This,People Watching,2024-11-15,0.000553,1.0,6.0,311480.0,0.00776,modern,Low,2024.0,5.191333333333334
0.904,143.929,0.477,rock,-4.074,0.068,0.688,Cage The Elephant,4.0,0.0377,50,Neon Pill,Rock This,Metaverse,2024-05-17,1.86e-06,1.0,9.0,134373.0,1.52e-05,modern,Low,2024.0,2.23955
0.835,153.087,0.454,rock,-4.642,0.154,0.299,Dexter and The Moonrocks,4.0,0.0464,17,Sad In Carolina,Rock This,Sad In Carolina,2024-05-01,5.71e-06,0.0,1.0,190553.0,0.000732,modern,Low,2024.0,3.175883333333333
0.749,122.057,0.479,rock,-5.858,0.113,0.575,Inhaler,4.0,0.0527,61,Your House,Rock This,Your House,2024-10-29,1.15e-05,0.0,11.0,227308.0,0.00453,modern,Low,2024.0,3.788466666666667
0.837,75.038,0.455,rock,-2.589,0.191,0.537,The Beaches,4.0,0.0435,55,Takes One To Know One,Rock This,Takes One To Know One,2024-07-12,4.57e-06,0.0,2.0,167997.0,0.00291,modern,Low,2024.0,2.79995
0.898,147.989,0.599,rock,-3.265,0.0802,0.763,The Wrecks,4.0,0.0855,54,"Always, Everytime",Rock This,"Always, Everytime",2024-10-04,2.08e-06,1.0,7.0,171748.0,0.000772,modern,Low,2024.0,2.8624666666666667
0.891,131.698,0.504,rock,-5.072,0.0962,0.495,Jack White,4.0,0.0628,51,You Got Me Searching,Rock This,You Got Me Searching,2024-11-15,0.00571,1.0,7.0,218520.0,0.0473,modern,Low,2024.0,3.642
0.834,116.03,0.563,rock,-5.549,0.336,0.38,Palaye Royale,4.0,0.0367,48,Showbiz,Rock This,Showbiz,2024-06-26,5.03e-05,0.0,2.0,165733.0,0.0304,modern,Low,2024.0,2.7622166666666668
0.892,133.028,0.566,rock,-4.979,0.316,0.367,Badflower,4.0,0.0354,50,Detroit,Rock This,Detroit,2024-07-26,0.0,1.0,0.0,211509.0,0.000538,modern,Low,2024.0,3.52515
0.987,109.989,0.513,rock,-4.08,0.217,0.357,House of Protection,4.0,0.324,47,GALORE,Rock This,Fuse,2024-09-13,0.0302,1.0,0.0,191667.0,0.0034,modern,Low,2024.0,3.19445
0.832,145.091,0.5,metal,-4.229,0.0829,0.593,"Ryuven, Ner Leva",4.0,0.0513,44,The Rumbling (Attack on Titan),Heavy Metal Classics,The Rumbling (Attack on Titan),2022-03-09,0.000216,1.0,8.0,94655.0,0.0191,heavy,Low,2022.0,1.5775833333333333
0.987,103.162,0.435,metal,-4.667,0.268,0.1,Judas Priest,4.0,0.16,64,Painkiller,Heavy Metal Classics,Painkiller,1990-09-26,0.0879,0.0,1.0,365827.0,0.000195,heavy,Low,1990.0,6.0971166666666665
0.89,146.525,0.552,punk,-3.409,0.888,0.716,Green Day,4.0,0.0342,61,Greatest Hits: God's Favorite Band,Pop Punk Powerhouses,Holiday,2017-11-17,0.0,1.0,8.0,232680.0,0.000143,pop punk,Low,2017.0,3.878
0.831,131.094,0.528,punk,-3.607,0.141,0.632,Paramore,3.0,0.0429,66,Riot!,Pop Punk Powerhouses,That's What You Get,2007-06-11,0.0,1.0,8.0,220480.0,9.43e-05,pop punk,Low,2007.0,3.6746666666666665
0.719,142.034,0.457,punk,-3.921,0.228,0.168,Avril Lavigne,4.0,0.0323,67,The Best Damn Thing (Expanded Edition),Pop Punk Powerhouses,When You're Gone,2007-04-17,0.0,0.0,4.0,240493.0,0.191,pop punk,Low,2007.0,4.008216666666667
0.917,169.088,0.395,punk,-6.86,0.261,0.563,Simple Plan,4.0,0.133,61,"No Pads, No Helmets...Just Balls (15th Anniversary Tour Edition)",Pop Punk Powerhouses,I'd Do Anything,2002-03-19,0.0,1.0,8.0,197640.0,0.00143,pop punk,Low,2002.0,3.294
0.751,139.51,0.522,punk,-5.46,0.158,0.605,Simple Plan,3.0,0.0435,59,"No Pads, No Helmets...Just Balls (15th Anniversary Tour Edition)",Pop Punk Powerhouses,Addicted,2002-03-19,2.22e-06,1.0,1.0,232067.0,0.000491,pop punk,Low,2002.0,3.867783333333333
0.671,82.94,0.474,punk,-4.649,0.159,0.0682,Hoobastank,4.0,0.0289,23,The Reason (15th Anniversary Deluxe),Pop Punk Powerhouses,The Reason,2003-12-09,0.0,1.0,4.0,232800.0,0.0129,pop punk,Low,2003.0,3.88
0.636,87.89,0.454,punk,-4.731,0.154,0.313,The All-American Rejects,4.0,0.0273,57,Move Along,Pop Punk Powerhouses,It Ends Tonight,2005-01-01,0.0,1.0,0.0,244827.0,0.00228,pop punk,Low,2005.0,4.08045
0.34,149.788,0.367,punk,-7.877,0.0868,0.0704,Evanescence,4.0,0.0306,57,Fallen,Pop Punk Powerhouses,My Immortal - Band Version,2003-03-04,1.56e-05,1.0,9.0,273360.0,0.755,pop punk,Low,2003.0,4.556
0.916,109.864,0.518,punk,-3.858,0.291,0.646,The All-American Rejects,4.0,0.0454,67,Move Along,Pop Punk Powerhouses,Move Along,2005-01-01,0.0,1.0,3.0,238880.0,0.000148,pop punk,Low,2005.0,3.981333333333333
0.69,140.329,0.637,blues,-3.214,0.211,0.103,"JAY-Z, Mr Hudson",4.0,0.0693,63,The Blueprint 3,Classic Blues,Young Forever,2009-09-08,0.0,0.0,9.0,253907.0,0.417,classic,Low,2009.0,4.2317833333333335
0.365,131.251,0.526,blues,-12.605,0.0618,0.254,Bryan Adams,4.0,0.028,62,Waking Up The Neighbours,Classic Blues,(Everything I Do) I Do It For You,1991-09-24,1.37e-05,1.0,1.0,394133.0,0.0775,classic,Low,1991.0,6.568883333333333
0.702,114.038,0.807,blues,-6.594,0.111,0.447,"Wale, Rihanna",4.0,0.0748,64,The Gifted,Classic Blues,Bad (feat. Rihanna) - Remix,2013-06-25,0.0,0.0,6.0,238827.0,0.307,classic,Low,2013.0,3.98045
0.325,118.515,0.344,blues,-10.005,0.0686,0.0775,Céline Dion,4.0,0.0287,67,Falling into You,Classic Blues,All By Myself,1996-03-11,0.0223,0.0,11.0,312307.0,0.35,classic,Low,1996.0,5.205116666666667
0.501,142.595,0.567,blues,-8.038,0.0986,0.201,Boyz II Men,3.0,0.0241,59,II,Classic Blues,I'll Make Love To You,1994-01-01,0.0,1.0,2.0,236773.0,0.0994,classic,Low,1994.0,3.9462166666666665
0.487,136.086,0.725,blues,-5.959,0.431,0.599,Joe,4.0,0.0368,66,My Name Is Joe,Classic Blues,I Wanna Know,2000-04-18,1.09e-05,0.0,8.0,296693.0,0.26,classic,Low,2000.0,4.944883333333333
0.4,77.314,0.463,blues,-9.999,0.131,0.121,"Céline Dion, Peabo Bryson",4.0,0.0308,64,Celine Dion,Classic Blues,"Beauty and the Beast - from the Soundtrack ""Beauty and the Beast""",1992-03-30,2.46e-05,0.0,6.0,249240.0,0.643,classic,Low,1992.0,4.154
0.402,119.873,0.651,blues,-9.303,0.0765,0.258,Michael Jackson,4.0,0.028,68,"HIStory - PAST, PRESENT AND FUTURE - BOOK I",Classic Blues,You Are Not Alone,1995-06-16,7.73e-05,1.0,11.0,345600.0,0.639,classic,Low,1995.0,5.76
0.532,130.071,0.626,blues,-7.205,0.122,0.33,Westlife,4.0,0.0275,65,Westlife,Classic Blues,Swear It Again - Radio Edit,1999-11-01,0.0,1.0,9.0,248240.0,0.296,classic,Low,1999.0,4.137333333333333
0.485,80.948,0.545,blues,-8.045,0.104,0.101,Michael Jackson,4.0,0.0485,67,Dangerous,Classic Blues,Heal the World,1991-11-13,1.8e-06,1.0,9.0,384307.0,0.537,classic,Low,1991.0,6.405116666666666
0.488,72.517,0.457,blues,-7.964,0.154,0.283,Westlife,4.0,0.0301,61,Westlife,Classic Blues,Flying Without Wings,1999-11-01,0.0,1.0,8.0,216267.0,0.326,classic,Low,1999.0,3.60445
0.37,133.907,0.459,blues,-8.041,0.234,0.118,Michael Jackson,4.0,0.0471,47,Invincible,Classic Blues,Speechless,2001-10-29,0.0,0.0,7.0,198373.0,0.565,classic,Low,2001.0,3.306216666666667
0.496,176.984,0.438,blues,-7.905,0.225,0.257,Céline Dion,3.0,0.0262,65,Falling into You,Classic Blues,I Love You,1996-03-11,0.0,0.0,1.0,330200.0,0.436,classic,Low,1996.0,5.503333333333333
0.477,95.958,0.413,blues,-7.748,0.122,0.241,"Luther Vandross, Mariah Carey",4.0,0.0264,61,Songs,Classic Blues,Endless Love (with Mariah Carey),1994-09-20,2.39e-06,1.0,10.0,259667.0,0.747,classic,Low,1994.0,4.3277833333333335
0.746,135.021,0.713,blues,-4.99,0.601,0.47,"T.I., Justin Timberlake",4.0,0.259,67,Paper Trail,Classic Blues,Dead And Gone,2008-09-07,0.0,1.0,0.0,299747.0,0.0402,classic,Low,2008.0,4.995783333333334
0.432,137.482,0.464,blues,-7.024,0.141,0.11,Céline Dion,4.0,0.0312,49,A New Day Has Come,Classic Blues,Have You Ever Been In Love,2002-03-22,0.0,1.0,6.0,248160.0,0.611,classic,Low,2002.0,4.136
0.753,88.992,0.698,blues,-4.819,0.061,0.509,Céline Dion,4.0,0.0731,37,A New Day Has Come,Classic Blues,"Rain, Tax (It's Inevitable)",2002-03-22,0.0,0.0,4.0,205627.0,0.165,classic,Low,2002.0,3.4271166666666666
0.333,119.483,0.436,blues,-9.869,0.187,0.0609,Céline Dion,3.0,0.0354,55,A New Day Has Come,Classic Blues,A New Day Has Come,2002-03-22,9.61e-06,1.0,6.0,341800.0,0.722,classic,Low,2002.0,5.696666666666666
0.627,111.026,0.525,blues,-6.59,0.0927,0.235,Beyoncé,3.0,0.0335,53,4,Classic Blues,I Was Here,2011-06-24,0.0,1.0,7.0,239213.0,0.431,classic,Low,2011.0,3.986883333333333
0.579,91.506,0.686,blues,-8.412,0.0965,0.578,Lionel Richie,4.0,0.0272,30,Truly: The Love Songs,Classic Blues,Do It To Me,1997-01-01,7.43e-05,1.0,0.0,361933.0,0.131,classic,Low,1997.0,6.032216666666667
0.572,94.897,0.572,blues,-8.324,0.191,0.61,Ne-Yo,4.0,0.3,58,In My Own Words,Classic Blues,So Sick,2006-01-01,0.0,1.0,6.0,207187.0,0.254,classic,Low,2006.0,3.453116666666667
0.394,104.987,0.675,blues,-8.539,0.214,0.405,"T-Pain, Akon",4.0,0.133,19,Epiphany,Classic Blues,Bartender (feat. Akon),2007-06-05,0.0,1.0,8.0,238800.0,0.0611,classic,Low,2007.0,3.98
0.742,83.066,0.523,blues,-5.495,0.102,0.353,"T-Pain, Lily Allen, Wiz Khalifa",4.0,0.227,56,Revolver (Expanded Edition),Classic Blues,5 O'Clock (feat. Lily Allen & Wiz Khalifa),2011-12-06,0.0,0.0,7.0,281280.0,0.0697,classic,Low,2011.0,4.688
0.458,83.61,0.75,blues,-9.092,0.137,0.536,Beyoncé,4.0,0.0803,59,Dangerously In Love,Classic Blues,"Me, Myself and I",2003-06-24,3.25e-05,1.0,1.0,301133.0,0.226,classic,Low,2003.0,5.018883333333333
0.244,114.782,0.73,blues,-14.235,0.0879,0.734,Robert Johnson,4.0,0.369,24,The Centennial Collection,Delta Blues,They're Red Hot - SA.2627-1,2011-04-22,0.0,1.0,0.0,178853.0,0.913,delta,Low,2011.0,2.9808833333333333
0.379,118.013,0.662,blues,-17.301,0.816,0.365,Big Joe Williams,4.0,0.0724,19,The Very Best of Big Joe Williams,Delta Blues,Nobody Knows You When You're Down and Out,2011-05-03,0.018,0.0,1.0,212960.0,0.879,delta,Low,2011.0,3.5493333333333332
0.122,103.979,0.715,blues,-14.933,0.18,0.577,Lead Belly,4.0,0.409,34,Lead Belly's Last Sessions,Delta Blues,Black Betty,1994-09-20,0.0,1.0,11.0,112773.0,0.534,delta,Low,1994.0,1.87955
0.234,85.809,0.472,blues,-13.459,0.23,0.324,Skip James,4.0,0.0331,18,The Complete Early Recordings 1930 (1994 Remastered),Delta Blues,Devil Got My Woman - 1994 Remastered,1994-01-01,0.0071,0.0,4.0,179360.0,0.981,delta,Low,1994.0,2.989333333333333
0.331,81.155,0.444,blues,-15.307,0.0695,0.876,Skip James,4.0,0.225,25,Skip James Live Vol. 2 Bloomington 1968 Part 1,Delta Blues,Crow Jane,2005-03-22,0.00253,0.0,11.0,143673.0,0.931,delta,Low,2005.0,2.39455
0.121,102.598,0.599,blues,-18.501,0.0933,0.568,"Skip James, Jack Owens",4.0,0.0583,21,50 YEARS Mississippi Blues in Bentonia,Delta Blues,Cypress Grove Blues,2017-01-24,0.0419,1.0,7.0,189187.0,0.992,delta,Low,2017.0,3.1531166666666666
0.267,90.522,0.573,blues,-9.051,0.106,0.437,Blind Willie McTell,4.0,0.0547,31,Blind Willie McTell -Statesboro Blues - The Early Years 1927-1935,Delta Blues,Statesboro Blues,2005-08-30,0.000388,1.0,6.0,152853.0,0.973,delta,Low,2005.0,2.54755
0.288,115.685,0.803,blues,-15.418,0.0833,0.865,Son House,4.0,0.0629,36,Father Of The Delta Blues: The Complete 1965 Sessions,Delta Blues,Death Letter Blues,1992-06-18,0.0593,0.0,7.0,259160.0,0.865,delta,Low,1992.0,4.319333333333334
0.349,172.417,0.595,blues,-7.902,0.103,0.231,Son House,4.0,0.153,18,Preachin' Blues,Delta Blues,Preachin' Blues,2021-12-15,2.97e-06,1.0,8.0,316360.0,0.797,delta,Low,2021.0,5.272666666666667
0.433,103.467,0.502,blues,-14.619,0.167,0.566,Mississippi Fred McDowell,4.0,0.0339,28,Good Morning Little School Girl,Delta Blues,Good Morning Little Schoolgirl,1994-01-01,0.002,0.0,8.0,201600.0,0.668,delta,Low,1994.0,3.36
0.416,99.727,0.664,blues,-8.34,0.0787,0.649,Son House,4.0,0.0398,22,Empire State Express,Delta Blues,Empire State Express,2022-01-19,1.07e-05,1.0,0.0,270707.0,0.815,delta,Low,2022.0,4.511783333333334
0.79,103.783,0.599,rock,-3.58,0.312,0.961,The Black Crowes,4.0,0.043,67,Shake Your Money Maker,Southern Rock,Hard To Handle,1990-02-13,0.00181,1.0,4.0,188067.0,0.00257,southern,Low,1990.0,3.13445
0.865,117.528,0.465,rock,-9.573,0.0769,0.677,Ram Jam,4.0,0.098,62,The Very Best Of Ram Jam,Southern Rock,Black Betty,1990-02-27,0.00135,0.0,11.0,237893.0,0.018,southern,Low,1990.0,3.9648833333333333
0.706,127.24,0.55,rock,-5.552,0.0853,0.822,38 Special,4.0,0.0304,52,20th Century Masters The Millennium Collection: Best of 38 Special,Southern Rock,Hold On Loosely,2000-01-01,6.36e-05,1.0,9.0,279893.0,0.00692,southern,Low,2000.0,4.664883333333333
0.797,153.514,0.231,rock,-4.699,0.255,0.336,Blackberry Smoke,4.0,0.0489,45,The Whippoorwill,Southern Rock,Ain't Much Left of Me,2012-08-14,1.4e-06,1.0,7.0,298787.0,0.129,southern,Low,2012.0,4.979783333333334
0.798,119.984,0.553,rock,-4.102,0.375,0.397,Blackberry Smoke,4.0,0.0306,42,The Whippoorwill,Southern Rock,Pretty Little Lie,2012-08-14,0.0,1.0,7.0,214867.0,0.00714,southern,Low,2012.0,3.5811166666666665
0.552,124.917,0.604,rock,-9.458,0.139,0.757,Rossington Collins Band,4.0,0.0343,41,20th Century Masters: The Millennium Collection: Best Of The Rossington Collins Band,Southern Rock,Don't Misunderstand Me,2003-01-01,0.0262,1.0,0.0,236200.0,0.22,southern,Low,2003.0,3.9366666666666665
0.659,143.554,0.388,folk,-7.372,0.0943,0.401,Vance Joy,4.0,0.0308,67,Dream Your Life Away (Deluxe Edition),Indie Folk,Georgia,2014-08-05,0.000315,1.0,11.0,230507.0,0.312,indie,Low,2014.0,3.8417833333333333
0.325,154.198,0.381,folk,-9.972,0.113,0.208,Gregory Alan Isakov,3.0,0.0305,62,The Weatherman,Indie Folk,Second Chances,2013-07-09,0.0925,1.0,4.0,229227.0,0.947,indie,Low,2013.0,3.82045
0.652,101.243,0.509,folk,-13.103,0.29,0.742,The Barr Brothers,4.0,0.0431,56,Sleeping Operator,Indie Folk,Even the Darkness Has Arms,2014-10-06,0.143,1.0,11.0,230518.0,0.809,indie,Low,2014.0,3.8419666666666665
0.399,141.932,0.571,folk,-11.92,0.0926,0.612,Caamp,4.0,0.0364,67,Caamp,Indie Folk,Vagabond,2016-03-08,0.0146,1.0,4.0,129464.0,0.766,indie,Low,2016.0,2.1577333333333333
0.724,102.03,0.487,folk,-5.905,0.213,0.546,The Head And The Heart,4.0,0.0289,60,Signs of Light,Indie Folk,All We Ever Knew,2016-09-09,1.03e-05,1.0,0.0,225560.0,0.00224,indie,Low,2016.0,3.759333333333333
0.492,77.585,0.521,folk,-9.127,0.118,0.301,Nathaniel Rateliff,4.0,0.0297,59,And It’s Still Alright,Indie Folk,And It's Still Alright,2020-02-14,0.619,1.0,3.0,235747.0,0.689,indie,Low,2020.0,3.929116666666667
0.363,107.953,0.672,folk,-10.368,0.113,0.385,"Noah Kahan, Gregory Alan Isakov",4.0,0.033,60,Stick Season (Forever),Indie Folk,Paul Revere (with Gregory Alan Isakov),2024-02-09,5.14e-06,1.0,2.0,213313.0,0.617,indie,Low,2024.0,3.5552166666666665
0.423,91.044,0.681,folk,-12.002,0.0925,0.439,"Goodnight, Texas",4.0,0.0253,55,A Long Life of Living,American Folk,The Railroad,2012-10-02,0.512,1.0,0.0,250240.0,0.627,american,Low,2012.0,4.1706666666666665
0.519,105.101,0.5,folk,-9.661,0.0759,0.875,Poor Man's Poison,4.0,0.0464,64,Providence,American Folk,Providence,2014-01-28,1.16e-05,0.0,4.0,183533.0,0.179,american,Low,2014.0,3.058883333333333
0.368,116.221,0.657,folk,-9.978,0.109,0.522,Watchhouse,4.0,0.0281,64,Such Jubilee,American Folk,Old Ties and Companions,2015-05-05,0.00293,1.0,7.0,188947.0,0.884,american,Low,2015.0,3.1491166666666666
0.105,52.946,0.653,folk,-16.511,0.114,0.231,"Emmylou Harris, Alison Krauss, Gillian Welch",4.0,0.0454,50,"O Brother, Where Art Thou? (Original Motion Picture Soundtrack)",American Folk,Didn't Leave Nobody But The Baby,2000-12-05,0.0,0.0,10.0,117800.0,0.951,american,Low,2000.0,1.9633333333333334
0.124,139.584,0.473,folk,-13.245,0.126,0.476,"Colter Wall, Tyler Childers",4.0,0.0339,65,Colter Wall,American Folk,Fraulein (feat. Tyler Childers),2017-05-12,3.49e-05,1.0,7.0,143000.0,0.942,american,Low,2017.0,2.3833333333333333
0.723,77.143,0.301,mandopop,-6.808,0.0851,0.359,告五人,1.0,0.286,54,從未見過的海,Mandopop Hits,從未見過的海 (Netflix 影集《影后》序曲),2024-11-08,0.000303,1.0,2.0,301827.0,0.399,modern,Low,2024.0,5.03045
0.423,129.511,0.529,mandopop,-7.368,0.154,0.223,陳華,4.0,0.0293,59,這麼多年 - 電影《我想和你在一起》插曲,Mandopop Hits,這麼多年 - 電影《我想和你在一起》插曲,2024-06-07,0.0,1.0,3.0,252000.0,0.838,modern,Low,2024.0,4.2
0.471,135.996,0.539,mandopop,-9.082,0.1,0.271,"Nicky Lee, 郑润泽",4.0,0.0415,49,介质,Mandopop Hits,介质,2024-11-08,0.0,1.0,4.0,243356.0,0.77,modern,Low,2024.0,4.055933333333333
0.482,139.842,0.463,mandopop,-5.676,0.256,0.416,Eric Chou,4.0,0.0265,57,想念你想我,Mandopop Hits,想念你想我,2024-11-15,0.0,1.0,9.0,240462.0,0.655,modern,Low,2024.0,4.0077
0.579,131.92,0.532,mandopop,-5.021,0.323,0.362,邱軍,3.0,0.03,63,情歌手,Mandopop Hits,運轉人生 - 影集《華麗計程車行》插曲,2024-02-23,0.0,1.0,0.0,208274.0,0.466,modern,Low,2024.0,3.471233333333333
0.253,130.006,0.531,mandopop,-9.189,0.174,0.255,DIOR 大穎,4.0,0.0367,58,有天會再相見,Mandopop Hits,有天會再相見,2024-09-02,0.0,1.0,3.0,275257.0,0.847,modern,Low,2024.0,4.5876166666666665
0.858,127.981,0.704,mandopop,-4.348,0.0998,0.608,Energy,4.0,0.103,50,Here I Am,Mandopop Hits,星期五晚上,2024-05-02,0.0,1.0,1.0,218351.0,0.0162,modern,Low,2024.0,3.6391833333333334
0.573,169.933,0.496,mandopop,-7.125,0.107,0.122,艾薇,4.0,0.0629,48,不愛就不愛,Mandopop Hits,不愛就不愛,2024-11-02,4.97e-06,0.0,5.0,197764.0,0.232,modern,Low,2024.0,3.2960666666666665
0.758,90.949,0.636,mandopop,-4.034,0.0678,0.586,小男孩樂團,4.0,0.0379,48,Hey Girl (Netflix影集《影后》片尾曲),Mandopop Hits,Hey Girl - Netflix影集《影后》片尾曲,2024-11-15,0.0,1.0,7.0,230769.0,0.16,modern,Low,2024.0,3.84615
0.671,76.037,0.592,mandopop,-5.054,0.318,0.207,"高爾宣 OSN, Patrick Brasca",4.0,0.0393,63,Hold On,Mandopop Hits,Hold On,2024-06-14,0.0,1.0,9.0,180122.0,0.0152,modern,Low,2024.0,3.0020333333333333
0.35,180.059,0.436,mandopop,-7.237,0.438,0.317,芒果醬 Mango Jump,3.0,0.0348,53,月亮,Mandopop Hits,月亮,2024-09-17,0.0,1.0,4.0,257500.0,0.725,modern,Low,2024.0,4.291666666666667
0.367,137.9,0.448,mandopop,-9.595,0.177,0.356,"王赫野, 姚晓棠",4.0,0.032,59,天赐的声音第五季 第1期 (Live),Mandopop Hits,最后一页 - Live,2024-04-26,0.0,1.0,4.0,280416.0,0.691,modern,Low,2024.0,4.6736
0.68,144.201,0.41,mandopop,-3.901,0.116,0.252,蕭秉治,4.0,0.0339,46,我對你的愛沒有盡頭,Mandopop Hits,我對你的愛沒有盡頭,2024-11-07,0.0,1.0,0.0,250082.0,0.496,modern,Low,2024.0,4.168033333333334
0.68,100.008,0.601,mandopop,-5.456,0.271,0.775,"李浩瑋 Howard Lee, Patrick Brasca",4.0,0.0943,46,泡沫,Mandopop Hits,泡沫,2024-11-15,0.0,1.0,9.0,182407.0,0.181,modern,Low,2024.0,3.0401166666666666
0.577,130.368,0.651,cantopop,-10.557,0.0714,0.587,Samantha Lam,4.0,0.0373,19,偶遇2000精選,Cantopop Essentials,初戀,2000-07-24,1.81e-05,0.0,1.0,227733.0,0.671,classic,Low,2000.0,3.79555
0.773,149.715,0.676,cantopop,-8.344,0.0831,0.764,Alan Tam,4.0,0.0453,29,浪漫經典,Cantopop Essentials,愛情陷阱,2008-01-01,0.0,1.0,0.0,230773.0,0.267,classic,Low,2008.0,3.846216666666667
0.375,109.462,0.662,cantopop,-10.601,0.169,0.28,Alan Tam,4.0,0.0275,28,浪漫經典,Cantopop Essentials,朋友 - 電影「龍兄虎弟」歌曲,2008-01-01,0.0,1.0,7.0,284893.0,0.779,classic,Low,2008.0,4.748216666666667
0.2,125.939,0.65,cantopop,-14.531,0.131,0.18,Alan Tam,4.0,0.0373,32,浪漫經典第二輯,Cantopop Essentials,一生中最愛 - 電影《雙城故事》歌曲,2008-01-01,5.29e-05,1.0,3.0,260800.0,0.845,classic,Low,2008.0,4.346666666666667
0.404,139.757,0.488,cantopop,-7.598,0.0963,0.176,Alan Tam,4.0,0.0266,11,廣東經典101 Vol.2,Cantopop Essentials,雨夜的浪漫,2014-01-01,0.0,0.0,4.0,258280.0,0.693,classic,Low,2014.0,4.304666666666667
0.384,144.798,0.308,cantopop,-12.652,0.172,0.226,Priscilla Chan,4.0,0.032,15,極品天碟 陳慧嫻,Cantopop Essentials,夜機,2011-01-01,0.0,0.0,4.0,272373.0,0.744,classic,Low,2011.0,4.53955
0.599,97.549,0.719,cantopop,-6.037,0.148,0.367,Shirley Kwan,4.0,0.0219,14,MY FAVORITE SK,Cantopop Essentials,難得有情人,2013-01-01,0.000631,0.0,4.0,221827.0,0.249,classic,Low,2013.0,3.6971166666666666
0.45,128.022,0.616,cantopop,-11.201,0.103,0.368,Vivian Lai,4.0,0.0401,27,真經典 - 黎瑞恩,Cantopop Essentials,多情,2001-01-01,0.0,1.0,10.0,249373.0,0.772,classic,Low,2001.0,4.1562166666666664
0.43,160.0,0.619,cantopop,-9.716,0.207,0.379,Vivian Lai,4.0,0.0304,39,真經典 - 黎瑞恩,Cantopop Essentials,一人有一個夢想,2001-01-01,0.0,1.0,4.0,230027.0,0.716,classic,Low,2001.0,3.8337833333333333
0.893,114.058,0.764,cantopop,-5.858,0.0336,0.977,"Sandy Lam, Wong Kei Wah",4.0,0.0385,28,都市觸覺第三輯 (Faces And Places),Cantopop Essentials,傾斜,1990-08-28,0.00487,1.0,7.0,261427.0,0.0381,classic,Low,1990.0,4.357116666666666
0.489,77.956,0.489,cantopop,-6.625,0.214,0.243,Sandy Lam,4.0,0.0279,20,放縱,Cantopop Essentials,放縱,2011-04-04,6.49e-06,0.0,7.0,280267.0,0.542,classic,Low,2011.0,4.671116666666666
0.744,125.986,0.843,cantopop,-7.675,0.0877,0.962,Sandy Lam,4.0,0.0343,31,灰色,Cantopop Essentials,灰色,2009-04-06,7.13e-06,0.0,9.0,240360.0,0.293,classic,Low,2009.0,4.006
0.363,78.565,0.482,cantopop,-10.612,0.0594,0.202,Jacky Cheung,4.0,0.03,18,絲絲記憶情歌精選,Cantopop Essentials,SMILE AGAIN 瑪莉亞,2013-01-01,1.91e-05,0.0,7.0,299533.0,0.806,classic,Low,2013.0,4.992216666666667
0.4,144.692,0.513,cantopop,-12.346,0.0918,0.193,Jacky Cheung,4.0,0.0326,32,絲絲記憶情歌精選,Cantopop Essentials,Amour,2013-01-01,3.84e-06,1.0,9.0,262947.0,0.383,classic,Low,2013.0,4.38245
0.335,88.267,0.565,cantopop,-14.849,0.0821,0.322,Jacky Cheung,4.0,0.0294,39,絲絲記憶情歌精選,Cantopop Essentials,月半彎,2013-01-01,2.04e-05,1.0,5.0,230027.0,0.6,classic,Low,2013.0,3.8337833333333333
0.358,181.78,0.419,cantopop,-13.989,0.0942,0.392,Jacky Cheung,4.0,0.0456,38,絲絲記憶情歌精選,Cantopop Essentials,情已逝,2013-01-01,5.08e-05,0.0,0.0,285133.0,0.713,classic,Low,2013.0,4.7522166666666665
0.238,142.425,0.5,cantopop,-13.304,0.119,0.158,Jacky Cheung,4.0,0.0533,25,絲絲記憶情歌精選,Cantopop Essentials,輕撫妳的臉,2013-01-01,0.0,1.0,7.0,209253.0,0.769,classic,Low,2013.0,3.48755
0.374,130.241,0.565,cantopop,-12.424,0.151,0.199,Jacky Cheung,4.0,0.0312,18,絲絲記憶情歌精選,Cantopop Essentials,絲絲記憶 - 電影「錯點鴛鴦」主題曲,2013-01-01,0.0,1.0,10.0,187533.0,0.712,classic,Low,2013.0,3.12555
0.376,70.101,0.537,cantopop,-14.871,0.106,0.332,Andy Lau,4.0,0.0353,22,復黑王 - 可不可以 - 劉德華,Cantopop Essentials,可不可以,2006-01-01,9.55e-06,1.0,6.0,282493.0,0.687,classic,Low,2006.0,4.708216666666667
0.462,120.999,0.443,cantopop,-5.205,0.111,0.239,Sally Yeh,4.0,0.0329,24,葉蒨文25週年經典金曲32首,Cantopop Essentials,情人知己,2004-12-02,0.0,1.0,8.0,272000.0,0.662,classic,Low,2004.0,4.533333333333333
0.745,134.172,0.617,cantopop,-5.378,0.0764,0.498,Sally Yeh,4.0,0.027,23,葉蒨文25週年經典金曲32首,Cantopop Essentials,女人的弱點,2004-12-02,0.0,1.0,9.0,347000.0,0.396,classic,Low,2004.0,5.783333333333333
0.422,74.683,0.584,cantopop,-5.869,0.0868,0.19,Sally Yeh,4.0,0.0295,15,葉蒨文25週年經典金曲32首,Cantopop Essentials,阿信的故事,2004-12-02,0.00316,1.0,9.0,216000.0,0.742,classic,Low,2004.0,3.6
0.342,181.047,0.234,cantopop,-8.566,0.124,0.268,Sally Yeh,4.0,0.0354,21,葉蒨文25週年經典金曲32首,Cantopop Essentials,零時十分,2004-12-02,0.000379,1.0,0.0,201827.0,0.826,classic,Low,2004.0,3.363783333333333
0.311,76.951,0.311,cantopop,-11.516,0.195,0.369,Beyond,4.0,0.0323,18,Beyond 24K Mastersonic Compilation,Cantopop Essentials,海闊天空,1992-07-31,0.0,1.0,5.0,239507.0,0.69,classic,Low,1992.0,3.9917833333333332
0.892,152.98,0.499,cantopop,-5.172,0.0996,0.457,Beyond,4.0,0.0694,34,Beyond 24K Mastersonic Compilation,Cantopop Essentials,我是憤怒,1992-07-31,5.84e-05,0.0,11.0,252160.0,0.0048,classic,Low,1992.0,4.2026666666666666
0.445,143.998,0.543,cantopop,-8.137,0.0586,0.152,Beyond,4.0,0.0277,17,Beyond 24K Mastersonic Compilation,Cantopop Essentials,情人,1992-07-31,1.3e-05,1.0,0.0,317000.0,0.375,classic,Low,1992.0,5.283333333333333
0.539,89.129,0.217,cantopop,-12.261,0.0658,0.312,Beyond,4.0,0.0402,27,華納廿三週年紀念精選系列 - Beyond,Cantopop Essentials,早班火車,1992-07-31,3.69e-05,1.0,2.0,351507.0,0.0903,classic,Low,1992.0,5.85845
0.559,120.055,0.674,indian,-6.354,0.194,0.683,Meghdeep Bose,3.0,0.0303,20,Aa Vasant Rajni,Indian Classical,Aa Vasant Rajni,2023-02-18,0.000139,1.0,9.0,289972.0,0.849,classical,Low,2023.0,4.832866666666667
0.552,139.892,0.422,indian,-8.347,0.116,0.236,"Abhijit Pohankar, Ramakant Gaikwad, Samarth Desai, Amit Mishra",3.0,0.036,20,Akeli Dar Lage,Indian Classical,Akeli Dar Lage,2023-10-06,0.217,1.0,6.0,244975.0,0.661,classical,Low,2023.0,4.082916666666667
0.612,170.021,0.375,indian,-9.085,0.48,0.445,"Abby V, Ricky Kej, Sivaangi Krishnakumar",4.0,0.132,20,Aarambh,Indian Classical,Mangal Din,2023-11-24,7.71e-06,1.0,5.0,275000.0,0.179,classical,Low,2023.0,4.583333333333333
0.372,198.004,0.326,indian,-12.065,0.25,0.242,"Madhubanti Bagchi, Shashwat Sachdev",4.0,0.268,20,Article 370,Indian Classical,Najariya LoFi Cake Mix,2024-02-19,0.46,1.0,8.0,156900.0,0.296,classical,Low,2024.0,2.615
0.609,110.016,0.674,indian,-9.329,0.105,0.113,"Abby V, Ricky Kej, Benny Dayal",4.0,0.0476,23,Jaa Kaga,Indian Classical,Jaa Kaga,2023-10-20,1.17e-06,1.0,1.0,310320.0,0.267,classical,Low,2023.0,5.172
0.779,150.04,0.269,indian,-5.135,0.0892,0.384,"Shankar-Ehsaan-Loy, Farid Hasan, Mohammed Aman",3.0,0.0519,36,Bandish Bandits (Original Series Soundtrack),Indian Classical,Garaj Garaj Jugalbandi,2020-07-27,1.73e-06,1.0,2.0,330922.0,0.0463,classical,Low,2020.0,5.515366666666667
0.86,103.146,0.385,indian,-7.159,0.295,0.737,"Jazim Sharma, Kumar Sharma, Kathak Rockers",4.0,0.114,19,Garjat Aayi Re,Indian Classical,Garjat Aayi Re - Miyan Malhaar - Teentaal,2023-06-01,2.83e-05,1.0,7.0,359834.0,0.714,classical,Low,2023.0,5.997233333333333
0.739,146.046,0.679,indian,-5.319,0.231,0.755,"Jordan Sandhu, Mehar Vaani, Desi Crew",4.0,0.161,29,Black Effect,Bhangra Bangers,Black Effect,2022-01-07,0.0,0.0,4.0,175890.0,0.14,bhangra,Low,2022.0,2.9315
0.659,154.956,0.783,indian,-7.871,0.354,0.803,Prem Dhillon,4.0,0.313,49,Majha Block,Bhangra Bangers,Majha Block,2020-11-20,0.0,0.0,4.0,249290.0,0.265,bhangra,Low,2020.0,4.154833333333333
0.92,167.895,0.792,indian,-4.023,0.224,0.968,"Sharry Mann, Mista Baaz",4.0,0.219,32,Peg Te Bhangra,Bhangra Bangers,Peg Te Bhangra,2024-06-21,0.0,0.0,9.0,177339.0,0.403,bhangra,Low,2024.0,2.95565
0.845,92.0,0.771,indian,-2.194,0.313,0.62,"Mankirt Aulakh, Gurlez Akhtar",4.0,0.201,53,8 Raflaan (feat. Gurlez Akhtar),Bhangra Bangers,8 Raflaan (feat. Gurlez Akhtar),2021-03-23,0.0,0.0,5.0,115258.0,0.69,bhangra,Low,2021.0,1.9209666666666667
0.838,173.712,0.682,indian,-5.84,0.265,0.835,"Dilpreet Dhillon, Sultaan, Desi Crew",4.0,0.317,51,Killa,Bhangra Bangers,Killa,2024-08-20,0.0,0.0,1.0,217931.0,0.0555,bhangra,Low,2024.0,3.6321833333333333
0.737,81.022,0.736,indian,-5.819,0.0784,0.504,"Surjit Bhullar, Mista Baaz",4.0,0.0462,20,Munda Inj Da Nahi,Bhangra Bangers,Munda Inj Da Nahi,2024-11-20,0.0,0.0,11.0,168889.0,0.153,bhangra,Low,2024.0,2.8148166666666667
0.668,167.913,0.69,indian,-5.674,0.252,0.781,"K.S Makhan, Manpreet Hans, Laddi Gill",4.0,0.193,28,Jatt Zindabad,Bhangra Bangers,Jatt Zindabad,2024-11-07,0.0,0.0,5.0,215357.0,0.133,bhangra,Low,2024.0,3.5892833333333334
0.674,89.791,0.649,indian,-5.854,0.0322,0.486,Khan Bhaini,4.0,0.214,58,Sunke,Bhangra Bangers,Sunke,2024-10-15,0.0,1.0,10.0,159011.0,0.0573,bhangra,Low,2024.0,2.650183333333333
0.803,82.552,0.692,indian,-8.282,0.359,0.894,"Dhira Gill, Aman Hayer, Saab Pangota",4.0,0.268,20,Sada Daur,Bhangra Bangers,Sada Daur,2024-11-14,7.27e-05,1.0,1.0,189320.0,0.025,bhangra,Low,2024.0,3.1553333333333335
0.826,175.959,0.542,indian,-5.946,0.432,0.355,"Sippy Gill, Mxrci",4.0,0.15,41,Circus,Bhangra Bangers,Gutt,2024-10-16,0.0,0.0,7.0,180391.0,0.056,bhangra,Low,2024.0,3.0065166666666667
0.953,109.965,0.762,indian,-2.482,0.0847,0.787,"Kulwinder Kaily, Gurlez Akhtar",4.0,0.208,20,Sarpanchi,Bhangra Bangers,Sarpanchi,2018-04-20,0.0,0.0,8.0,241890.0,0.109,bhangra,Low,2018.0,4.0315
0.85,80.042,0.754,indian,-4.179,0.389,0.789,"Korala Maan, Youngstarr Pop Boy",4.0,0.128,47,Munda Maanaa Da,Bhangra Bangers,Gadaar,2024-10-07,0.0,0.0,8.0,193500.0,0.0542,bhangra,Low,2024.0,3.225
0.829,89.972,0.783,indian,-4.759,0.0793,0.835,Ammy Virk,4.0,0.219,44,Dabde Ni,Bhangra Bangers,Dabde Ni,2021-11-07,0.0,0.0,8.0,207663.0,0.31,bhangra,Low,2021.0,3.46105
0.446,80.033,0.788,lofi,-9.812,0.273,0.545,Idealism,4.0,0.0693,13,rainy evening,Lofi Hip Hop,controlla,2017-08-30,0.694,1.0,6.0,108000.0,0.54,hip-hop,Low,2017.0,1.8
0.446,80.002,0.79,lofi,-9.273,0.0933,0.222,LoFi Waiter,4.0,0.052,56,Coffee Sunrise,Lofi Hip Hop,The Girl With the Cappuccino,2020-09-18,0.931,0.0,9.0,114203.0,0.656,hip-hop,Low,2020.0,1.9033833333333334
0.479,132.96,0.542,lofi,-15.033,0.171,0.217,Sleepy Tom,4.0,0.039,50,"Ghibli, Anime & Chill",Lofi Hip Hop,The Girl Who Fell From The Sky (Laputa),2021-04-30,0.647,0.0,0.0,91726.0,0.972,hip-hop,Low,2021.0,1.5287666666666666
0.415,74.989,0.701,lofi,-17.812,0.109,0.326,"Otaku, LoFi Waiter",4.0,0.0663,55,Ghibli Lofi,Lofi Hip Hop,One summer's day,2021-08-27,0.886,1.0,0.0,127058.0,0.442,hip-hop,Low,2021.0,2.1176333333333335
0.487,139.914,0.655,lofi,-7.988,0.271,0.0454,RŮDE,4.0,0.033,61,Eternal Youth,Lofi Hip Hop,Eternal Youth,2017-08-07,0.897,1.0,6.0,205766.0,0.0347,hip-hop,Low,2017.0,3.4294333333333333
0.307,150.456,0.635,lofi,-16.255,0.0928,0.408,"Otaku, LoFi Waiter",4.0,0.0446,53,Ghibli Lofi,Lofi Hip Hop,The Girl Who Fell from the Sky,2021-08-27,0.904,0.0,0.0,115217.0,0.676,hip-hop,Low,2021.0,1.9202833333333333
0.34,139.993,0.714,lofi,-15.571,0.1,0.176,"Otaku, LoFi Waiter",4.0,0.0534,49,Anime Lofi Vol. 1,Lofi Hip Hop,Unravel (Tokyo Ghoul),2021-03-12,0.871,1.0,8.0,127911.0,0.356,hip-hop,Low,2021.0,2.13185
0.229,70.013,0.58,lofi,-16.333,0.104,0.127,Otaku,4.0,0.0308,48,Anime Lofi Vol. 1,Lofi Hip Hop,Blue Bird (Naruto),2021-03-12,0.856,0.0,1.0,111848.0,0.287,hip-hop,Low,2021.0,1.8641333333333334
0.562,85.022,0.788,lofi,-14.215,0.339,0.202,Sleepy Tom,4.0,0.0685,48,"Ghibli, Anime & Chill",Lofi Hip Hop,One Summer's Day (Spirited Away),2021-04-30,0.729,0.0,11.0,135529.0,0.466,hip-hop,Low,2021.0,2.2588166666666667
0.409,86.008,0.789,lofi,-9.087,0.0721,0.383,Dylan Sitts,4.0,0.0471,37,Rain Check,Lofi Hip Hop,Rain Check,2019-09-13,0.93,1.0,3.0,136619.0,0.385,hip-hop,Low,2019.0,2.2769833333333334
0.201,88.107,0.639,lofi,-16.613,0.124,0.4,"Eden Elf, Ren Avel",4.0,0.0526,44,get better,Lofi Hip Hop,get better,2022-05-13,2.26e-05,0.0,7.0,111735.0,0.907,hip-hop,Low,2022.0,1.86225
0.276,141.957,0.679,lofi,-19.497,0.354,0.302,"mommy, Philanthrope",4.0,0.0566,42,Inaudible,Lofi Hip Hop,everything you say,2018-11-21,0.869,0.0,11.0,158500.0,0.487,hip-hop,Low,2018.0,2.6416666666666666
0.262,75.082,0.733,lofi,-16.316,0.102,0.393,Otaku,4.0,0.0627,55,Ghibli Lofi,Lofi Hip Hop,Marco and Gina,2021-08-27,0.854,1.0,8.0,109217.0,0.548,hip-hop,Low,2021.0,1.8202833333333333
0.222,139.991,0.74,lofi,-18.576,0.0782,0.148,Otaku,4.0,0.0586,44,Anime Lofi Vol. 1,Lofi Hip Hop,Again (Full Metal),2021-03-12,0.918,0.0,4.0,113804.0,0.468,hip-hop,Low,2021.0,1.8967333333333334
0.547,71.976,0.733,lofi,-5.464,0.383,0.295,"Kudasaibeats, Biskwiq",4.0,0.203,42,Good Morning Say It Back,Lofi Hip Hop,The Girl I Haven't Met (Biskwiq Flip),2018-05-06,0.00537,1.0,8.0,194220.0,0.301,hip-hop,Low,2018.0,3.237
0.445,78.738,0.491,lofi,-11.999,0.209,0.184,Sarcastic Sounds,4.0,0.384,36,Laugh,Lofi Hip Hop,Laugh,2020-06-26,0.000115,1.0,11.0,127603.0,0.925,hip-hop,Low,2020.0,2.126716666666667
0.531,139.947,0.432,lofi,-12.648,0.108,0.164,Ren Avel,4.0,0.0572,29,Future Sight,Lofi Hip Hop,Ocarina of Time (The Legend of Zelda),2022-06-24,0.808,1.0,0.0,108857.0,0.866,hip-hop,Low,2022.0,1.8142833333333332
0.495,124.03,0.854,lofi,-11.031,0.0928,0.807,Sleepy Tom,3.0,0.0731,46,"Ghibli, Anime & Chill",Lofi Hip Hop,Always With Me (Spirited Away),2021-04-30,0.849,1.0,5.0,81336.0,0.52,hip-hop,Low,2021.0,1.3556
0.441,100.023,0.656,lofi,-13.217,0.182,0.315,Ren Avel,4.0,0.0325,30,Future Sight,Lofi Hip Hop,Blue Bird (Naruto Shippuden),2022-06-24,0.905,0.0,6.0,116400.0,0.974,hip-hop,Low,2022.0,1.94
0.504,81.42,0.633,lofi,-7.3,0.245,0.263,Sarcastic Sounds,4.0,0.0623,34,Scared of the World,Lofi Hip Hop,Scared of the World,2020-07-31,0.205,0.0,10.0,84782.0,0.517,hip-hop,Low,2020.0,1.4130333333333334
0.433,115.979,0.87,lofi,-12.679,0.124,0.442,Ren Avel,4.0,0.0503,39,Eternal Ride vol.II,Lofi Hip Hop,Fairy Fountain (The Legend of Zelda),2021-05-21,0.849,1.0,7.0,120517.0,0.965,hip-hop,Low,2021.0,2.0086166666666667
0.583,143.968,0.757,lofi,-11.469,0.102,0.633,Ren Avel,4.0,0.0501,28,Future Sight,Lofi Hip Hop,Comedy (Spy x Family),2022-06-24,0.936,1.0,4.0,85000.0,0.963,hip-hop,Low,2022.0,1.4166666666666667
0.338,152.033,0.748,lofi,-13.947,0.312,0.377,Sarcastic Sounds,1.0,0.0654,33,I Miss You,Lofi Hip Hop,I Miss You,2019-04-02,0.88,1.0,11.0,118618.0,0.0418,hip-hop,Low,2019.0,1.9769666666666668
0.418,160.004,0.715,lofi,-11.517,0.308,0.601,Ren Avel,4.0,0.0393,30,Future Sight,Lofi Hip Hop,Lost in Paradise (Jujutsu Kaisen),2022-06-24,0.913,1.0,1.0,105000.0,0.953,hip-hop,Low,2022.0,1.75
0.296,75.012,0.49,lofi,-20.157,0.106,0.339,Otaku,4.0,0.0301,53,Ghibli Lofi,Lofi Hip Hop,Aryetti's Song,2021-08-27,0.862,0.0,3.0,115617.0,0.726,hip-hop,Low,2021.0,1.92695
0.425,87.007,0.652,lofi,-12.598,0.0957,0.588,"Tom Doolie, Cap Kendricks",4.0,0.0358,40,Field Notes,Lofi Hip Hop,Stay and Wander,2019-03-22,0.875,1.0,5.0,112000.0,0.875,hip-hop,Low,2019.0,1.8666666666666667
0.302,127.159,0.548,lofi,-12.869,0.314,0.546,chief.,4.0,0.12,40,late nights,Lofi Hip Hop,sorry,2017-12-08,0.893,1.0,10.0,77922.0,0.752,hip-hop,Low,2017.0,1.2987
0.31,188.179,0.558,lofi,-10.53,0.147,0.395,"Nymano, Pandrezz",4.0,0.373,44,Hometown,Lofi Hip Hop,Fireworks,2018-10-17,0.934,0.0,5.0,138000.0,0.526,hip-hop,Low,2018.0,2.3
0.313,140.98,0.571,lofi,-15.565,0.0937,0.323,Ren Avel,3.0,0.0398,29,Future Sight,Lofi Hip Hop,Rosalina's Comet Observatory (Super Mario Galaxy),2022-06-24,0.948,1.0,2.0,92340.0,0.96,hip-hop,Low,2022.0,1.539
0.35,118.009,0.811,lofi,-11.318,0.105,0.635,"Glimlip, Louk, Elior",4.0,0.0439,45,Peach,Lofi Hip Hop,Peach,2019-10-23,0.907,1.0,1.0,136525.0,0.406,hip-hop,Low,2019.0,2.2754166666666666
0.241,80.782,0.808,lofi,-9.699,0.109,0.417,twuan,4.0,0.18,27,STAY HOME,Lofi Hip Hop,CHASE,2019-05-07,0.888,0.0,8.0,126317.0,0.102,hip-hop,Low,2019.0,2.1052833333333334
0.382,108.745,0.498,lofi,-11.555,0.246,0.141,"Hanz, emawk",5.0,0.104,40,Ambivalence,Lofi Hip Hop,Ambivalence,2018-11-01,0.15,0.0,11.0,151798.0,0.643,hip-hop,Low,2018.0,2.5299666666666667
0.322,173.988,0.624,lofi,-10.949,0.643,0.381,Kupla,4.0,0.135,33,Coniferous,Lofi Hip Hop,Tiny Sailboat,2019-09-02,0.878,1.0,0.0,150882.0,0.397,hip-hop,Low,2019.0,2.5147
0.399,94.96,0.693,lofi,-13.659,0.0964,0.231,Ren Avel,4.0,0.027,29,Future Sight,Lofi Hip Hop,Again (Fullmetal Alchemist),2022-06-24,0.9,0.0,4.0,135158.0,0.983,hip-hop,Low,2022.0,2.2526333333333333
0.26,127.986,0.698,lofi,-19.222,0.107,0.366,"Philanthrope, Sleepy Fish",4.0,0.0745,40,Chillhop Daydreams 2,Lofi Hip Hop,Space Cadet,2019-08-21,0.911,1.0,8.0,142500.0,0.697,hip-hop,Low,2019.0,2.375
0.464,114.046,0.782,lofi,-9.616,0.364,0.375,Ren Avel,4.0,0.0405,33,Future Sight,Lofi Hip Hop,Driver's High (GTO),2022-06-24,0.794,1.0,4.0,125263.0,0.847,hip-hop,Low,2022.0,2.0877166666666667
0.283,79.023,0.621,lofi,-11.675,0.106,0.47,Tom Doolie,4.0,0.0657,29,"smwhere, smtime",Lofi Hip Hop,Blue Book,2020-03-27,0.904,1.0,1.0,147938.0,0.842,hip-hop,Low,2020.0,2.4656333333333333
0.157,76.85,0.503,lofi,-15.226,0.11,0.13,"drkmnd, Arbour",4.0,0.127,45,Interstellar,Lofi Hip Hop,Interstellar,2019-01-14,0.808,1.0,11.0,164800.0,0.527,hip-hop,Low,2019.0,2.7466666666666666
0.0551,130.006,0.656,lofi,-26.03,0.0807,0.194,LoFi Waiter,4.0,0.0573,47,Time Fragments,Lofi Hip Hop,2AM Study,2022-01-07,0.958,0.0,10.0,45466.0,0.281,hip-hop,Low,2022.0,0.7577666666666667
0.147,128.563,0.466,lofi,-21.666,0.232,0.364,LoFi Waiter,4.0,0.047,46,Time Fragments,Lofi Hip Hop,I Miss You,2022-01-07,0.433,0.0,1.0,42442.0,0.529,hip-hop,Low,2022.0,0.7073666666666667
0.203,130.54,0.573,lofi,-20.826,0.327,0.0391,LoFi Waiter,4.0,0.0384,45,Time Fragments,Lofi Hip Hop,At the Library,2022-01-07,0.939,0.0,5.0,35375.0,0.34,hip-hop,Low,2022.0,0.5895833333333333
0.66,124.978,0.692,lofi,-7.336,0.502,0.311,Ren Avel,4.0,0.0292,33,Eternal Ride vol.II,Lofi Hip Hop,Cha La Head Cha La (Dragon Ball Z),2021-05-21,0.933,1.0,2.0,119880.0,0.796,hip-hop,Low,2021.0,1.998
0.0669,130.062,0.755,lofi,-25.988,0.108,0.236,LoFi Waiter,4.0,0.0599,45,Time Fragments,Lofi Hip Hop,Unrushed,2022-01-07,0.737,0.0,1.0,47101.0,0.174,hip-hop,Low,2022.0,0.7850166666666667
0.246,129.998,0.893,lofi,-20.438,0.0981,0.849,LoFi Waiter,4.0,0.0677,44,Time Fragments,Lofi Hip Hop,Childhood Fragments,2022-01-07,0.939,0.0,4.0,44317.0,0.014,hip-hop,Low,2022.0,0.7386166666666667
0.373,150.104,0.769,lofi,-11.036,0.108,0.242,Ren Avel,4.0,0.0756,33,Future Sight,Lofi Hip Hop,ODDTAXI (ODDTAXI),2022-06-24,0.931,1.0,10.0,112533.0,0.953,hip-hop,Low,2022.0,1.87555
0.192,90.014,0.789,lofi,-19.718,0.147,0.437,"Ngyn, nitsua.",4.0,0.0798,47,should have never met you,Lofi Hip Hop,should have never met you,2020-10-16,0.781,0.0,11.0,114868.0,0.857,hip-hop,Low,2020.0,1.9144666666666668
0.208,80.021,0.532,lofi,-17.916,0.102,0.366,"Chilled Cougar, LoFi Waiter",4.0,0.0409,55,Lofi Rain,Lofi Hip Hop,Lofi Rain,2020-10-30,0.929,1.0,0.0,120000.0,0.933,hip-hop,Low,2020.0,2.0
0.412,108.038,0.648,lofi,-14.207,0.113,0.333,Ren Avel,4.0,0.0269,29,Future Sight,Lofi Hip Hop,Departure! (Hunter x Hunter),2022-06-24,0.92,1.0,3.0,112500.0,0.942,hip-hop,Low,2022.0,1.875
0.42,70.024,0.528,lofi,-12.708,0.13,0.0484,Shierro,4.0,0.0328,44,Disconnected,Lofi Hip Hop,Flames to Dust,2021-07-30,0.888,0.0,5.0,153973.0,0.477,hip-hop,Low,2021.0,2.5662166666666666
0.473,160.02,0.695,lofi,-7.418,0.135,0.773,Altair Blake,4.0,0.0956,44,Let You Go,Lofi Hip Hop,Sunset,2020-10-23,0.26,1.0,7.0,121500.0,0.0491,hip-hop,Low,2020.0,2.025
0.248,79.952,0.718,lofi,-16.31,0.125,0.192,"Ngyn, nitsua.",4.0,0.0378,44,above the clouds,Lofi Hip Hop,above the clouds,2020-10-02,0.915,0.0,5.0,99820.0,0.567,hip-hop,Low,2020.0,1.6636666666666666
0.496,100.054,0.653,lofi,-13.809,0.0772,0.198,Ren Avel,4.0,0.03,33,Future Sight,Lofi Hip Hop,Lifelight (Super Smash Bros. Ultimate),2022-06-24,0.931,0.0,7.0,90000.0,0.925,hip-hop,Low,2022.0,1.5
0.486,175.786,0.5,lofi,-8.801,0.119,0.36,"Tom Doolie, Saib",4.0,0.168,23,Naoko,Lofi Hip Hop,New Fields,2020-06-21,0.353,1.0,9.0,132427.0,0.559,hip-hop,Low,2020.0,2.207116666666667
0.285,74.969,0.64,lofi,-11.467,0.097,0.0923,Shierro,4.0,0.0269,38,Disconnected,Lofi Hip Hop,Club Insomnia,2021-07-30,0.956,1.0,0.0,180617.0,0.853,hip-hop,Low,2021.0,3.010283333333333
0.417,93.048,0.717,lofi,-12.677,0.121,0.59,Altair Blake,4.0,0.046,41,Fly Away,Lofi Hip Hop,Fly Away,2020-10-30,0.943,0.0,8.0,123867.0,0.699,hip-hop,Low,2020.0,2.06445
0.449,150.029,0.626,lofi,-9.519,0.111,0.217,Shierro,4.0,0.0378,26,Disconnected,Lofi Hip Hop,Disconnect,2021-07-30,0.964,0.0,9.0,129400.0,0.124,hip-hop,Low,2021.0,2.1566666666666667
0.491,156.078,0.67,lofi,-11.226,0.373,0.506,Ren Avel,4.0,0.0855,31,Future Sight,Lofi Hip Hop,Giorno's Theme (JoJo's Bizarre Adventure),2022-06-24,0.973,1.0,9.0,73846.0,0.908,hip-hop,Low,2022.0,1.2307666666666666
0.37,80.055,0.592,lofi,-10.87,0.106,0.143,LoFi Waiter,4.0,0.167,51,Coffee Sunrise,Lofi Hip Hop,Midnight Macchiato,2020-09-18,0.91,1.0,0.0,123016.0,0.257,hip-hop,Low,2020.0,2.0502666666666665
0.526,154.082,0.613,lofi,-9.243,0.168,0.108,Shierro,4.0,0.031,54,Quiet Storm,Lofi Hip Hop,Quiet Storm,2020-11-03,0.933,0.0,7.0,124675.0,0.669,hip-hop,Low,2020.0,2.077916666666667
0.704,74.983,0.694,lofi,-10.396,0.0908,0.212,LoFi Waiter,4.0,0.207,53,Rainy Nights,Lofi Hip Hop,Watching The Rain,2021-01-22,0.831,0.0,11.0,96617.0,0.0388,hip-hop,Low,2021.0,1.6102833333333333
0.632,136.103,0.64,lofi,-8.752,0.109,0.275,Ren Avel,4.0,0.0374,31,Future Sight,Lofi Hip Hop,We Gotta Power (Dragon Ball Z),2022-06-24,0.85,1.0,7.0,104559.0,0.941,hip-hop,Low,2022.0,1.74265
0.53,80.001,0.619,lofi,-8.98,0.135,0.118,LoFi Waiter,4.0,0.0363,47,Cold Morning,Lofi Hip Hop,Cold Morning,2020-11-06,0.865,1.0,0.0,123016.0,0.453,hip-hop,Low,2020.0,2.0502666666666665
0.373,89.981,0.762,lofi,-12.165,0.127,0.246,Sleepy Tom,4.0,0.049,49,Walking On The Clouds,Lofi Hip Hop,Walking On The Clouds,2020-10-30,0.929,0.0,5.0,96667.0,0.966,hip-hop,Low,2020.0,1.6111166666666668
0.499,147.661,0.648,lofi,-9.724,0.107,0.119,LoFi Waiter,4.0,0.0412,52,Coffee Sunrise,Lofi Hip Hop,Walking in Ueno,2020-09-18,0.933,1.0,8.0,91833.0,0.55,hip-hop,Low,2020.0,1.53055
0.289,74.987,0.521,lofi,-12.812,0.0878,0.0715,mood.,4.0,0.0292,52,letting go,Lofi Hip Hop,letting go,2021-02-19,0.843,1.0,7.0,102417.0,0.65,hip-hop,Low,2021.0,1.70695
0.42,170.048,0.487,lofi,-9.923,0.109,0.064,LoFi Waiter,4.0,0.0475,46,Coffee Sunset,Lofi Hip Hop,Sunset Coffee,2020-10-09,0.881,1.0,10.0,141684.0,0.624,hip-hop,Low,2020.0,2.3614
0.37,80.014,0.777,lofi,-15.109,0.255,0.123,Chilled Cougar,4.0,0.0504,36,435Hz,Lofi Hip Hop,Waves,2020-11-06,0.905,1.0,9.0,123000.0,0.803,hip-hop,Low,2020.0,2.05
0.304,78.026,0.638,lofi,-11.335,0.166,0.171,LoFi Waiter,4.0,0.0333,50,A Night in Tokyo,Lofi Hip Hop,Shukudai,2021-02-03,0.741,1.0,9.0,117131.0,0.0664,hip-hop,Low,2021.0,1.9521833333333334
0.508,169.92,0.534,lofi,-12.056,0.366,0.321,Ren Avel,4.0,0.0293,31,Future Sight,Lofi Hip Hop,Asterisk (Bleach),2022-06-24,0.835,1.0,0.0,122824.0,0.897,hip-hop,Low,2022.0,2.047066666666667
0.67,169.959,0.623,lofi,-6.067,0.154,0.398,Ren Avel,4.0,0.0464,36,Eternal Ride,Lofi Hip Hop,Dan Dan Kokoro Hikareteku (Dragon Ball GT),2021-04-09,0.93,1.0,0.0,169853.0,0.436,hip-hop,Low,2021.0,2.8308833333333334
0.309,87.028,0.768,lofi,-14.508,0.148,0.176,Altair Blake,4.0,0.0911,40,No Sleep,Lofi Hip Hop,No Sleep,2020-10-16,0.906,0.0,7.0,176552.0,0.236,hip-hop,Low,2020.0,2.9425333333333334
0.536,79.993,0.669,lofi,-10.684,0.0885,0.824,LoFi Waiter,4.0,0.0381,45,A Night in Tokyo,Lofi Hip Hop,Night Drive,2021-02-03,0.0697,1.0,1.0,120016.0,0.565,hip-hop,Low,2021.0,2.0002666666666666
0.493,75.236,0.599,lofi,-10.691,0.248,0.37,Ren Avel,4.0,0.229,36,Eternal Ride,Lofi Hip Hop,the WORLD (Death Note),2021-04-09,0.864,0.0,11.0,112300.0,0.89,hip-hop,Low,2021.0,1.8716666666666666
0.259,149.957,0.612,lofi,-11.096,0.106,0.214,Otaku,4.0,0.0999,46,Anime Lofi Vol. 2,Lofi Hip Hop,Renai Circulation (Bakemonogatari),2021-04-16,0.901,0.0,11.0,105617.0,0.196,hip-hop,Low,2021.0,1.7602833333333334
0.415,140.025,0.664,lofi,-17.534,0.664,0.181,LoFi Waiter,4.0,0.141,48,Rainy Nights,Lofi Hip Hop,Morning Dew,2021-01-22,0.746,0.0,0.0,92464.0,0.425,hip-hop,Low,2021.0,1.5410666666666666
0.295,98.98,0.708,lofi,-16.188,0.123,0.2,Ren Avel,4.0,0.0304,29,Future Sight,Lofi Hip Hop,Bon Voyage (One Piece),2022-06-24,0.944,1.0,5.0,131717.0,0.979,hip-hop,Low,2022.0,2.1952833333333333
0.298,150.077,0.598,lofi,-16.795,0.105,0.124,"Otaku, LoFi Waiter",4.0,0.0374,41,Anime Lofi Vol. 2,Lofi Hip Hop,Hacking to the Gate (Stein;Gate),2021-04-16,0.889,0.0,2.0,108817.0,0.293,hip-hop,Low,2021.0,1.8136166666666667
0.188,75.004,0.634,lofi,-18.921,0.111,0.387,Otaku,4.0,0.0419,41,Anime Lofi Vol. 2,Lofi Hip Hop,The Day (My Hero Academia),2021-04-16,0.895,0.0,6.0,86417.0,0.595,hip-hop,Low,2021.0,1.4402833333333334
0.552,139.972,0.65,lofi,-10.937,0.144,0.388,Ren Avel,4.0,0.037,30,Future Sight,Lofi Hip Hop,Sing My Pleasure (Vivy Fluorite Eye's Song),2022-06-24,0.922,0.0,5.0,115714.0,0.905,hip-hop,Low,2022.0,1.9285666666666668
0.585,170.0,0.749,lofi,-14.505,0.0809,0.551,"Otaku, LoFi Waiter",4.0,0.0963,43,Anime Lofi Vol. 2,Lofi Hip Hop,Tank! (Cowboy Bebop),2021-04-16,0.896,1.0,1.0,104404.0,0.302,hip-hop,Low,2021.0,1.7400666666666667
0.461,179.961,0.564,lofi,-8.1,0.0914,0.454,Ren Avel,4.0,0.0742,32,Eternal Ride,Lofi Hip Hop,Colors (Code Geass),2021-04-09,0.925,1.0,1.0,136500.0,0.944,hip-hop,Low,2021.0,2.275
0.498,140.009,0.878,lofi,-8.624,0.108,0.0577,mood.,4.0,0.0715,47,letting go,Lofi Hip Hop,black roses,2021-02-19,0.867,1.0,8.0,113893.0,0.0528,hip-hop,Low,2021.0,1.8982166666666667
0.521,130.023,0.765,lofi,-12.165,0.107,0.533,Ren Avel,4.0,0.0317,31,Future Sight,Lofi Hip Hop,Guren no Yumiya (Attack on Titan),2022-06-24,0.817,0.0,1.0,81462.0,0.941,hip-hop,Low,2022.0,1.3577
0.413,75.007,0.643,lofi,-10.048,0.131,0.424,Altair Blake,4.0,0.0334,39,Floating Away,Lofi Hip Hop,Let It Flow,2020-11-06,0.833,0.0,10.0,129600.0,0.117,hip-hop,Low,2020.0,2.16
0.52,82.47,0.674,lofi,-9.925,0.107,0.225,LoFi Waiter,4.0,0.0334,47,A Night in Tokyo,Lofi Hip Hop,Jazzy Afternoon,2021-02-03,0.945,1.0,4.0,96047.0,0.772,hip-hop,Low,2021.0,1.6007833333333332
0.469,78.98,0.703,lofi,-11.165,0.0963,0.321,Ren Avel,4.0,0.0471,32,Eternal Ride,Lofi Hip Hop,National Park (Pokémon Gold & Silver),2021-04-09,0.94,1.0,1.0,119241.0,0.686,hip-hop,Low,2021.0,1.98735
0.465,100.11,0.708,lofi,-12.306,0.0971,0.264,Ren Avel,4.0,0.0312,32,Future Sight,Lofi Hip Hop,Kimi ni Todoke (Kimi ni Todoke),2022-06-24,0.908,0.0,6.0,78000.0,0.934,hip-hop,Low,2022.0,1.3
0.571,134.996,0.845,lofi,-10.541,0.313,0.657,LoFi Waiter,4.0,0.058,47,A Night in Tokyo,Lofi Hip Hop,Japanese Winter,2021-02-03,0.865,0.0,5.0,108458.0,0.397,hip-hop,Low,2021.0,1.8076333333333334
0.401,157.973,0.691,lofi,-5.814,0.225,0.418,Satoshi Nakamoto,4.0,0.0338,40,Bitcoin,Lofi Hip Hop,Hyper Printing,2021-02-05,0.916,1.0,0.0,129138.0,0.267,hip-hop,Low,2021.0,2.1523
0.555,159.954,0.666,lofi,-12.93,0.0726,0.568,Otaku,4.0,0.0427,42,Anime Lofi Vol. 2,Lofi Hip Hop,This Game (No Game No Life),2021-04-16,0.899,0.0,1.0,117016.0,0.273,hip-hop,Low,2021.0,1.9502666666666666
0.0786,80.041,0.7,lofi,-13.826,0.112,0.568,LoFi Waiter,4.0,0.173,46,Coffee Sunrise,Lofi Hip Hop,Have a Nice Day,2020-09-18,0.941,1.0,0.0,72016.0,0.643,hip-hop,Low,2020.0,1.2002666666666666
0.547,159.947,0.606,lofi,-11.462,0.0978,0.357,Ren Avel,4.0,0.0964,31,Future Sight,Lofi Hip Hop,Lake (Pokémon Diamond & Pearl),2022-06-24,0.927,1.0,5.0,146250.0,0.782,hip-hop,Low,2022.0,2.4375
0.502,142.534,0.673,lofi,-10.53,0.118,0.707,Ren Avel,3.0,0.0315,33,Eternal Ride,Lofi Hip Hop,Lost Woods (The Legend of Zelda),2021-04-09,0.945,1.0,0.0,86211.0,0.683,hip-hop,Low,2021.0,1.43685
0.382,180.123,0.609,lofi,-13.286,0.0879,0.12,Sleepy Tom,4.0,0.103,43,Ear Candy,Lofi Hip Hop,Green Bubble,2020-10-23,0.916,1.0,0.0,97333.0,0.91,hip-hop,Low,2020.0,1.6222166666666666
0.455,140.109,0.413,lofi,-9.679,0.0809,0.103,Sleepy Tom,4.0,0.0978,40,Walking On The Clouds,Lofi Hip Hop,Gold Tear,2020-10-30,0.909,1.0,7.0,171429.0,0.548,hip-hop,Low,2020.0,2.85715
0.319,149.998,0.675,lofi,-13.757,0.122,0.177,a girl and a cat,4.0,0.0453,51,lofi study 2021,Lofi Hip Hop,rainbow bridge,2021-01-01,0.923,1.0,5.0,118400.0,0.629,hip-hop,Low,2021.0,1.9733333333333334
0.224,86.04,0.793,lofi,-11.818,0.101,0.483,Altair Blake,4.0,0.166,44,Floetry,Lofi Hip Hop,Floetry,2020-10-02,0.726,0.0,5.0,136744.0,0.109,hip-hop,Low,2020.0,2.2790666666666666
0.469,145.947,0.742,lofi,-8.789,0.334,0.737,Ren Avel,4.0,0.0367,35,Eternal Ride,Lofi Hip Hop,Violet City (Pokémon Gold & Silver),2021-04-09,0.903,0.0,1.0,144452.0,0.45,hip-hop,Low,2021.0,2.4075333333333333
0.141,130.018,0.542,lofi,-21.456,0.191,0.102,Altair Blake,4.0,0.0749,44,Floating Away,Lofi Hip Hop,Floating Away,2020-11-06,0.109,0.0,3.0,112615.0,0.647,hip-hop,Low,2020.0,1.8769166666666666
0.486,155.969,0.709,lofi,-11.599,0.0773,0.354,LoFi Waiter,3.0,0.0433,42,Cold Morning,Lofi Hip Hop,Fall Vibes,2020-11-06,0.865,0.0,9.0,116939.0,0.0459,hip-hop,Low,2020.0,1.9489833333333333
0.332,80.014,0.744,jazz,-15.331,0.0642,0.525,lorleaf,4.0,0.0947,61,Sueca,Jazz Vibes,Sueca,2024-10-11,0.894,1.0,0.0,144182.0,0.478,modern,Low,2024.0,2.403033333333333
0.461,150.026,0.835,jazz,-10.556,0.0967,0.667,"Erwin Do, Lenny B",4.0,0.0917,53,Streets Of Rio,Jazz Vibes,Streets Of Rio,2024-10-22,0.935,0.0,6.0,157600.0,0.583,modern,Low,2024.0,2.6266666666666665
0.592,145.965,0.837,jazz,-5.758,0.115,0.364,Philanthrope,4.0,0.119,51,Drizzle,Jazz Vibes,Drizzle,2024-11-08,0.822,1.0,9.0,124931.0,0.107,modern,Low,2024.0,2.0821833333333335
0.166,140.094,0.669,jazz,-16.203,0.0729,0.0396,"Kanisan, lost echoes",4.0,0.0438,51,Yuna,Jazz Vibes,Yuna,2023-11-21,0.865,0.0,1.0,123481.0,0.617,modern,Low,2023.0,2.0580166666666666
0.457,135.87,0.62,jazz,-9.366,0.134,0.361,The Lofi Big Band,4.0,0.0424,50,Butterfly Weed,Jazz Vibes,Butterfly Weed,2023-11-22,0.907,0.0,2.0,132603.0,0.59,modern,Low,2023.0,2.21005
0.215,75.198,0.551,jazz,-11.565,0.128,0.452,"C4C, Plusma",4.0,0.0379,50,Call a Friend,Jazz Vibes,Call a Friend,2024-08-09,0.902,1.0,1.0,141000.0,0.761,modern,Low,2024.0,2.35
0.698,79.982,0.637,jazz,-8.741,0.154,0.636,"Shuko, FLKS",4.0,0.0526,50,Tokyo Lights,Jazz Vibes,Tokyo Lights,2024-01-26,0.885,1.0,4.0,125818.0,0.0493,modern,Low,2024.0,2.096966666666667
0.287,80.663,0.652,jazz,-14.555,0.104,0.201,lorleaf,4.0,0.47,51,Albaizyn,Jazz Vibes,Albaizyn,2024-10-25,0.906,0.0,9.0,99114.0,0.588,modern,Low,2024.0,1.6519
0.34,83.625,0.521,jazz,-11.597,0.115,0.481,"flâneur, Dani Catalá, dennisivnvc",4.0,0.106,50,Duende,Jazz Vibes,Duende,2024-04-04,0.882,0.0,7.0,133955.0,0.67,modern,Low,2024.0,2.2325833333333334
0.208,142.182,0.865,jazz,-12.245,0.073,0.306,Dpsht,4.0,0.215,49,Calm Winds,Jazz Vibes,Calm Winds,2024-05-17,0.754,1.0,2.0,114930.0,0.962,modern,Low,2024.0,1.9155
0.446,80.064,0.643,jazz,-8.373,0.174,0.4,"No Spirit, Sátyr, Sitting Duck",4.0,0.0353,49,Symbiosis,Jazz Vibes,Fire Barrel,2023-12-08,0.952,0.0,11.0,116240.0,0.852,modern,Low,2023.0,1.9373333333333334
0.331,74.956,0.689,jazz,-12.661,0.137,0.462,"Jost Esser, Sleeping Dove, very noise person",4.0,0.0509,49,lemon soda,Jazz Vibes,lemon soda,2024-03-21,0.929,0.0,9.0,140800.0,0.777,modern,Low,2024.0,2.3466666666666667
0.321,142.054,0.838,jazz,-16.147,0.111,0.816,Showyou,4.0,0.0748,49,Nicosia,Jazz Vibes,Nicosia,2024-08-27,0.889,1.0,4.0,114943.0,0.91,modern,Low,2024.0,1.9157166666666667
0.295,179.911,0.616,jazz,-10.529,0.0639,0.722,Koralle,4.0,0.0911,49,Perfections,Jazz Vibes,Perfections,2023-11-24,0.857,0.0,10.0,176000.0,0.0461,modern,Low,2023.0,2.933333333333333
0.441,147.944,0.678,jazz,-11.645,0.13,0.136,"Leo Motta, Toti Cisneros",4.0,0.0434,49,Eyes Closed,Jazz Vibes,Eyes Closed,2024-02-09,0.756,1.0,5.0,130533.0,0.401,modern,Low,2024.0,2.17555
0.12,80.041,0.663,jazz,-13.662,0.115,0.19,L.Dre,4.0,0.0344,49,Gymnopédies,Jazz Vibes,Gymnopédies,2023-02-10,0.88,1.0,7.0,162000.0,0.925,modern,Low,2023.0,2.7
0.448,87.971,0.802,jazz,-11.423,0.128,0.38,"flâneur, marsquake",4.0,0.235,48,Sabai,Jazz Vibes,Sabai,2024-08-27,0.831,1.0,2.0,120000.0,0.78,modern,Low,2024.0,2.0
0.197,80.079,0.614,jazz,-10.24,0.13,0.265,"Jost Esser, SOFLUX",4.0,0.0417,48,NYC,Jazz Vibes,NYC,2024-01-24,0.631,1.0,3.0,111000.0,0.579,modern,Low,2024.0,1.85
0.266,75.028,0.662,jazz,-13.209,0.111,0.328,"Mindeliq, ØNEMOR3",4.0,0.074,48,Echoes,Jazz Vibes,Echoes,2023-08-25,0.907,0.0,9.0,118425.0,0.538,modern,Low,2023.0,1.97375
0.338,160.006,0.873,jazz,-10.678,0.0976,0.588,Zmeyev,4.0,0.566,48,Level Up,Jazz Vibes,Level Up,2023-11-10,0.813,0.0,1.0,120000.0,0.301,modern,Low,2023.0,2.0
0.244,82.003,0.812,jazz,-7.379,0.0747,0.298,ENRA,4.0,0.0486,48,No Goodbyes,Jazz Vibes,No Goodbyes,2024-05-31,0.833,1.0,1.0,130252.0,0.536,modern,Low,2024.0,2.1708666666666665
0.876,90.041,0.774,jazz,-5.808,0.114,0.811,RejSende,4.0,0.0536,48,Tropicana,Jazz Vibes,Tropicana,2023-04-27,0.9,1.0,10.0,192354.0,0.602,modern,Low,2023.0,3.2059
0.409,82.994,0.631,jazz,-9.377,0.191,0.336,"SamuW, Mendeville, Lazlow",4.0,0.0341,48,Sedimental,Jazz Vibes,Hidden Gems,2024-06-07,0.727,0.0,2.0,157590.0,0.558,modern,Low,2024.0,2.6265
0.357,80.044,0.686,jazz,-8.579,0.117,0.381,.Eehou,4.0,0.0584,48,cycles,Jazz Vibes,cycles,2024-01-03,0.0167,0.0,6.0,132107.0,0.367,modern,Low,2024.0,2.201783333333333
0.464,78.809,0.532,jazz,-9.558,0.125,0.204,"Erwin Do, flâneur, Beto Braga, Raouf",4.0,0.054,48,Picadilly,Jazz Vibes,Picadilly,2024-05-23,0.89,0.0,2.0,147000.0,0.257,modern,Low,2024.0,2.45
0.658,87.982,0.661,jazz,-7.177,0.0966,0.585,"Beats by Tobÿ, Tobÿ",4.0,0.0434,48,Sunset Cruising,Jazz Vibes,Sunset Cruising,2024-06-07,0.78,0.0,7.0,185678.0,0.624,modern,Low,2024.0,3.0946333333333333
0.409,159.924,0.566,jazz,-13.204,0.101,0.482,"Banks, AC, Dryden",4.0,0.0441,48,Moonlit Cruisin,Jazz Vibes,Moonlit Cruisin,2024-02-23,0.937,1.0,5.0,120797.0,0.891,modern,Low,2024.0,2.0132833333333333
0.182,153.944,0.59,jazz,-16.658,0.111,0.253,lorleaf,4.0,0.0543,48,Bali,Jazz Vibes,Bali,2023-08-04,0.957,1.0,6.0,134750.0,0.81,modern,Low,2023.0,2.245833333333333
0.499,78.005,0.682,jazz,-5.712,0.176,0.622,Mozzie,4.0,0.0432,48,floating,Jazz Vibes,floating,2024-06-26,0.88,0.0,11.0,116923.0,0.4,modern,Low,2024.0,1.9487166666666667
0.25,85.022,0.83,jazz,-12.849,0.195,0.442,Oilix,4.0,0.0575,47,That Summer Feeling,Jazz Vibes,That Summer Feeling,2023-08-25,0.922,1.0,7.0,127059.0,0.512,modern,Low,2023.0,2.11765
0.528,145.996,0.739,jazz,-7.861,0.123,0.931,"7apes, Les Jardíns",4.0,0.0391,47,Crimson,Jazz Vibes,Crimson,2023-11-29,0.576,0.0,0.0,112603.0,0.323,modern,Low,2023.0,1.8767166666666666
0.416,90.999,0.876,jazz,-9.173,0.121,0.785,Cap Kendricks,4.0,0.0976,47,Think Twice,Jazz Vibes,Think Twice,2023-11-24,0.855,1.0,6.0,120000.0,0.135,modern,Low,2023.0,2.0
0.395,71.95,0.633,jazz,-10.776,0.105,0.6,Mendeville,4.0,0.214,47,Ripples Of Autumn,Jazz Vibes,Ripples Of Autumn,2023-11-15,0.112,0.0,7.0,123084.0,0.778,modern,Low,2023.0,2.0514
0.492,90.013,0.764,jazz,-11.604,0.345,0.71,Jazzy James,4.0,0.0916,47,Aperitif,Jazz Vibes,Aperitif,2024-01-12,0.849,0.0,2.0,137333.0,0.621,modern,Low,2024.0,2.288883333333333
0.299,69.306,0.727,jazz,-8.56,0.102,0.165,Butterscotch,4.0,0.0813,47,P_Optimist,Jazz Vibes,P_Optimist,2024-02-29,0.534,0.0,4.0,103043.0,0.125,modern,Low,2024.0,1.7173833333333333
0.585,83.045,0.669,jazz,-12.63,0.104,0.31,Ben Jammin' Beats,4.0,0.0551,47,Myth,Jazz Vibes,Myth,2023-11-17,0.692,0.0,9.0,115663.0,0.167,modern,Low,2023.0,1.9277166666666667
0.336,172.026,0.701,jazz,-9.385,0.136,0.673,"Monocloud, Lazlow",4.0,0.133,47,On The Sly,Jazz Vibes,On The Sly,2024-02-12,0.908,0.0,8.0,123140.0,0.668,modern,Low,2024.0,2.0523333333333333
0.293,84.001,0.753,jazz,-13.288,0.112,0.334,"Hoffy Beats, Tonion, Louk",4.0,0.0479,47,Inappropriately Sleeping,Jazz Vibes,Inappropriately Sleeping,2024-03-15,0.862,0.0,0.0,150162.0,0.896,modern,Low,2024.0,2.5027
0.184,76.001,0.708,jazz,-16.305,0.117,0.452,lorleaf,4.0,0.294,47,Tenkodo,Jazz Vibes,Tenkodo,2022-08-05,0.53,0.0,4.0,157895.0,0.375,modern,Low,2022.0,2.6315833333333334
0.633,81.003,0.711,jazz,-5.065,0.0463,0.607,Mindscape,4.0,0.0668,47,Circle Reflections,Jazz Vibes,Circle Reflections,2024-08-16,0.781,1.0,1.0,160000.0,0.00579,modern,Low,2024.0,2.6666666666666665
0.37,93.961,0.452,jazz,-12.219,0.128,0.0905,"jüle., IONA, Chill Select, Bn Hl",4.0,0.0489,47,Come On Up,Jazz Vibes,Come On Up,2024-05-10,0.92,0.0,11.0,152967.0,0.255,modern,Low,2024.0,2.54945
0.37,81.991,0.798,jazz,-8.497,0.103,0.222,ron quixote,3.0,0.0585,47,Mañana,Jazz Vibes,Mañana,2024-05-31,0.894,0.0,1.0,124750.0,0.814,modern,Low,2024.0,2.0791666666666666
0.322,84.963,0.699,jazz,-12.943,0.158,0.475,"Oaty., Chancla",4.0,0.107,47,Apapane,Jazz Vibes,Apapane,2023-06-23,0.788,0.0,11.0,127245.0,0.391,modern,Low,2023.0,2.12075
0.566,101.973,0.83,jazz,-9.317,0.11,0.469,"Kimmø, Kid Tarô, Shuko",4.0,0.0524,47,Calm Your Mind,Jazz Vibes,Calm Your Mind,2024-02-16,0.918,0.0,5.0,106158.0,0.21,modern,Low,2024.0,1.7693
0.666,130.04,0.787,jazz,-8.897,0.104,0.28,"Sátyr, Mosalla",4.0,0.0462,47,Low Tide,Jazz Vibes,Low Tide,2024-04-08,0.7,1.0,0.0,136846.0,0.0713,modern,Low,2024.0,2.2807666666666666
0.323,79.155,0.529,jazz,-8.363,0.0908,0.138,Damn Homies,4.0,0.308,46,Passenger,Jazz Vibes,Passenger,2023-11-10,0.891,1.0,10.0,147000.0,0.764,modern,Low,2023.0,2.45
0.283,86.952,0.615,jazz,-18.23,0.0992,0.419,Hans Hu$tle,4.0,0.0739,46,Cream,Jazz Vibes,Cream,2023-11-20,0.924,1.0,7.0,132417.0,0.572,modern,Low,2023.0,2.20695
0.381,80.344,0.751,jazz,-11.887,0.24,0.732,Josa,4.0,0.133,46,Fishizens,Jazz Vibes,Fishizens,2024-05-23,0.74,1.0,7.0,99301.0,0.299,modern,Low,2024.0,1.6550166666666666
0.324,145.826,0.604,jazz,-8.465,0.127,0.254,"Midan, Beats for Trees",4.0,0.0963,46,Spring Melody,Jazz Vibes,Spring Melody,2024-06-07,0.928,0.0,6.0,131597.0,0.927,modern,Low,2024.0,2.1932833333333335
0.45,89.025,0.714,jazz,-15.473,0.101,0.512,"Lamar Azul, Mindscape",4.0,0.14,47,Midnight Cruisin,Jazz Vibes,Midnight Cruisin,2023-11-10,0.871,1.0,8.0,108463.0,0.0743,modern,Low,2023.0,1.8077166666666666
0.328,79.008,0.748,jazz,-10.095,0.107,0.382,Guzimi,4.0,0.232,46,Sunday Galaxy Ride,Jazz Vibes,Sunday Galaxy Ride,2024-02-02,0.923,0.0,6.0,109367.0,0.779,modern,Low,2024.0,1.8227833333333334
0.532,160.023,0.66,jazz,-10.662,0.123,0.651,"Odd Panda, Hikari",4.0,0.0553,46,Pirogue,Jazz Vibes,Pirogue,2024-07-23,0.799,1.0,2.0,123375.0,0.231,modern,Low,2024.0,2.05625
0.379,85.04,0.638,jazz,-10.615,0.139,0.36,"flamingo zamperoni, Chirofafa",4.0,0.0366,46,deliberation,Jazz Vibes,deliberation,2023-06-29,0.568,0.0,0.0,131294.0,0.825,modern,Low,2023.0,2.1882333333333333
0.474,82.038,0.603,jazz,-10.741,0.12,0.585,"SamuW, Mendeville, Lazlow",4.0,0.265,46,Floatin',Jazz Vibes,Floatin',2024-04-26,0.467,0.0,5.0,142134.0,0.698,modern,Low,2024.0,2.3689
0.368,87.969,0.624,jazz,-7.873,0.109,0.26,"Zmeyev, flowless",4.0,0.414,46,Move Around,Jazz Vibes,Move Around,2024-08-23,0.914,0.0,1.0,114545.0,0.0737,modern,Low,2024.0,1.9090833333333332
0.434,163.97,0.817,jazz,-8.146,0.16,0.477,"Screen Jazzmaster, Zmeyev",4.0,0.166,46,Lightness,Jazz Vibes,Lightness,2024-03-22,0.875,0.0,7.0,140488.0,0.0696,modern,Low,2024.0,2.341466666666667
0.347,81.999,0.691,jazz,-9.811,0.105,0.456,"Mr. Käfer, Niklas Nadidai",4.0,0.0614,46,Mood Swings,Jazz Vibes,Mood Swings,2024-08-16,0.914,0.0,10.0,141220.0,0.605,modern,Low,2024.0,2.353666666666667
0.313,150.066,0.729,jazz,-17.297,0.115,0.224,"Noflik, Pleij",4.0,0.429,46,The Backyard,Jazz Vibes,The Backyard,2023-01-17,0.88,1.0,5.0,146000.0,0.808,modern,Low,2023.0,2.433333333333333
0.435,132.157,0.777,jazz,-11.81,0.246,0.688,Peter Kind,4.0,0.322,46,Chichihua,Jazz Vibes,Chichihua,2024-02-29,0.0647,1.0,11.0,118489.0,0.47,modern,Low,2024.0,1.9748166666666667
0.166,80.99,0.735,jazz,-16.977,0.106,0.543,Kasimir,4.0,0.0842,46,Golden Leaves,Jazz Vibes,Golden Leaves,2023-10-27,0.956,1.0,7.0,110732.0,0.661,modern,Low,2023.0,1.8455333333333332
0.471,81.05,0.75,jazz,-7.96,0.114,0.765,"Zmeyev, Screen Jazzmaster",4.0,0.141,46,Jazzy Mondays,Jazz Vibes,Jazzy Mondays,2024-07-26,0.826,1.0,11.0,130370.0,0.0651,modern,Low,2024.0,2.172833333333333
0.344,87.026,0.662,jazz,-9.933,0.152,0.652,halfpastseven,4.0,0.22,45,The Other Day,Jazz Vibes,The Other Day,2023-12-01,0.878,1.0,11.0,99310.0,0.351,modern,Low,2023.0,1.6551666666666667
0.434,80.002,0.733,jazz,-9.508,0.119,0.711,"Jikuru, Lola",4.0,0.102,45,New Chapter,Jazz Vibes,New Chapter,2024-04-26,0.905,0.0,0.0,132268.0,0.776,modern,Low,2024.0,2.204466666666667
0.505,83.935,0.692,jazz,-10.187,0.607,0.418,Platinum Dust,4.0,0.127,45,Bobba,Jazz Vibes,Bobba,2024-02-15,0.664,1.0,7.0,119633.0,0.339,modern,Low,2024.0,1.9938833333333332
0.463,83.967,0.796,jazz,-10.058,0.196,0.581,Señor Siesta,4.0,0.0462,45,Felices Siestas,Jazz Vibes,Felices Siestas,2022-12-16,0.836,0.0,7.0,127321.0,0.583,modern,Low,2022.0,2.1220166666666667
0.361,89.026,0.8,jazz,-10.884,0.0995,0.322,"Guidolain beats, brass.beats",4.0,0.0647,45,The Last Day,Jazz Vibes,The Last Day,2023-08-22,0.927,0.0,4.0,159101.0,0.613,modern,Low,2023.0,2.651683333333333
0.199,160.64,0.604,jazz,-16.086,0.116,0.629,Butterscotch,3.0,0.0489,45,Kamada,Jazz Vibes,Kamada,2023-11-30,0.938,1.0,3.0,114393.0,0.543,modern,Low,2023.0,1.90655
0.261,145.978,0.735,jazz,-17.488,0.129,0.533,"Mozzie, flut",4.0,0.109,45,cinnamon,Jazz Vibes,cinnamon,2023-12-14,0.907,1.0,2.0,120000.0,0.855,modern,Low,2023.0,2.0
0.354,84.223,0.472,jazz,-12.653,0.1,0.432,KaspaHauser,4.0,0.158,45,A Million Times,Jazz Vibes,A Million Times,2023-10-25,0.885,1.0,9.0,113118.0,0.915,modern,Low,2023.0,1.8853
0.56,119.974,0.558,jazz,-10.187,0.108,0.341,"xander., Rikard From",5.0,0.104,45,Life Form,Jazz Vibes,Life Form,2024-08-16,0.838,0.0,4.0,194667.0,0.775,modern,Low,2024.0,3.24445
0.367,87.982,0.724,jazz,-11.658,0.0996,0.646,Loop Schrauber,4.0,0.0956,45,biking,Jazz Vibes,biking,2023-10-20,0.8,0.0,2.0,141818.0,0.664,modern,Low,2023.0,2.3636333333333335
0.469,76.006,0.679,jazz,-8.232,0.132,0.675,paris91,4.0,0.0621,45,Yard,Jazz Vibes,Yard,2024-03-08,0.891,0.0,10.0,105789.0,0.667,modern,Low,2024.0,1.76315
0.324,74.009,0.733,jazz,-12.706,0.122,0.617,"Mindeliq, Billa Qause",4.0,0.126,45,Urban Oasis,Jazz Vibes,Urban Oasis,2023-12-05,0.778,0.0,10.0,150971.0,0.581,modern,Low,2023.0,2.516183333333333
0.389,90.028,0.742,jazz,-8.445,0.202,0.472,"flâneur, marsquake",4.0,0.108,45,Respiro,Jazz Vibes,Respiro,2024-06-11,0.863,1.0,7.0,122665.0,0.111,modern,Low,2024.0,2.0444166666666668
0.372,153.874,0.57,jazz,-13.45,0.237,0.168,"Sátyr, Mosalla, Louk",4.0,0.0773,45,Aquarius,Jazz Vibes,Aquarius,2024-05-06,0.911,0.0,7.0,129351.0,0.62,modern,Low,2024.0,2.15585
0.45,86.018,0.759,jazz,-6.894,0.0943,0.232,"SamuW, Kimmø",4.0,0.196,45,Como,Jazz Vibes,Como,2023-11-03,0.726,1.0,0.0,125581.0,0.541,modern,Low,2023.0,2.0930166666666667
0.317,161.432,0.392,jazz,-9.573,0.109,0.236,"Lola, Bluewerks",3.0,0.067,45,A Cosmic Hiss,Jazz Vibes,A Cosmic Hiss,2024-02-23,0.904,1.0,2.0,151579.0,0.671,modern,Low,2024.0,2.5263166666666668
0.277,79.99,0.756,jazz,-12.488,0.116,0.396,"rocomoco, Hoffy Beats, damaa.beats",4.0,0.0644,45,Grooveshop (damaa.beats Remix),Jazz Vibes,Grooveshop - damaa.beats Remix,2024-02-07,0.91,0.0,10.0,132000.0,0.325,modern,Low,2024.0,2.2
0.282,135.018,0.77,jazz,-12.155,0.172,0.602,Rosemary beats,3.0,0.348,45,Night Driver,Jazz Vibes,Night Driver,2024-06-28,0.361,0.0,2.0,141500.0,0.855,modern,Low,2024.0,2.3583333333333334
0.507,88.987,0.427,jazz,-11.649,0.372,0.389,"Slo Five, Frances The Mute",4.0,0.216,45,Floating,Jazz Vibes,Floating,2024-01-23,0.672,0.0,6.0,143258.0,0.084,modern,Low,2024.0,2.3876333333333335
0.455,91.992,0.854,jazz,-10.786,0.126,0.696,"Sem0r, Loyae",4.0,0.0595,45,Blossom,Jazz Vibes,Blossom,2023-10-04,0.801,0.0,10.0,114781.0,0.241,modern,Low,2023.0,1.9130166666666666
0.33,84.035,0.591,jazz,-10.195,0.1,0.215,"Hans Hu$tle, KOMOREBI",4.0,0.0506,45,Veil,Jazz Vibes,Veil,2021-10-15,0.899,1.0,2.0,137278.0,0.222,modern,Low,2021.0,2.2879666666666667
0.46,77.446,0.46,jazz,-12.532,0.0643,0.82,"Living Room, ØNEMOR3",4.0,0.0531,45,Maple,Jazz Vibes,Maple,2024-08-09,0.746,0.0,0.0,96623.0,0.0411,modern,Low,2024.0,1.6103833333333333
0.323,83.003,0.634,jazz,-11.306,0.113,0.371,"Drxnk, Myríad, Golden Ticket Tapes",4.0,0.178,45,Clouds,Jazz Vibes,Up & Down,2021-07-23,0.808,0.0,0.0,136891.0,0.894,modern,Low,2021.0,2.2815166666666666
0.449,85.197,0.64,jazz,-8.37,0.114,0.333,"Saiko, Joe Sunrise",4.0,0.103,45,Second Chance,Jazz Vibes,Second Chance,2022-10-07,0.856,0.0,7.0,118588.0,0.184,modern,Low,2022.0,1.9764666666666666
0.534,80.898,0.815,jazz,-7.975,0.0985,0.543,Lazlow,4.0,0.391,44,Paces,Jazz Vibes,Paces,2023-04-05,0.199,1.0,0.0,131111.0,0.383,modern,Low,2023.0,2.1851833333333333
0.312,79.607,0.572,jazz,-12.619,0.17,0.39,Oaty.,4.0,0.361,44,Salt,Jazz Vibes,Salt,2023-09-22,0.841,0.0,7.0,119255.0,0.615,modern,Low,2023.0,1.9875833333333333
0.521,135.589,0.537,jazz,-11.083,0.12,0.781,Boney James,4.0,0.0432,51,Send One Your Love,Smooth Jazz,Hold On Tight,2009-01-01,0.859,0.0,3.0,304653.0,0.622,smooth,Low,2009.0,5.07755
0.279,140.801,0.325,jazz,-11.924,0.0773,0.0576,Kenny G,3.0,0.0362,50,Innocence,Smooth Jazz,Over The Rainbow,2023-12-01,0.021,1.0,5.0,192493.0,0.899,smooth,Low,2023.0,3.2082166666666665
0.531,119.991,0.756,jazz,-11.627,0.0929,0.838,Gregg Karukas,4.0,0.0403,50,Looking Up,Smooth Jazz,Girl In The Red Dress,2005-01-01,0.713,0.0,5.0,296227.0,0.318,smooth,Low,2005.0,4.937116666666666
0.585,143.932,0.645,jazz,-9.493,0.0744,0.495,Steve Cole,4.0,0.0339,49,Stay Awhile,Smooth Jazz,Where the Night Begins,1998-05-01,0.742,0.0,4.0,277600.0,0.37,smooth,Low,1998.0,4.626666666666667
0.408,111.979,0.753,jazz,-10.123,0.0374,0.192,"Dave Koz, Brian Culbertson",4.0,0.0289,49,"Forever, For Always, For Luther",Smooth Jazz,If Only For One Night,2004-01-01,0.09,0.0,9.0,316027.0,0.361,smooth,Low,2004.0,5.2671166666666664
0.607,82.996,0.544,jazz,-7.942,0.0676,0.406,Boney James,4.0,0.0319,49,Body Language,Smooth Jazz,Boneyizm,1999-02-05,0.911,0.0,5.0,267627.0,0.206,smooth,Low,1999.0,4.46045
0.287,172.113,0.709,jazz,-12.301,0.109,0.288,Ny Cic,4.0,0.156,48,citynights,Smooth Jazz,citynights,2023-03-12,0.91,1.0,7.0,134981.0,0.437,smooth,Low,2023.0,2.2496833333333335
0.599,97.008,0.798,jazz,-5.124,0.0544,0.776,"Adam Hawley, Marcus Anderson",4.0,0.0281,48,Double Vision,Smooth Jazz,Can You Feel It,2018-03-23,0.242,1.0,2.0,251013.0,0.216,smooth,Low,2018.0,4.18355
0.558,119.007,0.831,jazz,-7.557,0.111,0.604,Delorme & Co,4.0,0.0336,48,Porch Java,Smooth Jazz,Porch Java,2023-03-31,0.636,0.0,6.0,215436.0,0.706,smooth,Low,2023.0,3.5906
0.493,136.018,0.706,jazz,-8.792,0.141,0.432,"Brian Simpson, Peter White",4.0,0.0271,48,South Beach,Smooth Jazz,Never Without You,2010-08-31,0.63,1.0,1.0,292120.0,0.683,smooth,Low,2010.0,4.868666666666667
0.592,77.937,0.608,jazz,-9.642,0.0651,0.365,Earl Klugh,4.0,0.0409,48,Sudden Burst Of Energy,Smooth Jazz,I'll Be Waiting,1996-03-15,0.909,0.0,0.0,287627.0,0.469,smooth,Low,1996.0,4.793783333333334
0.268,83.991,0.246,jazz,-9.725,0.125,0.246,Kenny G,4.0,0.0372,50,A Mother's Lullaby,Smooth Jazz,A Mother’s Lullaby,2023-09-08,0.702,1.0,1.0,197125.0,0.734,smooth,Low,2023.0,3.285416666666667
0.276,100.015,0.7,jazz,-10.16,0.094,0.744,Chris Standring,4.0,0.0743,48,Love and Paragraphs,Smooth Jazz,Liquid Soul,2008-01-01,0.809,0.0,10.0,367573.0,0.346,smooth,Low,2008.0,6.126216666666667
0.431,139.565,0.658,jazz,-10.104,0.104,0.481,Peter White,4.0,0.0324,48,Perfect Moment,Smooth Jazz,Perfect Moment,1998-09-01,0.733,0.0,11.0,285627.0,0.548,smooth,Low,1998.0,4.76045
0.387,76.032,0.635,jazz,-8.967,0.0291,0.604,Richard Elliot,4.0,0.0328,48,Chill Factor,Smooth Jazz,Deep Touch,1999-01-01,0.655,0.0,5.0,276360.0,0.172,smooth,Low,1999.0,4.606
0.577,98.011,0.736,jazz,-6.61,0.0457,0.239,Vincent Ingala,4.0,0.0331,48,Can't Stop Now,Smooth Jazz,If I Could Fly,2012-06-14,0.769,1.0,2.0,256853.0,0.226,smooth,Low,2012.0,4.280883333333334
0.636,82.019,0.582,jazz,-9.767,0.117,0.672,David Benoit,4.0,0.0377,48,Fuzzy Logic,Smooth Jazz,You Read My Mind,2002-01-01,0.897,1.0,5.0,291520.0,0.0502,smooth,Low,2002.0,4.858666666666666
0.716,100.009,0.785,jazz,-5.797,0.165,0.709,Jackiem Joyner,4.0,0.0462,47,Babysoul,Smooth Jazz,Elevation,2007-05-08,0.195,0.0,4.0,284987.0,0.0889,smooth,Low,2007.0,4.749783333333333
0.498,151.964,0.697,jazz,-10.846,0.0636,0.723,Brian Culbertson,4.0,0.0337,47,Dreams,Smooth Jazz,In The City,2012-01-01,0.926,0.0,11.0,322307.0,0.29,smooth,Low,2012.0,5.371783333333333
0.63,98.017,0.688,jazz,-8.226,0.312,0.57,Norman Brown,4.0,0.0319,47,West Coast Coolin',Smooth Jazz,West Coast Coolin',2004-08-31,0.873,0.0,10.0,270840.0,0.535,smooth,Low,2004.0,4.514
0.68,91.039,0.654,jazz,-8.052,0.354,0.62,Kirk Whalum,4.0,0.0331,47,"Forever, For Always, For Luther",Smooth Jazz,Any Love,2004-01-01,0.676,1.0,1.0,304453.0,0.242,smooth,Low,2004.0,5.074216666666667
0.654,96.994,0.7,jazz,-9.446,0.0531,0.787,Nick Colionne,4.0,0.0378,47,Keepin' It Cool,Smooth Jazz,Always Thinkin' Of You,2006-01-01,0.851,1.0,8.0,249227.0,0.213,smooth,Low,2006.0,4.153783333333333
0.707,87.721,0.638,jazz,-7.971,0.0433,0.646,Peter White,4.0,0.0337,47,Perfect Moment,Smooth Jazz,Autumn Day,1998-09-01,0.672,0.0,11.0,274467.0,0.295,smooth,Low,1998.0,4.57445
0.422,180.099,0.741,jazz,-11.206,0.108,0.473,robomoque,4.0,0.104,47,Next Journey,Smooth Jazz,Next Journey,2023-04-07,0.908,0.0,2.0,183250.0,0.667,smooth,Low,2023.0,3.0541666666666667
0.491,73.972,0.542,jazz,-9.353,0.112,0.317,Zacky Yazz,4.0,0.0343,47,Battery Park,Smooth Jazz,Battery Park,2023-04-14,0.531,1.0,10.0,144730.0,0.0833,smooth,Low,2023.0,2.412166666666667
0.801,91.016,0.695,jazz,-6.778,0.0483,0.623,Euge Groove,4.0,0.0331,47,Born 2 Groove,Smooth Jazz,Mr. Groove,2007-01-01,0.445,1.0,1.0,301240.0,0.093,smooth,Low,2007.0,5.020666666666667
0.509,85.02,0.691,jazz,-9.963,0.111,0.414,"Jonas Wall, Umbaji",4.0,0.0456,47,Find Someone Like You,Smooth Jazz,Find Someone Like You,2023-04-04,0.865,0.0,7.0,249231.0,0.612,smooth,Low,2023.0,4.15385
0.402,77.086,0.529,jazz,-11.616,0.332,0.584,"Jonathan Butler, Boney James",4.0,0.0567,47,Surrender,Smooth Jazz,Surrender (feat. Boney James),2002-06-18,0.624,0.0,11.0,282667.0,0.205,smooth,Low,2002.0,4.711116666666666
0.413,123.922,0.78,jazz,-13.292,0.0715,0.304,Brian Culbertson,4.0,0.0335,47,Secrets,Smooth Jazz,Straight to the Heart,1997-09-16,0.878,1.0,3.0,233667.0,0.548,smooth,Low,1997.0,3.89445
0.071,146.977,0.159,classical,-27.109,0.107,0.0602,Aphex Twin,5.0,0.0409,60,Selected Ambient Works Volume II,Minimalism,#3,1994-03-07,0.856,0.0,6.0,464293.0,0.911,modern,Low,1994.0,7.738216666666666
0.012,133.166,0.324,classical,-39.19,0.135,0.744,Jon Hassell,4.0,0.0344,43,Last Night The Moon Came Dropping Its Clothes In The Street,Minimalism,Clairvoyance,2009-03-20,0.955,1.0,9.0,65933.0,0.986,modern,Low,2009.0,1.0988833333333334
0.0424,139.169,0.166,classical,-31.01,0.078,0.0354,Sol Reya,4.0,0.0754,56,Waves of the Unconscious Mind,Minimalism,Waves of the Unconscious Mind,2024-04-14,0.668,1.0,0.0,173875.0,0.888,modern,Low,2024.0,2.8979166666666667
0.0616,209.852,0.387,classical,-23.838,0.058,0.279,Brambles,3.0,0.0422,47,Charcoal,Minimalism,Pink And Golden Billows,2012-10-22,0.915,0.0,7.0,178973.0,0.99,modern,Low,2012.0,2.9828833333333336
0.112,77.122,0.118,classical,-25.741,0.101,0.161,Terekke,3.0,0.0488,35,Improvisational Loops,Minimalism,Wav1,2018-02-28,0.902,0.0,1.0,262359.0,0.993,modern,Low,2018.0,4.37265
0.0124,65.876,0.19,classical,-39.77,0.0741,0.0908,MrNotYet,4.0,0.0379,48,Distorted Reflection,Minimalism,Distorted Reflection,2023-05-25,0.859,1.0,9.0,126780.0,0.988,modern,Low,2023.0,2.113
0.0497,72.674,0.18,classical,-30.856,0.0637,0.073,William Basinski,5.0,0.0359,39,Melancholia,Minimalism,Melancholia II,2003-08-12,0.903,1.0,3.0,409067.0,0.981,modern,Low,2003.0,6.817783333333334
0.0388,140.96,0.19,classical,-34.654,0.0956,0.117,Benjamin Gustafsson,3.0,0.0301,53,"Dear Earth, I'm Lost",Minimalism,"I Thought About Death, About Time",2019-09-13,0.937,0.0,10.0,120000.0,0.994,modern,Low,2019.0,2.0
0.0642,165.638,0.263,classical,-22.824,0.107,0.322,"Caterina Barbieri, Kara-Lis Coverdale",1.0,0.0359,32,Fantas Variations,Minimalism,Fantas Morbida,2021-04-02,0.918,0.0,7.0,187864.0,0.995,modern,Low,2021.0,3.131066666666667
0.0411,87.315,0.184,classical,-34.094,0.11,0.0356,Murcof,3.0,0.0388,35,Remembranza,Minimalism,Resignación,2005-10-03,0.904,0.0,6.0,91840.0,0.619,modern,Low,2005.0,1.5306666666666666
0.0304,130.244,0.219,classical,-35.2,0.149,0.114,Biosphere,4.0,0.0375,42,Substrata + Man with a Movie Camera,Minimalism,Poa Alpina,1997-07-12,0.938,0.0,7.0,251067.0,0.909,modern,Low,1997.0,4.18445
0.0217,104.541,0.278,classical,-37.438,0.0926,0.223,Tony Anderson,1.0,0.0327,61,Nuit,Minimalism,Éphémère,2021-03-26,0.919,0.0,9.0,103091.0,0.98,modern,Low,2021.0,1.7181833333333334
0.71,119.951,0.702,electronic,-7.118,0.155,0.578,"Deepend, Madism",4.0,0.0397,54,Hold This Memory,Tropical House,Hold This Memory,2022-09-23,1.52e-05,1.0,9.0,160072.0,0.082,tropical,Low,2022.0,2.667866666666667
0.718,120.955,0.669,electronic,-7.782,0.341,0.615,"Trinix, Fafá de Belém",4.0,0.0438,66,Emorio,Tropical House,Emorio,2023-04-28,0.4,0.0,9.0,163840.0,0.0886,tropical,Low,2023.0,2.7306666666666666
0.57,113.945,0.644,electronic,-6.994,0.299,0.527,"Jonas Blue, Dakota",4.0,0.052,64,Fast Car,Tropical House,Fast Car,2015-12-04,0.0,1.0,9.0,212424.0,0.484,tropical,Low,2015.0,3.5404
0.68,100.987,0.689,electronic,-7.196,0.0431,0.646,"Marvin Gaye, Kygo",4.0,0.0427,62,Sexual Healing (Kygo Remix),Tropical House,Sexual Healing - Kygo Remix,2015-04-27,0.0211,0.0,0.0,368317.0,0.321,tropical,Low,2015.0,6.138616666666667
0.841,116.016,0.769,electronic,-5.365,0.229,0.712,"Toby Rose, TWOPILOTS",4.0,0.0423,61,Cool Kids,Tropical House,Cool Kids,2022-09-29,0.0,0.0,4.0,153107.0,0.114,tropical,Low,2022.0,2.5517833333333333
0.685,118.001,0.763,electronic,-7.185,0.215,0.116,Matt Bleu,4.0,0.0402,45,Evening Walk,Tropical House,Evening Walk,2023-10-20,0.887,0.0,6.0,131186.0,0.36,tropical,Low,2023.0,2.1864333333333335
0.653,104.961,0.629,electronic,-5.631,0.103,0.248,TWOPILOTS,4.0,0.0241,63,Take My Breath Away,Tropical House,Take My Breath Away,2022-12-01,0.000718,0.0,0.0,188714.0,0.00345,tropical,Low,2022.0,3.1452333333333335
0.742,104.991,0.646,electronic,-4.96,0.141,0.136,"Lucas Estrada, TWOPILOTS",4.0,0.0254,61,Bloom,Tropical House,Bloom,2022-06-17,4.99e-05,0.0,5.0,179429.0,0.0224,tropical,Low,2022.0,2.990483333333333
0.8,114.981,0.641,electronic,-5.591,0.184,0.219,"Lucas Estrada, TWOPILOTS, Brendan Mills",4.0,0.0377,57,Bloom (Brendan Mills Remix),Tropical House,Bloom (Brendan Mills Remix),2024-04-04,0.0225,0.0,5.0,156852.0,0.0118,tropical,Low,2024.0,2.6142
0.67,120.028,0.654,electronic,-10.393,0.118,0.528,NSH,4.0,0.0403,60,Sunbeams,Tropical House,Sunbeams,2022-07-28,0.157,1.0,1.0,147125.0,0.149,tropical,Low,2022.0,2.4520833333333334
0.577,115.014,0.632,electronic,-12.89,0.0905,0.301,Innocent Panda,4.0,0.0387,47,Kyoto,Tropical House,Kyoto,2020-10-22,0.796,0.0,9.0,220939.0,0.58,tropical,Low,2020.0,3.6823166666666665
0.592,124.015,0.821,electronic,-11.013,0.116,0.387,"CYRIL, Kita Alexander",4.0,0.0908,60,True,Tropical House,True,2024-08-09,0.0,1.0,7.0,125806.0,0.213,tropical,Low,2024.0,2.0967666666666664
0.64,114.083,0.616,electronic,-9.925,0.152,0.197,"Thom Merlin, Foínix, Brandon Chase",4.0,0.0574,46,Lie To Me,Tropical House,Lie To Me,2024-04-05,1.96e-05,0.0,0.0,149474.0,0.0846,tropical,Low,2024.0,2.491233333333333
0.741,119.971,0.806,electronic,-6.362,0.0746,0.563,"Thierry Von Der Warth, Horizon Blue, Carston",4.0,0.0471,59,Sunset Lovers,Tropical House,Sunset Lovers,2022-08-12,3.73e-05,0.0,1.0,176000.0,0.0234,tropical,Low,2022.0,2.933333333333333
0.68,117.998,0.673,electronic,-11.444,0.134,0.117,"Gabriel Morais Jr, Ayla Nova",4.0,0.0358,52,Waves,Tropical House,Waves,2021-09-20,0.888,1.0,7.0,151525.0,0.542,tropical,Low,2021.0,2.5254166666666666
0.739,120.021,0.749,electronic,-6.669,0.215,0.833,"Lucas Estrada, Deepend, Dan Caplen",4.0,0.0303,49,House Of Cards,Tropical House,House Of Cards,2023-11-03,4.48e-05,0.0,9.0,156885.0,0.025,tropical,Low,2023.0,2.61475
0.862,107.993,0.645,electronic,-3.887,0.238,0.396,TWOPILOTS,4.0,0.0358,62,King,Tropical House,King,2023-01-19,1.73e-06,1.0,1.0,210000.0,0.00736,tropical,Low,2023.0,3.5
0.572,119.947,0.644,electronic,-9.504,0.118,0.125,NEIMY,3.0,0.0477,60,Follow the Sun,Tropical House,Follow the Sun,2022-06-24,0.00609,1.0,3.0,154314.0,0.541,tropical,Low,2022.0,2.5719
0.497,118.023,0.79,electronic,-13.007,0.0527,0.299,Maiwan,4.0,0.0516,43,Always Me,Tropical House,Glowing State,2020-07-24,0.868,1.0,3.0,289322.0,0.248,tropical,Low,2020.0,4.822033333333334
0.647,130.005,0.711,electronic,-8.589,0.0946,0.453,NSH,4.0,0.0305,11,Covered By The Clouds,Tropical House,Covered By The Clouds,2024-04-04,0.0228,1.0,10.0,199063.0,0.733,tropical,Low,2024.0,3.3177166666666666
0.635,116.063,0.609,electronic,-7.151,0.424,0.278,Paratone,4.0,0.24,58,Time After Time,Tropical House,Time After Time,2020-11-06,4.88e-05,0.0,11.0,161053.0,0.215,tropical,Low,2020.0,2.6842166666666665
0.702,124.924,0.651,electronic,-7.833,0.129,0.539,"Matoma, Jonah Kagen",4.0,0.0876,51,Summer Feeling,Tropical House,Summer Feeling,2021-08-20,4.87e-05,1.0,10.0,180600.0,0.0256,tropical,Low,2021.0,3.01
0.686,121.981,0.813,electronic,-7.593,0.293,0.301,"Bob Marley & The Wailers, LVNDSCAPE, Bolier",4.0,0.0352,58,Is This Love (Remix),Tropical House,Is This Love - Remix,2016-06-10,0.00636,0.0,6.0,199656.0,0.034,tropical,Low,2016.0,3.3276
0.621,116.027,0.65,electronic,-9.761,0.148,0.556,"Hobes, NEIMY",4.0,0.0322,57,Kids,Tropical House,Kids,2024-08-30,0.307,0.0,8.0,147155.0,0.566,tropical,Low,2024.0,2.452583333333333
0.585,117.849,0.797,electronic,-5.854,0.145,0.739,"LAUWE, Marcus Layton",4.0,0.0551,57,Cruel Summer (Marcus Layton Edit),Tropical House,Cruel Summer (Marcus Layton Edit),2022-08-04,2.17e-06,0.0,0.0,144230.0,0.451,tropical,Low,2022.0,2.4038333333333335
0.872,115.024,0.726,electronic,-7.128,0.393,0.131,"ConKi, Magnus Gunn",4.0,0.0665,56,I'll Be There,Tropical House,I'll Be There,2022-08-11,0.121,1.0,5.0,148315.0,0.356,tropical,Low,2022.0,2.4719166666666665
0.762,118.023,0.753,electronic,-7.119,0.232,0.259,"Nexeri, Tara Louise",4.0,0.0287,55,Knockin' On Heaven's Door,Tropical House,Knockin' On Heaven's Door,2022-08-18,0.327,1.0,10.0,149364.0,0.128,tropical,Low,2022.0,2.4894
0.723,115.014,0.834,electronic,-10.475,0.1,0.494,PLÜM,4.0,0.16,54,Milkshake,Tropical House,Milkshake,2023-06-09,0.0058,0.0,8.0,192000.0,0.196,tropical,Low,2023.0,3.2
0.631,119.994,0.81,electronic,-7.543,0.144,0.43,Eneko Artola,4.0,0.11,54,Like a Mystery,Tropical House,Like a Mystery,2022-07-14,0.000146,1.0,6.0,138000.0,0.51,tropical,Low,2022.0,2.3
0.665,120.997,0.836,electronic,-5.779,0.0714,0.677,"Sam Feldt, Kimberly Anne, EDX",4.0,0.0745,54,Show Me Love (Remixes 2),Tropical House,Show Me Love - EDX Remix / Radio Edit,2015-07-24,0.000925,1.0,0.0,180336.0,0.308,tropical,Low,2015.0,3.0056
0.624,107.978,0.788,electronic,-6.017,0.18,0.339,"Thierry Von Der Warth, YKATI",4.0,0.043,54,Would I Lie To You,Tropical House,Would I Lie To You,2023-12-08,4.37e-06,0.0,11.0,157154.0,0.0991,tropical,Low,2023.0,2.6192333333333333
0.387,117.05,0.791,electronic,-9.6,0.251,0.528,Trinix,4.0,0.159,53,5th Avenue,Tropical House,5th Avenue,2022-04-29,0.000109,1.0,0.0,184889.0,0.482,tropical,Low,2022.0,3.0814833333333334
0.579,109.854,0.61,electronic,-7.749,0.215,0.299,"WEEKLESS, WEDONT, ROBINS",4.0,0.205,53,In Too Deep,Tropical House,In Too Deep,2022-10-28,1.22e-06,1.0,9.0,165551.0,0.11,tropical,Low,2022.0,2.7591833333333335
0.727,115.005,0.711,electronic,-5.244,0.111,0.419,"Viva La Panda, Justin Rhodes",4.0,0.0618,53,Someone You Loved,Tropical House,Someone You Loved,2022-09-01,2.16e-06,1.0,10.0,154435.0,0.186,tropical,Low,2022.0,2.573916666666667
0.638,120.087,0.675,electronic,-6.141,0.245,0.234,"Deep Chills, Brendan Mills",4.0,0.031,53,Nalu,Tropical House,Nalu,2022-06-17,0.0365,0.0,7.0,149000.0,0.142,tropical,Low,2022.0,2.4833333333333334
0.669,109.998,0.65,electronic,-10.262,0.119,0.0681,Sons Of Maria,4.0,0.0317,52,Don't Tell Me I Can't Have It,Tropical House,Don't Tell Me I Can't Have It,2022-05-13,0.749,1.0,2.0,187773.0,0.196,tropical,Low,2022.0,3.12955
0.609,89.875,0.529,electronic,-5.574,0.125,0.188,TWOPILOTS,4.0,0.0318,52,Dancing With Your Ghost,Tropical House,Dancing With Your Ghost,2023-09-21,0.000279,1.0,10.0,162833.0,0.171,tropical,Low,2023.0,2.7138833333333334
0.663,106.995,0.72,electronic,-9.749,0.311,0.806,NSH,4.0,0.0634,52,Where I Belong,Tropical House,Where I Belong,2023-10-12,0.0426,1.0,6.0,157375.0,0.387,tropical,Low,2023.0,2.622916666666667
0.626,125.035,0.818,electronic,-5.991,0.056,0.943,"Saco, Sparkle, Isabel Prada",4.0,0.0352,52,This Town,Tropical House,This Town,2022-08-25,6.01e-05,0.0,6.0,186240.0,0.185,tropical,Low,2022.0,3.104
0.748,120.023,0.654,electronic,-7.096,0.4,0.683,"Rolipso, Foínix, Jordan Grace",4.0,0.0799,52,Another Love,Tropical House,Another Love,2023-12-08,1.15e-05,1.0,7.0,125000.0,0.427,tropical,Low,2023.0,2.0833333333333335
0.738,124.061,0.665,electronic,-6.136,0.12,0.496,"Madism, Philip Strand",4.0,0.0337,51,Over You,Tropical House,Over You,2022-08-18,0.0,0.0,8.0,141774.0,0.133,tropical,Low,2022.0,2.3629
0.802,117.973,0.572,electronic,-6.982,0.142,0.372,"Thierry Von Der Warth, Thomas Geelens",4.0,0.0597,51,Million Memories,Tropical House,Million Memories,2023-01-06,0.0,1.0,5.0,163829.0,0.119,tropical,Low,2023.0,2.7304833333333334
0.679,120.114,0.715,electronic,-5.263,0.121,0.438,"Namic, Meynberg",4.0,0.0778,51,Talking To Myself,Tropical House,Talking To Myself,2022-10-27,0.0,1.0,11.0,131000.0,0.517,tropical,Low,2022.0,2.183333333333333
0.611,115.887,0.655,electronic,-7.325,0.369,0.419,"Nimus, RED",4.0,0.1,51,Before the Sun Sets,Tropical House,Before the Sun Sets,2022-07-15,0.000685,1.0,7.0,120776.0,0.649,tropical,Low,2022.0,2.0129333333333332
0.748,120.025,0.785,electronic,-6.674,0.563,0.618,"Zwette, Julian Perretta",4.0,0.0458,51,Home,Tropical House,Home,2022-09-02,0.005,1.0,2.0,190400.0,0.121,tropical,Low,2022.0,3.1733333333333333
0.796,109.969,0.83,electronic,-7.276,0.152,0.26,"Saco, Sparkle",4.0,0.0685,51,Promised Land,Tropical House,Promised Land,2022-06-09,6.13e-05,1.0,1.0,168830.0,0.385,tropical,Low,2022.0,2.813833333333333
0.887,117.991,0.649,electronic,-5.021,0.0951,0.804,"Quarry, SUPER-Hi",4.0,0.0291,51,Sound of Your Summer,Tropical House,Sound of Your Summer - SUPER-Hi Remix,2022-08-26,0.101,0.0,3.0,188415.0,0.0304,tropical,Low,2022.0,3.14025
0.681,119.943,0.675,electronic,-8.669,0.615,0.181,"John Skyfield, BNHM, Levka Rey",4.0,0.0285,51,Young Folks,Tropical House,Young Folks,2022-05-27,0.00117,0.0,5.0,161458.0,0.0494,tropical,Low,2022.0,2.6909666666666667
0.544,114.99,0.786,electronic,-13.053,0.0959,0.619,Beachwax,4.0,0.0628,51,In Deep,Tropical House,In Deep,2022-02-04,0.928,0.0,7.0,171289.0,0.0512,tropical,Low,2022.0,2.854816666666667
0.638,117.026,0.789,electronic,-7.515,0.274,0.427,"Lucas Estrada, NEIMY",4.0,0.045,50,Ocean Quiet,Tropical House,Ocean Quiet,2021-08-06,0.0337,0.0,11.0,167160.0,0.171,tropical,Low,2021.0,2.786
0.215,106.001,0.624,electronic,-19.026,0.108,0.101,"Willow, YVMV",4.0,0.0626,50,Blossom,Tropical House,Blossom,2024-03-01,0.837,0.0,10.0,130625.0,0.518,tropical,Low,2024.0,2.1770833333333335
0.711,119.997,0.616,electronic,-8.48,0.596,0.312,"KHEMIS, BNHM, Levka Rey",4.0,0.0781,50,What You Know,Tropical House,What You Know (feat. Levka Rey),2022-09-16,1.96e-05,0.0,9.0,165000.0,0.167,tropical,Low,2022.0,2.75
0.769,123.074,0.666,electronic,-5.946,0.145,0.329,"Brendan Mills, Surfin' Sam",4.0,0.0428,50,Rise Up,Tropical House,Rise Up,2024-10-04,4.93e-05,1.0,0.0,167946.0,0.11,tropical,Low,2024.0,2.7991
0.553,136.045,0.678,electronic,-9.38,0.302,0.056,Gravagerz,4.0,0.071,48,Help Me Lose My Mind,Tropical House,Help Me Lose My Mind,2024-11-15,0.228,0.0,7.0,171673.0,0.787,tropical,Low,2024.0,2.8612166666666665
0.764,117.974,0.727,electronic,-6.074,0.0935,0.633,"Lucas Estrada, Couché, Polar Notes, Mentum",4.0,0.062,50,Dollar Dream [Lucas Estrada Edit],Tropical House,Dollar Dream [Lucas Estrada Edit],2023-05-11,0.000313,0.0,5.0,158644.0,0.413,tropical,Low,2023.0,2.644066666666667
0.606,123.006,0.567,electronic,-6.543,0.0686,0.314,"Kygo, Sandro Cavazza",4.0,0.0438,68,Hold On Me,Techno Bunker,Hold On Me,2024-11-15,0.0,0.0,10.0,171785.0,0.0801,techno,Low,2024.0,2.8630833333333334
0.688,127.938,0.608,electronic,-8.597,0.08,0.214,Lost Frequencies,4.0,0.0499,68,Love Is The Only Thing,Techno Bunker,Love Is The Only Thing,2024-11-08,0.00736,0.0,5.0,171094.0,0.0554,techno,Low,2024.0,2.851566666666667
0.951,74.973,0.772,electronic,-3.375,0.036,0.4,"Dimitri Vegas, Steve Aoki, Ann Lee, Sound Of Legend",4.0,0.271,68,2 Times,Techno Bunker,2 Times,2024-10-04,0.000738,0.0,9.0,152000.0,0.0634,techno,Low,2024.0,2.533333333333333
0.88,130.085,0.588,electronic,-5.15,0.0667,0.523,"Alok, Bebe Rexha",4.0,0.0354,68,Deep In Your Love,Techno Bunker,Deep In Your Love,2024-01-12,6.89e-05,1.0,7.0,144649.0,0.0243,techno,Low,2024.0,2.410816666666667
0.831,126.056,0.785,electronic,-3.681,0.086,0.673,"The Blessed Madonna, Clementine Douglas",4.0,0.0444,68,Happier (feat. Clementine Douglas),Techno Bunker,Happier (feat. Clementine Douglas),2024-02-02,0.0105,1.0,0.0,170359.0,0.0038,techno,Low,2024.0,2.8393166666666665
0.8,119.984,0.724,electronic,-5.468,0.0823,0.925,"Purple Disco Machine, Benjamin Ingrosso, Nile Rodgers, Shenseea",4.0,0.0541,68,Honey Boy (feat. Nile Rodgers & Shenseea),Techno Bunker,Honey Boy (feat. Nile Rodgers & Shenseea),2024-05-03,9.38e-05,0.0,5.0,227283.0,0.0103,techno,Low,2024.0,3.78805
0.785,131.988,0.731,electronic,-4.08,0.0567,0.85,"Jax Jones, Zoe Wees",4.0,0.0339,67,Never Be Lonely,Techno Bunker,Never Be Lonely,2024-02-09,0.00224,0.0,3.0,134570.0,0.0155,techno,Low,2024.0,2.2428333333333335
0.74,170.098,0.566,electronic,-8.614,0.221,0.419,Home,5.0,0.063,19,Odyssey,Synthwave,Resonance,2014-07-01,0.849,1.0,8.0,212881.0,0.0352,retro,Low,2014.0,3.548016666666667
0.951,129.996,0.538,electronic,-6.235,0.212,0.164,c152,4.0,0.0497,33,Retro Future,Synthwave,Retro Future,2024-11-15,0.413,0.0,9.0,151385.0,1.02e-05,retro,Low,2024.0,2.523083333333333
0.972,100.006,0.524,electronic,-6.098,0.67,0.0338,"KoruSe, mzmff",4.0,0.0426,35,Retroshade,Synthwave,Retroshade,2024-11-15,0.899,0.0,9.0,175719.0,0.000419,retro,Low,2024.0,2.92865
0.637,100.024,0.66,electronic,-7.467,0.11,0.115,"Arimasen, FORBIDDEN",4.0,0.0539,29,La La Land,Synthwave,La La Land,2024-11-15,1.42e-06,1.0,3.0,175206.0,0.0273,retro,Low,2024.0,2.9201
0.305,96.099,0.514,electronic,-11.243,0.0791,0.197,lxst child,4.0,0.0283,35,the wanderer,Synthwave,the wanderer,2024-11-08,0.353,0.0,3.0,270000.0,0.152,retro,Low,2024.0,4.5
0.919,127.992,0.476,electronic,-7.402,0.233,0.511,c152,4.0,0.043,38,Stray,Synthwave,Stray,2024-11-01,0.955,0.0,10.0,155625.0,5.19e-06,retro,Low,2024.0,2.59375
0.573,100.005,0.615,electronic,-12.881,0.273,0.108,Virtual Mage,4.0,0.0246,44,Astral Chill,Synthwave,Astral Chill,2020-11-27,0.951,1.0,4.0,182400.0,0.0471,retro,Low,2020.0,3.04
0.458,168.083,0.338,electronic,-8.574,0.143,0.0754,VXLLAIN,4.0,0.0312,43,HOLOGRAPHIC,Synthwave,HOLOGRAPHIC,2024-10-25,0.457,0.0,6.0,188571.0,0.0011,retro,Low,2024.0,3.14285
0.922,110.04,0.508,electronic,-6.43,0.427,0.228,c152,4.0,0.0308,39,Star Pool,Synthwave,Star Pool,2024-10-25,0.985,1.0,0.0,124364.0,3.59e-06,retro,Low,2024.0,2.0727333333333333
0.977,120.003,0.441,electronic,-5.87,0.0801,0.176,c152,4.0,0.0495,40,Synthstar,Synthwave,Synthstar,2024-10-11,0.955,1.0,7.0,144000.0,2.08e-05,retro,Low,2024.0,2.4
0.495,169.956,0.595,electronic,-10.062,0.186,0.432,lxst child,4.0,0.0461,38,Vision,Synthwave,Vision,2024-10-11,0.899,0.0,10.0,158118.0,0.00614,retro,Low,2024.0,2.6353
0.952,94.968,0.451,electronic,-5.62,0.151,0.22,c152,4.0,0.0334,39,Purple Wind,Synthwave,Purple Wind,2024-10-04,0.966,0.0,3.0,146526.0,1.83e-05,retro,Low,2024.0,2.4421
0.677,176.048,0.419,electronic,-6.328,0.138,0.28,"KoruSe, stellar, Arimasen",4.0,0.0526,41,Exodus,Synthwave,Exodus,2024-09-20,0.0,0.0,4.0,184524.0,0.0127,retro,Low,2024.0,3.0754
0.581,105.027,0.667,electronic,-7.847,0.0378,0.209,"LORD CHAOS!, NTPV",4.0,0.0406,40,Nothingness,Synthwave,Nothingness,2024-09-13,5.24e-06,0.0,6.0,150863.0,0.103,retro,Low,2024.0,2.5143833333333334
0.707,100.0,0.518,electronic,-9.234,0.112,0.126,c152,4.0,0.0357,43,Echoes,Synthwave,Echoes,2024-09-13,0.858,0.0,9.0,136800.0,0.0394,retro,Low,2024.0,2.28
0.25,180.017,0.459,electronic,-18.501,0.122,0.269,METAHESH,4.0,0.0347,40,if it isn't,Synthwave,if it isn't,2024-09-13,0.949,1.0,8.0,154572.0,0.735,retro,Low,2024.0,2.5762
0.972,105.003,0.552,electronic,-6.147,0.207,0.0619,c152,4.0,0.0453,39,Illusions,Synthwave,Illusions,2024-09-06,0.93,0.0,4.0,166857.0,1.55e-05,retro,Low,2024.0,2.78095
0.678,93.368,0.614,electronic,-7.829,0.0856,0.438,"c152, Arimasen, KoruSe",4.0,0.0405,40,Skywalker,Synthwave,Skywalker,2024-08-30,0.546,1.0,0.0,190006.0,0.264,retro,Low,2024.0,3.1667666666666667
0.618,94.07,0.585,electronic,-6.814,0.165,0.216,"VXLLAIN, Navjaxx",4.0,0.042,42,Emptiness,Synthwave,Emptiness,2024-08-20,0.619,0.0,6.0,194043.0,0.125,retro,Low,2024.0,3.23405
0.522,90.002,0.555,electronic,-6.168,0.373,0.328,Willix,4.0,0.0369,39,Shutdown Sequence,Synthwave,Shutdown Sequence,2024-08-16,0.097,1.0,11.0,171902.0,0.413,retro,Low,2024.0,2.8650333333333333
0.792,92.003,0.548,electronic,-9.04,0.183,0.235,c152,4.0,0.0347,39,Lost World,Synthwave,Lost World,2024-08-02,0.917,1.0,2.0,125217.0,0.0113,retro,Low,2024.0,2.08695
0.513,94.997,0.495,electronic,-11.548,0.089,0.116,Willix,4.0,0.0447,39,vcr_memories,Synthwave,vcr_memories,2024-08-02,0.969,1.0,0.0,241263.0,0.534,retro,Low,2024.0,4.02105
0.0586,173.732,0.196,electronic,-29.575,0.0845,0.0351,"Øneheart, Antent, Dean Korso",4.0,0.0366,42,Midnight Journey,Synthwave,milkyway,2024-08-02,0.864,1.0,0.0,185522.0,0.781,retro,Low,2024.0,3.092033333333333
0.4,127.499,0.511,electronic,-14.1,0.108,0.191,METAHESH,3.0,0.0384,37,riddle,Synthwave,riddle,2024-08-09,0.779,0.0,2.0,139939.0,0.96,retro,Low,2024.0,2.332316666666667
0.874,166.07,0.519,electronic,-6.908,0.15,0.301,"KoruSe, stellar",4.0,0.187,38,Memory Lane,Synthwave,Memory Lane,2024-07-26,0.0249,0.0,10.0,237184.0,0.0535,retro,Low,2024.0,3.9530666666666665
0.935,99.985,0.498,electronic,-7.171,0.111,0.278,c152,4.0,0.0374,38,Neon Blades,Synthwave,Neon Blades,2024-07-05,0.921,0.0,10.0,136800.0,0.000256,retro,Low,2024.0,2.28
0.651,149.979,0.494,electronic,-4.127,0.104,0.162,"ILLENIUM, Annika Wells",4.0,0.0384,52,Nightlight,Future Bass,Nightlight,2020-08-28,0.0,0.0,11.0,222400.0,0.0819,future bass,Low,2020.0,3.7066666666666666
0.75,115.039,0.745,electronic,-7.357,0.075,0.349,"ODESZA, Zyra",4.0,0.0467,60,In Return,Future Bass,Say My Name,2014-09-08,0.423,0.0,6.0,262957.0,0.004,future bass,Low,2014.0,4.382616666666666
0.747,144.061,0.47,electronic,-6.362,0.139,0.239,"Tomatow, Nadya Sumarsono",4.0,0.0867,30,Avarana,Future Bass,The Wailing,2022-04-08,4.25e-05,0.0,2.0,177917.0,0.0468,future bass,Low,2022.0,2.9652833333333333
0.665,119.988,0.406,electronic,-7.903,0.492,0.0758,ODESZA,4.0,0.0352,64,A Moment Apart,Future Bass,A Moment Apart,2017-09-08,0.693,0.0,7.0,234244.0,0.172,future bass,Low,2017.0,3.9040666666666666
0.746,140.086,0.52,electronic,-5.01,0.118,0.17,Polar Youth,4.0,0.0388,33,Who U Are,Future Bass,Who U Are,2021-10-01,0.000727,1.0,5.0,199857.0,0.176,future bass,Low,2021.0,3.33095
0.876,145.012,0.495,electronic,-5.494,0.172,0.0726,"Tomatow, Cosmowave",4.0,0.0363,22,Avarana,Future Bass,Take Me Away,2022-04-08,0.659,1.0,6.0,201931.0,0.00333,future bass,Low,2022.0,3.3655166666666667
0.881,149.955,0.614,electronic,-3.935,0.185,0.584,"GISHIN, AmanderSings",4.0,0.0404,36,Dry,Future Bass,Dry,2022-04-15,0.000105,0.0,11.0,171176.0,0.00291,future bass,Low,2022.0,2.8529333333333335
0.662,90.054,0.679,electronic,-5.861,0.376,0.365,"Whethan, Flux Pavilion, MAX",4.0,0.0773,53,Savage (feat. Flux Pavilion & MAX),Future Bass,Savage (feat. Flux Pavilion & MAX),2016-12-06,0.0,1.0,7.0,205333.0,0.151,future bass,Low,2016.0,3.4222166666666665
0.706,143.985,0.428,electronic,-5.345,0.117,0.181,Tomatow,4.0,0.0527,34,Avarana,Future Bass,Pretty Little Smile,2022-04-08,0.0,0.0,4.0,157500.0,0.0203,future bass,Low,2022.0,2.625
0.763,150.088,0.57,electronic,-4.137,0.0932,0.43,San Holo,4.0,0.0573,56,Light,Future Bass,Light,2017-02-10,2.49e-06,1.0,1.0,239853.0,0.0857,future bass,Low,2017.0,3.99755
0.872,150.0,0.648,electronic,-4.228,0.161,0.531,"DJ Fluke, Nikita Afonso",4.0,0.0947,35,Paint the Sky,Future Bass,Paint the Sky,2021-10-08,0.00238,0.0,9.0,178064.0,0.0328,future bass,Low,2021.0,2.9677333333333333
0.602,94.056,0.753,electronic,-6.326,0.102,0.555,"Louis The Child, Caroline Ailin",4.0,0.149,44,Last To Leave (feat. Caroline Ailin),Future Bass,Last To Leave (feat. Caroline Ailin),2017-12-08,0.000249,1.0,0.0,180148.0,0.052,future bass,Low,2017.0,3.002466666666667
0.903,129.043,0.65,electronic,-5.478,0.134,0.0681,"Fred again.., Duskus, Four Tet, Joy Anonymous, Skrillex",4.0,0.0436,63,ten days,Deep House Relax,glow,2024-09-06,0.779,1.0,4.0,453069.0,0.0655,deep house,Low,2024.0,7.55115
0.46,126.026,0.769,electronic,-11.988,0.477,0.215,Luca,4.0,0.345,62,the things that bring me joy,Deep House Relax,the things that bring me joy,2024-05-10,0.0693,0.0,11.0,179048.0,0.338,deep house,Low,2024.0,2.9841333333333333
0.9,125.007,0.605,electronic,-6.847,0.129,0.0376,"Above & Beyond, PROFF",4.0,0.0431,52,Palermo / Fractals,Deep House Relax,Palermo,2024-07-30,0.812,1.0,1.0,195899.0,0.00888,deep house,Low,2024.0,3.2649833333333333
0.781,121.002,0.79,electronic,-9.915,0.108,0.215,Tonic Walter,4.0,0.0638,57,Into The Night,Deep House Relax,Into The Night,2023-07-07,0.912,0.0,5.0,423006.0,0.511,deep house,Low,2023.0,7.0501
0.615,123.016,0.8,electronic,-8.686,0.225,0.758,Rules,4.0,0.0381,57,Saturday Morning,Deep House Relax,Saturday Morning,2023-08-11,0.473,0.0,11.0,160488.0,0.00251,deep house,Low,2023.0,2.6748
0.715,123.877,0.611,electronic,-10.448,0.0986,0.0327,VisionV,3.0,0.049,57,Colorize 2023 Spring Sampler,Deep House Relax,Blossom,2023-03-03,0.918,1.0,9.0,240449.0,0.625,deep house,Low,2023.0,4.007483333333333
0.633,120.069,0.692,electronic,-8.513,0.124,0.0938,Ross Quinn,4.0,0.16,56,Azure EP,Deep House Relax,Mine To Love,2023-03-03,0.00203,0.0,7.0,222232.0,0.164,deep house,Low,2023.0,3.703866666666667
0.751,124.006,0.751,electronic,-10.263,0.104,0.0994,Tonic Walter,4.0,0.0432,56,FEEL,Deep House Relax,NOVA,2024-07-12,0.792,0.0,8.0,159950.0,0.0479,deep house,Low,2024.0,2.6658333333333335
0.927,133.978,0.447,electronic,-6.189,0.121,0.383,"Ben Böhmer, Lykke Li",4.0,0.0311,56,Hiding,Deep House Relax,Hiding,2024-07-09,0.557,1.0,6.0,222092.0,0.0559,deep house,Low,2024.0,3.7015333333333333
0.889,123.029,0.559,electronic,-9.952,0.232,0.0474,"Christian Löffler, Henry Green",4.0,0.0361,54,A Life,Deep House Relax,Felt (feat. Henry Green),2024-04-26,0.631,0.0,4.0,199160.0,0.169,deep house,Low,2024.0,3.3193333333333332
0.44,129.985,0.821,electronic,-10.612,0.101,0.179,"AVAION, BUNT.",4.0,0.0569,55,Other Side,Deep House Relax,Other Side,2023-12-01,0.0552,1.0,2.0,206885.0,0.291,deep house,Low,2023.0,3.4480833333333334
0.545,120.052,0.829,electronic,-9.541,0.103,0.539,Lofive,4.0,0.0384,48,I Kinda Like It,Deep House Relax,I Kinda Like It,2023-10-17,0.808,1.0,0.0,147625.0,0.0757,deep house,Low,2023.0,2.4604166666666667
0.762,122.005,0.734,electronic,-7.013,0.12,0.251,Nora En Pure,4.0,0.0391,53,Spring Embers,Deep House Relax,Spring Embers,2023-04-14,0.952,0.0,9.0,212459.0,0.0261,deep house,Low,2023.0,3.540983333333333
0.898,123.031,0.661,electronic,-3.562,0.0555,0.325,"Marten Lou, Sasson (FR)",4.0,0.0452,53,Sun Will Rise (Edit),Deep House Relax,Sun Will Rise - Edit,2023-07-28,0.314,0.0,4.0,222439.0,0.00167,deep house,Low,2023.0,3.707316666666667
0.79,123.003,0.608,electronic,-9.68,0.127,0.054,"Midnight Pass, Ruffnux",4.0,0.0361,50,Calm,Deep House Relax,Calm,2024-07-12,0.756,1.0,2.0,198049.0,0.581,deep house,Low,2024.0,3.3008166666666665
0.571,114.991,0.725,electronic,-9.183,0.208,0.285,Eli & Fur,4.0,0.0356,49,Where I Find My Mind,Deep House Relax,Where I Find My Mind,2023-03-10,0.759,1.0,7.0,212500.0,0.106,deep house,Low,2023.0,3.5416666666666665
0.646,123.806,0.654,electronic,-7.197,0.137,0.689,Rules,4.0,0.178,57,Not Giving You Up,Deep House Relax,Not Giving You Up,2024-03-15,0.234,1.0,0.0,172939.0,0.368,deep house,Low,2024.0,2.8823166666666666
0.338,120.997,0.674,electronic,-18.251,0.111,0.333,"Alex Lustig, Sølv",4.0,0.0553,49,Fade,Deep House Relax,Fade,2023-01-06,0.717,0.0,7.0,198347.0,0.679,deep house,Low,2023.0,3.3057833333333333
0.498,120.056,0.65,electronic,-8.835,0.201,0.108,AVAION,4.0,0.0596,49,Broken,Deep House Relax,Broken,2023-02-17,0.0144,1.0,8.0,198452.0,0.572,deep house,Low,2023.0,3.307533333333333
0.729,124.011,0.555,electronic,-9.798,0.117,0.157,Lane 8,4.0,0.0335,49,Childish,Deep House Relax,Childish,2024-09-27,0.867,1.0,10.0,290323.0,0.151,deep house,Low,2024.0,4.8387166666666666
0.342,125.014,0.789,electronic,-15.726,0.104,0.036,Stoto,4.0,0.0394,48,Afterlife,Deep House Relax,I Never Really Cared,2020-06-12,0.895,0.0,6.0,261120.0,0.704,deep house,Low,2020.0,4.352
0.75,120.971,0.565,electronic,-9.046,0.0847,0.142,"Le Youth, Jerro, Lizzy Land",4.0,0.0359,47,Lost,Deep House Relax,Lost,2023-01-19,0.395,1.0,2.0,287812.0,0.134,deep house,Low,2023.0,4.796866666666666
0.564,120.021,0.772,electronic,-11.577,0.0897,0.308,Sound Nomaden,4.0,0.0388,47,No Stress in Cres,Deep House Relax,No Stress in Cres,2023-09-22,0.884,1.0,7.0,291306.0,0.584,deep house,Low,2023.0,4.8551
0.542,123.846,0.279,electronic,-11.962,0.0888,0.163,"Ben Böhmer, lau.ra",4.0,0.0494,47,Erase,Deep House Relax,Erase,2021-08-25,0.601,1.0,1.0,253240.0,0.47,deep house,Low,2021.0,4.220666666666666
0.458,122.027,0.65,electronic,-13.202,0.0958,0.442,Tonic Walter,4.0,0.0395,47,searchingforthelights,Deep House Relax,searchingforthelights,2024-10-11,0.957,0.0,3.0,192295.0,0.801,deep house,Low,2024.0,3.2049166666666666
0.74,125.998,0.674,electronic,-9.138,0.319,0.166,DJ Seinfeld,4.0,0.0504,53,Mirrors,Deep House Relax,These Things Will Come To Be,2021-09-03,0.818,1.0,4.0,296360.0,0.515,deep house,Low,2021.0,4.939333333333333
0.837,120.021,0.625,electronic,-6.202,0.193,0.152,Nora En Pure,4.0,0.0931,47,Do No More,Deep House Relax,Do No More,2023-07-28,0.914,1.0,11.0,162500.0,0.277,deep house,Low,2023.0,2.7083333333333335
0.575,122.022,0.578,electronic,-11.284,0.0624,0.0394,"RY X, Notre Dame",4.0,0.0294,47,Lençóis (Love Me) [Notre Dame Remix],Deep House Relax,Lençóis (Love Me) - Notre Dame Remix,2023-08-31,0.552,0.0,2.0,304928.0,0.000457,deep house,Low,2023.0,5.082133333333333
0.422,111.967,0.7,electronic,-14.276,0.12,0.193,Y.V.E. 48,4.0,0.0356,47,There For You,Deep House Relax,There For You,2022-02-11,0.424,0.0,8.0,165500.0,0.523,deep house,Low,2022.0,2.7583333333333333
0.946,120.0,0.665,electronic,-5.215,0.198,0.133,"Kaskade, Lauren L'aimant",4.0,0.0373,46,Save Me,Deep House Relax,Save Me,2023-10-13,0.648,0.0,1.0,216500.0,0.00186,deep house,Low,2023.0,3.6083333333333334
0.725,124.027,0.567,electronic,-10.29,0.406,0.495,Trilucid,4.0,0.0342,46,In My Head,Deep House Relax,In My Head,2023-12-15,0.891,0.0,7.0,190161.0,0.144,deep house,Low,2023.0,3.16935
0.908,124.992,0.637,electronic,-8.035,0.0864,0.103,Marsh,5.0,0.0365,46,All Night Long,Deep House Relax,All Night Long,2023-01-20,0.952,1.0,5.0,238181.0,0.0472,deep house,Low,2023.0,3.9696833333333332
0.584,119.007,0.734,electronic,-10.721,0.0802,0.04,"MEUTE, pølaroit",4.0,0.0357,46,Verden,Deep House Relax,Verden,2023-06-14,0.852,0.0,6.0,344893.0,0.124,deep house,Low,2023.0,5.748216666666667
0.909,122.002,0.623,electronic,-7.929,0.22,0.0581,Nora En Pure,4.0,0.0342,46,Sherwood Forest,Deep House Relax,Sherwood Forest,2023-06-30,0.96,1.0,10.0,175082.0,0.0396,deep house,Low,2023.0,2.9180333333333333
0.739,123.032,0.661,electronic,-10.153,0.17,0.251,Catching Flies,4.0,0.0341,45,Falling Apart,Deep House Relax,Falling Apart,2024-08-02,0.69,0.0,5.0,208781.0,0.0148,deep house,Low,2024.0,3.4796833333333335
0.579,128.03,0.754,electronic,-7.497,0.0823,0.31,CRi,4.0,0.0309,45,I Can Make It,Deep House Relax,I Can Make It,2023-07-14,0.595,1.0,9.0,249012.0,0.00689,deep house,Low,2023.0,4.1502
0.901,122.995,0.68,electronic,-6.818,0.338,0.0598,"Marsh, Volen Sentir",4.0,0.0339,46,Ascension,Deep House Relax,Ascension,2024-10-25,0.908,0.0,10.0,244518.0,0.000487,deep house,Low,2024.0,4.0753
0.569,116.016,0.712,electronic,-10.819,0.0794,0.241,"Christian Löffler, Henry Green",4.0,0.0348,45,New Fires,Deep House Relax,New Fires,2022-09-30,0.492,0.0,6.0,251591.0,0.346,deep house,Low,2022.0,4.193183333333334
0.452,114.994,0.667,electronic,-12.089,0.0847,0.0425,Parra for Cuva,4.0,0.0322,45,Mimose,Deep House Relax,Mimose,2024-01-26,0.888,0.0,2.0,254749.0,0.239,deep house,Low,2024.0,4.245816666666666
0.748,126.082,0.561,electronic,-7.368,0.106,0.0393,"AVAION, HÜMAN",4.0,0.0437,45,Hiding (HÜMAN Remix),Deep House Relax,Hiding - HÜMAN Remix,2023-08-18,0.0255,1.0,2.0,207738.0,0.0898,deep house,Low,2023.0,3.4623
0.723,121.002,0.604,electronic,-7.676,0.36,0.0706,"WhoMadeWho, CamelPhat, RY X",4.0,0.0279,45,Love Will Save Me (Remixes),Deep House Relax,Love Will Save Me - CamelPhat Remix,2024-03-22,0.17,0.0,5.0,231074.0,0.017,deep house,Low,2024.0,3.8512333333333335
0.902,121.986,0.648,electronic,-6.882,0.2,0.11,Nora En Pure,4.0,0.0673,46,Indulgence,Deep House Relax,Indulgence,2023-03-10,0.956,0.0,5.0,269508.0,0.115,deep house,Low,2023.0,4.4918
0.68,119.967,0.699,electronic,-8.177,0.106,0.13,"Steven Weston, Låpsley",4.0,0.0317,45,Like I Used To,Deep House Relax,Like I Used To,2022-03-31,0.129,1.0,0.0,296000.0,0.00801,deep house,Low,2022.0,4.933333333333334
0.807,124.004,0.778,electronic,-10.79,0.238,0.0384,Stephan Jolk,4.0,0.0671,45,Keep Going,Deep House Relax,Keep Going,2023-02-03,0.703,1.0,1.0,224516.0,0.0816,deep house,Low,2023.0,3.7419333333333333
0.763,121.008,0.631,electronic,-9.774,0.0875,0.715,"BLOND:ISH, Grace Tither",4.0,0.0352,45,Waves (feat. Grace Tither),Deep House Relax,Waves (feat. Grace Tither),2021-03-19,0.299,0.0,9.0,202501.0,0.0824,deep house,Low,2021.0,3.3750166666666668
0.781,135.093,0.678,electronic,-10.792,0.703,0.233,Caius,4.0,0.148,45,Have U,Deep House Relax,Have U,2023-11-17,0.796,1.0,6.0,161614.0,0.462,deep house,Low,2023.0,2.693566666666667
0.815,124.975,0.576,electronic,-7.088,0.0911,0.039,"Nils Hoffmann, Rae Morris",4.0,0.0334,45,Lonely,Deep House Relax,Lonely,2023-06-30,0.00661,0.0,4.0,250921.0,0.00966,deep house,Low,2023.0,4.182016666666667
0.732,122.018,0.774,electronic,-11.04,0.185,0.328,Luttrell,4.0,0.0346,44,Sunrise Song,Deep House Relax,Sunrise Song,2023-06-23,0.963,1.0,1.0,227213.0,0.00197,deep house,Low,2023.0,3.7868833333333334
0.805,117.981,0.555,electronic,-7.574,0.113,0.498,Holo,4.0,0.0316,44,Oceanside Girl,Deep House Relax,Oceanside Girl,2022-04-22,0.744,1.0,3.0,319552.0,0.00114,deep house,Low,2022.0,5.325866666666666
0.542,120.988,0.835,electronic,-11.611,0.108,0.64,Dayne S,4.0,0.0545,44,Running up That Hill,Deep House Relax,Running up That Hill,2022-02-18,0.838,0.0,7.0,307625.0,0.546,deep house,Low,2022.0,5.127083333333333
0.791,123.986,0.534,electronic,-6.288,0.244,0.17,"Franky Wah, Rae Morris",3.0,0.0291,44,Call My Name,Deep House Relax,Call My Name,2023-08-01,0.268,1.0,1.0,265265.0,0.038,deep house,Low,2023.0,4.421083333333334
0.657,114.002,0.615,electronic,-9.864,0.0892,0.525,il:lo,4.0,0.0287,43,Cynnes,Deep House Relax,Cynnes,2023-03-24,0.859,1.0,4.0,324333.0,0.599,deep house,Low,2023.0,5.40555
0.667,120.004,0.578,electronic,-12.066,0.146,0.243,"MVCA, SCHWARZ",4.0,0.035,43,All we ever wanted,Deep House Relax,All we ever wanted,2024-08-16,0.419,0.0,8.0,218000.0,0.254,deep house,Low,2024.0,3.6333333333333333
0.543,124.046,0.652,electronic,-9.461,0.148,0.3,"Luttrell, Molly Moonwater",4.0,0.0336,44,Something Right,Deep House Relax,Something Right,2024-07-19,0.00976,1.0,8.0,175041.0,0.0208,deep house,Low,2024.0,2.91735
0.852,122.039,0.66,electronic,-5.581,0.276,0.203,"Francis Mercier, Kiesza",4.0,0.0337,43,Egyptian Sun,Deep House Relax,Egyptian Sun,2023-05-26,0.111,1.0,8.0,257678.0,0.013,deep house,Low,2023.0,4.2946333333333335
0.896,104.982,0.788,electronic,-7.873,0.0254,0.275,Sue Avenue,4.0,0.0578,43,Ibiza Blue,Deep House Relax,Ibiza Blue,2021-04-16,0.896,1.0,11.0,534857.0,0.0721,deep house,Low,2021.0,8.914283333333334
0.575,118.029,0.624,electronic,-9.945,0.1,0.0654,"Christian Löffler, Mogli",4.0,0.0393,43,Envy,Deep House Relax,Envy,2023-05-05,0.919,1.0,8.0,247730.0,0.441,deep house,Low,2023.0,4.128833333333334
0.626,96.625,0.833,latin,-7.798,0.0893,0.703,"La Sonora Dinamita, Alvaro Pava",4.0,0.0697,41,"Música Tropical de Colombia, Vol. 17",Cumbia Classics,La Suavecita,2015-07-17,7.83e-06,0.0,5.0,235880.0,0.0225,cumbia,Low,2015.0,3.9313333333333333
0.684,119.994,0.869,latin,-5.571,0.25,0.982,Brazeros Musical De Durango,4.0,0.0441,20,Serie Diamante- 15 Súper Éxitos,Cumbia Classics,El Muñeco,2010-01-01,0.0,1.0,9.0,177747.0,0.071,cumbia,Low,2010.0,2.96245
0.505,180.625,0.64,latin,-5.766,0.0769,0.786,Aaron Y Su Grupo Ilusion,4.0,0.0362,67,Destilando Amor,Cumbia Classics,Todo Me Gusta De Ti,2000-01-01,0.0,1.0,10.0,247893.0,0.176,cumbia,Low,2000.0,4.13155
0.673,89.646,0.719,latin,-7.184,0.126,0.95,Fito Olivares y Su Grupo,4.0,0.0347,45,Exitos Inolvidables,Cumbia Classics,El Colesterol,2013-06-25,0.0,0.0,7.0,143973.0,0.414,cumbia,Low,2013.0,2.39955
0.886,96.555,0.843,latin,-5.3,0.156,0.856,Los Tigrillos,4.0,0.0332,31,Cumbias con Garra Vol. IV *,Cumbia Classics,Por cuánto me lo das,2002-07-31,0.000387,1.0,2.0,170573.0,0.0736,cumbia,Low,2002.0,2.8428833333333334
0.673,139.991,0.844,latin,-7.498,0.0512,0.849,Los Francos,4.0,0.0632,21,"Latina. Merengues, Cumbias, Norteñas y Duranguense",Cumbia Classics,Mix Aniceto 2000: Josefina / La Loca / La Brujita,2012-04-02,0.000263,1.0,9.0,275267.0,0.0836,cumbia,Low,2012.0,4.587783333333333
0.685,182.031,0.503,latin,-5.673,0.233,0.787,Aaron Y Su Grupo Ilusion,4.0,0.0678,20,Folklore Tropical,Cumbia Classics,La 2Da. De Niña,1996-01-01,0.000129,0.0,5.0,263880.0,0.126,cumbia,Low,1996.0,4.398
0.79,97.833,0.728,latin,-8.458,0.0983,0.842,Fito Olivares y Su Grupo,4.0,0.0482,46,Exitos Inolvidables,Cumbia Classics,La Guera Salome,2013-06-25,0.0,1.0,5.0,187707.0,0.304,cumbia,Low,2013.0,3.12845
0.619,176.296,0.467,latin,-10.079,0.181,0.826,Fito Olivares y Su Grupo,4.0,0.0359,56,Exitos Inolvidables,Cumbia Classics,Juana La Cubana,2013-06-25,0.00545,1.0,5.0,190800.0,0.763,cumbia,Low,2013.0,3.18
0.752,96.673,0.852,latin,-5.266,0.0435,0.78,Fito Olivares,4.0,0.0599,11,Momentos De Coleccion,Cumbia Classics,La Sabrosona,2012-01-01,0.000113,1.0,9.0,195667.0,0.401,cumbia,Low,2012.0,3.2611166666666667
0.828,91.506,0.757,latin,-4.388,0.127,0.96,Fito Olivares,4.0,0.0463,19,Momentos De Coleccion,Cumbia Classics,Fin De Semana,2012-01-01,0.00176,0.0,9.0,171040.0,0.486,cumbia,Low,2012.0,2.8506666666666667
0.593,90.993,0.832,latin,-5.975,0.201,0.952,Raymix,4.0,0.0351,29,Oye Mujer (Deluxe Edition),Cumbia Classics,Oye Mujer,2018-05-18,0.0,0.0,4.0,258080.0,0.169,cumbia,Low,2018.0,4.301333333333333
0.544,181.859,0.551,latin,-7.608,0.193,0.916,Raymix,4.0,0.0302,59,Oye Mujer,Cumbia Classics,¿Dónde Estarás?,2018-02-07,0.0,0.0,7.0,231107.0,0.136,cumbia,Low,2018.0,3.851783333333333
0.732,90.001,0.634,latin,-7.173,0.125,0.718,Raymix,4.0,0.0293,55,Oye Mujer,Cumbia Classics,Primer Beso,2018-02-07,0.0,1.0,4.0,250667.0,0.462,cumbia,Low,2018.0,4.177783333333333
0.78,105.025,0.794,latin,-3.745,0.105,0.329,"Rauw Alejandro, Bad Bunny",4.0,0.127,67,Qué Pasaría...,Reggaeton Hits,Qué Pasaría...,2024-11-14,0.000276,0.0,11.0,191019.0,0.444,reggaeton,Low,2024.0,3.18365
0.669,95.027,0.903,latin,-5.506,0.131,0.576,"Myke Towers, YOVNGCHIMI",4.0,0.173,67,LA PANTERA NEGRA,Reggaeton Hits,DIABLITA (feat. YOVNGCHIMI),2024-08-22,0.0,1.0,1.0,185960.0,0.316,reggaeton,Low,2024.0,3.0993333333333335
0.602,124.067,0.758,latin,-5.468,0.115,0.501,"Eladio Carrion, Arcángel, De La Ghetto",4.0,0.0483,54,Sol María,Reggaeton Hits,Tanta Droga,2024-01-19,0.0,0.0,6.0,248878.0,0.201,reggaeton,Low,2024.0,4.147966666666667
0.814,95.084,0.786,latin,-3.318,0.22,0.365,Bad Bunny,4.0,0.0873,65,UN PREVIEW,Reggaeton Hits,UN PREVIEW,2023-09-25,3.67e-05,1.0,1.0,165582.0,0.0383,reggaeton,Low,2023.0,2.7597
0.757,100.043,0.775,latin,-5.452,0.202,0.796,Farruko,4.0,0.0846,21,TrapXficante,Reggaeton Hits,Suéltate Tú,2017-09-15,0.0,0.0,11.0,235200.0,0.0405,reggaeton,Low,2017.0,3.92
0.799,122.018,0.705,latin,-4.776,0.0643,0.658,Farruko,4.0,0.0347,45,Viaje,Reggaeton Hits,Viaje,2022-10-13,0.417,0.0,0.0,303627.0,0.0357,reggaeton,Low,2022.0,5.06045
0.68,179.923,0.796,latin,-5.555,0.103,0.71,Ryan Castro,4.0,0.37,66,Jordan,Reggaeton Hits,Jordan,2022-05-24,0.000683,0.0,10.0,176143.0,0.0575,reggaeton,Low,2022.0,2.9357166666666665
0.784,170.093,0.737,latin,-3.984,0.0599,0.75,"Justin Quiles, Eladio Carrion",4.0,0.193,40,GUCCI FENDI,Reggaeton Hits,GUCCI FENDI,2022-03-10,0.0,1.0,10.0,172333.0,0.299,reggaeton,Low,2022.0,2.8722166666666666
0.698,117.765,0.629,latin,-4.485,0.0909,0.599,Bad Bunny,4.0,0.308,65,Un Verano Sin Ti,Reggaeton Hits,El Apagón,2022-05-06,0.00166,1.0,8.0,201816.0,0.0509,reggaeton,Low,2022.0,3.3636
0.822,123.984,0.776,latin,-5.03,0.0979,0.557,"Farruko, White Star, J. Cross",4.0,0.0409,31,La 167,Reggaeton Hits,Embalao,2021-10-01,0.000249,1.0,7.0,226813.0,0.067,reggaeton,Low,2021.0,3.7802166666666666
0.838,91.986,0.803,latin,-3.23,0.0861,0.637,"Daddy Yankee, NATTI NATASHA, Becky G",4.0,0.0858,46,LEGENDADDY,Reggaeton Hits,ZONA DEL PERREO,2022-03-25,0.011,1.0,0.0,191920.0,0.0905,reggaeton,Low,2022.0,3.1986666666666665
0.624,93.063,0.787,latin,-4.156,0.172,0.767,"Nicki Nicole, Rauw Alejandro",4.0,0.137,50,Sabe,Reggaeton Hits,Sabe,2021-10-26,0.0,0.0,5.0,177656.0,0.103,reggaeton,Low,2021.0,2.960933333333333
0.618,93.027,0.769,latin,-5.26,0.139,0.618,Farruko,4.0,0.0547,29,La 167,Reggaeton Hits,Lambo,2021-10-01,0.0649,0.0,11.0,162947.0,0.211,reggaeton,Low,2021.0,2.7157833333333334
0.683,87.979,0.851,latin,-5.353,0.105,0.771,J Balvin,4.0,0.12,49,JOSE,Reggaeton Hits,Vestido,2021-09-10,2.5e-05,0.0,5.0,186453.0,0.319,reggaeton,Low,2021.0,3.10755
0.665,166.006,0.747,latin,-6.538,0.151,0.634,"J Balvin, Feid",4.0,0.0755,57,JOSE,Reggaeton Hits,Bebé Que Bien Te Ves,2021-09-10,0.0,1.0,1.0,226240.0,0.0481,reggaeton,Low,2021.0,3.7706666666666666
0.788,179.876,0.662,latin,-4.55,0.0559,0.711,"J Balvin, Sech",4.0,0.205,56,JOSE,Reggaeton Hits,Una Nota,2021-09-10,0.0,0.0,3.0,170760.0,0.0191,reggaeton,Low,2021.0,2.846
0.709,170.001,0.743,latin,-3.922,0.0809,0.831,"Justin Quiles, NATTI NATASHA, Farruko, Lenny Tavárez, Dalex, Zion",4.0,0.0879,61,"DJ No Pare (feat. Zion, Dalex, Lenny Tavárez) [Remix]",Reggaeton Hits,"DJ No Pare (feat. Zion, Dalex, Lenny Tavárez) - Remix",2019-09-06,5.18e-06,0.0,3.0,258600.0,0.0451,reggaeton,Low,2019.0,4.31
0.683,119.99,0.804,latin,-4.637,0.139,0.878,Nicki Nicole,4.0,0.0507,39,Baby,Reggaeton Hits,Baby,2021-10-07,0.0,0.0,0.0,164301.0,0.561,reggaeton,Low,2021.0,2.73835
0.492,80.01,0.844,latin,-6.963,0.108,0.695,J Balvin,4.0,0.253,39,JOSE,Reggaeton Hits,Fantasías,2021-09-10,0.0,0.0,5.0,195413.0,0.06,reggaeton,Low,2021.0,3.256883333333333
0.494,132.037,0.592,latin,-10.618,0.13,0.231,Bad Bunny,4.0,0.0747,59,De Museo,Reggaeton Hits,De Museo,2021-07-06,0.0,0.0,4.0,209771.0,0.237,reggaeton,Low,2021.0,3.496183333333333
0.655,172.031,0.743,latin,-5.015,0.0764,0.785,"Nio Garcia, J Balvin, Bad Bunny",4.0,0.159,67,AM Remix,Reggaeton Hits,AM Remix,2021-06-24,0.0,0.0,6.0,261335.0,0.114,reggaeton,Low,2021.0,4.355583333333334
0.559,169.103,0.808,latin,-6.936,0.0966,0.48,"Bad Bunny, Luar La L",4.0,0.452,59,100 MILLONES,Reggaeton Hits,100 MILLONES,2021-05-28,6.57e-06,1.0,1.0,237459.0,0.133,reggaeton,Low,2021.0,3.95765
0.674,90.007,0.841,latin,-5.35,0.131,0.761,"Jay Wheeler, Myke Towers, Rauw Alejandro, DJ Nelson, JHAYCO, Lunay, Kendo Kaponi",4.0,0.0962,60,"La Curiosidad (Blue Grand Prix Remix) [feat. Dj Nelson, JHAYCO, Lunay & Kendo Kaponi]",Reggaeton Hits,"La Curiosidad (feat. Dj Nelson, JHAYCO, Lunay & Kendo Kaponi) - Blue Grand Prix Remix",2020-12-17,0.0,1.0,2.0,382555.0,0.104,reggaeton,Low,2020.0,6.375916666666667
0.881,123.013,0.688,latin,-4.889,0.0804,0.677,Bad Bunny,4.0,0.0474,61,EL ÚLTIMO TOUR DEL MUNDO,Reggaeton Hits,YO VISTO ASÍ,2020-11-27,0.0,0.0,7.0,191526.0,0.0947,reggaeton,Low,2020.0,3.1921
0.725,145.001,0.86,latin,-6.7,0.0994,0.375,Bad Bunny,4.0,0.249,62,EL ÚLTIMO TOUR DEL MUNDO,Reggaeton Hits,HOY COBRÉ,2020-11-27,9.1e-05,1.0,11.0,162151.0,0.0464,reggaeton,Low,2020.0,2.7025166666666665
0.861,133.037,0.762,latin,-4.075,0.0956,0.588,Bad Bunny,4.0,0.0652,60,EL ÚLTIMO TOUR DEL MUNDO,Reggaeton Hits,MALDITA POBREZA,2020-11-27,1.08e-06,0.0,4.0,213609.0,0.139,reggaeton,Low,2020.0,3.56015
0.737,167.969,0.793,latin,-4.731,0.0747,0.697,"Feid, J Balvin, Maluma, Nicky Jam, Sech, Justin Quiles",4.0,0.0785,59,"PORFA Remix ( Feat. Maluma, Nicky Jam, Sech)",Reggaeton Hits,"PORFA Remix ( Feat. Maluma, Nicky Jam, Sech) - Remix",2020-06-26,0.0,0.0,6.0,333800.0,0.0765,reggaeton,Low,2020.0,5.5633333333333335
0.58,175.937,0.763,latin,-6.196,0.154,0.608,"Jowell & Randy, J Balvin",4.0,0.144,50,Anaranjado,Reggaeton Hits,Anaranjado,2020-07-16,1.6e-05,1.0,8.0,212011.0,0.0466,reggaeton,Low,2020.0,3.533516666666667
0.701,91.97,0.659,latin,-4.107,0.0866,0.623,Farruko,4.0,0.164,59,La Tóxica,Reggaeton Hits,La Tóxica,2020-07-24,0.0,1.0,9.0,180520.0,0.0882,reggaeton,Low,2020.0,3.0086666666666666
0.806,168.084,0.728,latin,-3.766,0.153,0.698,Ozuna,4.0,0.0623,59,Caramelo,Reggaeton Hits,Caramelo,2020-06-11,0.000301,1.0,6.0,217547.0,0.0531,reggaeton,Low,2020.0,3.625783333333333
0.83,94.011,0.772,latin,-5.019,0.0843,0.697,"Bad Bunny, Don Omar",4.0,0.0599,61,LAS QUE NO IBAN A SALIR,Reggaeton Hits,PA' ROMPERLA,2020-05-10,0.0,1.0,7.0,194200.0,0.016,reggaeton,Low,2020.0,3.236666666666667
0.5,92.976,0.865,latin,-10.805,0.098,0.317,"Bad Bunny, Zion & Lennox",4.0,0.0861,57,LAS QUE NO IBAN A SALIR,Reggaeton Hits,MÁS DE UNA CITA,2020-05-10,7.73e-05,1.0,5.0,183520.0,0.0122,reggaeton,Low,2020.0,3.058666666666667
0.727,147.967,0.869,latin,-7.397,0.107,0.92,Bad Bunny,4.0,0.123,50,LAS QUE NO IBAN A SALIR,Reggaeton Hits,SI ELLA SALE,2020-05-10,0.00991,1.0,7.0,143240.0,0.0589,reggaeton,Low,2020.0,2.3873333333333333
0.84,94.05,0.841,latin,-2.838,0.11,0.567,Zion & Lennox,4.0,0.0486,32,Mujer Satisfecha,Reggaeton Hits,Mujer Satisfecha,2020-04-03,3.18e-05,1.0,10.0,213281.0,0.0177,reggaeton,Low,2020.0,3.554683333333333
0.738,94.995,0.828,latin,-4.295,0.0917,0.818,"J Balvin, Sky Rompiendo",4.0,0.0515,52,Colores,Reggaeton Hits,Verde,2020-03-19,0.492,0.0,8.0,142547.0,0.0381,reggaeton,Low,2020.0,2.375783333333333
0.836,94.018,0.843,latin,-2.474,0.0532,0.651,J Balvin,4.0,0.0694,66,Colores,Reggaeton Hits,Azul,2020-03-19,0.0014,0.0,11.0,205933.0,0.0816,reggaeton,Low,2020.0,3.4322166666666667
0.709,93.06,0.849,latin,-4.717,0.329,0.916,J Balvin,4.0,0.0793,54,Colores,Reggaeton Hits,Gris,2020-03-19,0.0,0.0,6.0,176627.0,0.227,reggaeton,Low,2020.0,2.943783333333333
0.787,92.971,0.731,latin,-5.26,0.315,0.392,"J Balvin, Mr Eazi",4.0,0.0722,48,Colores,Reggaeton Hits,Arcoíris,2020-03-19,0.0,0.0,4.0,186693.0,0.0865,reggaeton,Low,2020.0,3.11155
0.911,164.082,0.796,latin,-2.228,0.131,0.799,J Balvin,4.0,0.0874,57,Colores,Reggaeton Hits,Negro,2020-03-19,0.196,1.0,0.0,182093.0,0.0157,reggaeton,Low,2020.0,3.034883333333333
0.612,147.982,0.882,latin,-6.103,0.182,0.742,Bad Bunny,4.0,0.118,64,YHLQMDLG,Reggaeton Hits,Pero Ya No,2020-02-29,5.07e-06,1.0,4.0,160638.0,0.0475,reggaeton,Low,2020.0,2.6773
0.801,93.992,0.762,latin,-3.661,0.254,0.81,Bad Bunny,4.0,0.0409,68,YHLQMDLG,Reggaeton Hits,La Zona,2020-02-29,7.04e-05,0.0,1.0,136893.0,0.2,reggaeton,Low,2020.0,2.28155
0.831,88.793,0.679,latin,-1.866,0.097,0.88,"Sech, Farruko, Zion & Lennox",4.0,0.109,60,Sueños,Reggaeton Hits,Solita,2019-04-19,1.1e-06,1.0,2.0,219520.0,0.159,reggaeton,Low,2019.0,3.6586666666666665
0.536,96.029,0.85,latin,-5.161,0.0996,0.505,"Bad Bunny, Sech",4.0,0.0599,61,Ignorantes,Reggaeton Hits,Ignorantes,2020-02-14,3.89e-05,1.0,1.0,210607.0,0.267,reggaeton,Low,2020.0,3.5101166666666668
0.696,97.002,0.881,latin,-3.838,0.0927,0.781,J Balvin,4.0,0.0797,57,Morado,Reggaeton Hits,Morado,2020-01-09,4.06e-05,0.0,11.0,200667.0,0.136,reggaeton,Low,2020.0,3.34445
0.672,91.976,0.886,latin,-4.394,0.101,0.526,Bad Bunny,4.0,0.188,67,Vete,Reggaeton Hits,Vete,2019-11-21,8.78e-06,1.0,1.0,192024.0,0.0363,reggaeton,Low,2019.0,3.2004
0.618,91.017,0.844,latin,-5.133,0.148,0.604,Ozuna,4.0,0.0685,35,Nibiru,Reggaeton Hits,Fuego,2019-11-29,0.000309,0.0,5.0,191467.0,0.139,reggaeton,Low,2019.0,3.191116666666667
0.711,100.013,0.871,latin,-5.397,0.0872,0.622,J Balvin,4.0,0.125,53,Blanco,Reggaeton Hits,Blanco,2019-11-15,0.0057,0.0,9.0,145800.0,0.0267,reggaeton,Low,2019.0,2.43
0.633,140.008,0.775,latin,-3.332,0.219,0.394,"Myke Towers, Maluma, Farruko",4.0,0.133,55,La Playa (Remix),Reggaeton Hits,La Playa - Remix,2020-01-03,0.0,0.0,10.0,250333.0,0.201,reggaeton,Low,2020.0,4.1722166666666665
0.715,165.941,0.795,latin,-3.582,0.179,0.758,"Dalex, Lenny Tavárez, Anitta, NATTI NATASHA, Farruko, Justin Quiles",4.0,0.0838,61,Bellaquita (Remix),Reggaeton Hits,Bellaquita - Remix,2019-11-22,2.12e-06,1.0,1.0,304733.0,0.141,reggaeton,Low,2019.0,5.078883333333334
0.752,96.966,0.925,latin,-4.523,0.0706,0.743,Jerry Di,4.0,0.153,25,Shorty,Reggaeton Hits,Shorty,2019-07-19,0.0,0.0,6.0,184733.0,0.0149,reggaeton,Low,2019.0,3.078883333333333
0.717,99.946,0.759,latin,-5.014,0.131,0.195,"Rvssian, Darell, Zion & Lennox, Myke Towers",4.0,0.115,57,B11 (feat. Myke Towers),Reggaeton Hits,B11 (feat. Myke Towers),2019-09-18,0.000455,1.0,0.0,251929.0,0.0672,reggaeton,Low,2019.0,4.198816666666667
0.858,83.489,0.655,latin,-5.607,0.344,0.65,"Farruko, Anuel AA, Kendo Kaponi",4.0,0.315,60,Gangalee,Reggaeton Hits,Delincuente,2019-04-26,0.0,0.0,0.0,396120.0,0.53,reggaeton,Low,2019.0,6.602
0.812,90.981,0.846,latin,-2.979,0.174,0.587,"J Balvin, Bad Bunny",4.0,0.0787,54,OASIS,Reggaeton Hits,CUIDAO POR AHÍ,2019-06-28,0.00245,0.0,4.0,198320.0,0.109,reggaeton,Low,2019.0,3.3053333333333335
0.807,103.053,0.825,latin,-5.753,0.138,0.816,"J Balvin, Bad Bunny, Mr Eazi",4.0,0.095,66,OASIS,Reggaeton Hits,COMO UN BEBÉ,2019-06-28,4.79e-06,1.0,6.0,218827.0,0.0741,reggaeton,Low,2019.0,3.647116666666667
0.79,175.988,0.725,latin,-2.331,0.0602,0.763,"Sech, Ozuna, Anuel AA, Darell, Nicky Jam",4.0,0.197,66,Otro Trago (Remix),Reggaeton Hits,Otro Trago - Remix,2019-07-26,1.14e-06,1.0,0.0,287773.0,0.0711,reggaeton,Low,2019.0,4.796216666666667
0.599,102.119,0.861,latin,-4.205,0.0921,0.869,"Maffio, Justin Quiles, Nacho, Shelow Shaq",4.0,0.246,53,Cristina (feat. Shelow Shaq),Reggaeton Hits,Cristina (feat. Shelow Shaq),2019-03-29,0.0,1.0,1.0,186893.0,0.183,reggaeton,Low,2019.0,3.1148833333333332
0.783,92.01,0.795,latin,-4.271,0.437,0.799,"Lunay, Daddy Yankee, Bad Bunny",4.0,0.0432,66,Soltera (Remix),Reggaeton Hits,Soltera (Remix),2019-05-10,0.0,1.0,5.0,266087.0,0.361,reggaeton,Low,2019.0,4.434783333333334
0.972,129.967,0.845,brazilian,0.914,0.514,0.881,"$werve, TOKYOSLEEP, Mc Gw",4.0,0.101,62,TOMA TOMA TOMA,Brazilian Funk,TOMA TOMA TOMA,2023-05-19,0.0443,1.0,0.0,106286.0,0.444,funk,Low,2023.0,1.7714333333333334
0.742,130.089,0.889,brazilian,-3.495,0.066,0.479,"Dj LK da Escócia, Tchakabum, MC Ryan SP, mc jhenny, Mc RF",4.0,0.358,63,Tubarão Te Amo,Brazilian Funk,Tubarão Te Amo,2022-09-28,0.000568,0.0,4.0,149077.0,0.299,funk,Low,2022.0,2.4846166666666667
0.683,129.946,0.85,brazilian,-7.41,0.123,0.767,"DJ TENEBROSO ORIGINAL, Mc Danflin",4.0,0.0596,57,Montagem Orquestra Sinfônica,Brazilian Funk,Montagem Orquestra Sinfônica,2022-10-31,0.229,1.0,11.0,185077.0,0.091,funk,Low,2022.0,3.084616666666667
0.781,130.174,0.922,brazilian,-0.548,0.159,0.57,"Mc Delux, DJ Guih Da ZO",4.0,0.323,58,Chama o Coveiro,Brazilian Funk,Chama o Coveiro,2022-01-28,0.00013,1.0,2.0,129692.0,0.148,funk,Low,2022.0,2.1615333333333333
0.726,72.74,0.502,brazilian,-0.252,0.148,0.658,"MC Teuzin PV, MC Skcot",3.0,0.195,58,Faz Striptease (Versão Tik Tok),Brazilian Funk,Faz Striptease (Versão Tik Tok),2022-06-03,2.29e-06,1.0,1.0,115808.0,0.478,funk,Low,2022.0,1.9301333333333333
0.746,130.138,0.896,brazilian,-5.174,0.139,0.752,"MC Mazzie, Mc Rd, DJ NpcSize, DJ Wizard",4.0,0.072,64,Ele Te Bota Soca Soca,Brazilian Funk,Ele Te Bota Soca Soca,2021-06-18,1.19e-06,1.0,7.0,180928.0,0.108,funk,Low,2021.0,3.0154666666666667
0.596,130.148,0.931,brazilian,-5.507,0.0777,0.651,"MC Mazzie, DJ CARAI",4.0,0.0934,46,Soca Soca,Brazilian Funk,Soca Soca,2022-05-05,7.26e-05,1.0,7.0,122712.0,0.553,funk,Low,2022.0,2.0452
0.556,130.046,0.947,brazilian,-4.536,0.208,0.426,MC Levin,4.0,0.0736,58,Sua amiga deu,Brazilian Funk,Sua amiga deu,2019-05-17,5.43e-06,1.0,7.0,178173.0,0.277,funk,Low,2019.0,2.96955
0.421,86.69,0.537,brazilian,-1.987,0.0854,0.788,"MC Teuzin PV, MC Skcot",5.0,0.0605,63,Joga Essa Rabeta,Brazilian Funk,Joga Essa Rabeta,2022-01-03,0.0,0.0,8.0,155077.0,0.408,funk,Low,2022.0,2.584616666666667
0.855,86.93,0.773,brazilian,0.832,0.121,0.658,"MC Teuzin PV, MC Skcot",4.0,0.356,59,Eu Já Sofri por Amor Mas Não Sofro Mais (Tik Tok),Brazilian Funk,Eu Já Sofri por Amor Mas Não Sofro Mais (Tik Tok),2022-06-23,1.25e-05,0.0,11.0,134737.0,0.223,funk,Low,2022.0,2.245616666666667
0.659,129.962,0.955,brazilian,-3.531,0.148,0.495,"Mc Delux, DJ ABDO, CLUB DA DZ7",4.0,0.382,61,EU BEM QUE TE AVISEI - TU EMPINOU ELE PEI,Brazilian Funk,EU BEM QUE TE AVISEI - TU EMPINOU ELE PEI,2022-04-12,0.00731,0.0,0.0,158769.0,0.411,funk,Low,2022.0,2.64615
0.607,129.97,0.932,brazilian,-7.237,0.0836,0.962,"MC Meno K, Ricky Ribeiro",4.0,0.534,58,Vai Com Bundão,Brazilian Funk,Vai Com Bundão,2021-09-24,0.0,1.0,10.0,125601.0,0.884,funk,Low,2021.0,2.09335
0.493,114.952,0.776,brazilian,-10.719,0.189,0.389,Ladji Mouflet,4.0,0.138,55,Baiana 2022,Brazilian Funk,Baiana 2022,2022-05-22,0.854,0.0,0.0,154435.0,0.12,funk,Low,2022.0,2.573916666666667
0.593,95.059,0.496,brazilian,-9.294,0.175,0.292,"DJ GLK, MC LIPEX, Dj luis do grau",4.0,0.0495,25,MTG MALDIÇÃO ETERNA 1.0 (Slowed),Brazilian Funk,MTG MALDIÇÃO ETERNA 1.0 (Slowed),2022-08-10,0.643,1.0,1.0,139912.0,0.784,funk,Low,2022.0,2.3318666666666665
0.791,96.019,0.842,brazilian,-4.814,0.331,0.821,Dj Jhonatan Perú,4.0,0.0807,54,Dale Moreno,Brazilian Funk,Dale Moreno,2022-11-11,5.49e-05,0.0,3.0,148750.0,0.31,funk,Low,2022.0,2.4791666666666665
0.743,130.143,0.805,brazilian,-7.244,0.149,0.612,"MC Mazzie, DJ NpcSize, DJ Wizard",4.0,0.0735,55,Saka Saka Saka,Brazilian Funk,Saka Saka Saka,2022-09-26,0.00155,1.0,0.0,184080.0,0.177,funk,Low,2022.0,3.068
0.896,140.111,0.933,brazilian,-1.692,0.0726,0.794,"DJ Dollynho Da Lapa, MC LEON, MC Pânico",4.0,0.306,56,Setzin do Hexa (Copa do Mundo 2022),Brazilian Funk,"É o Pombo, É o Neymar, Vinícius Jr E Paquetá (Copa do Mundo 2022)",2022-12-06,0.0,1.0,8.0,157714.0,0.258,funk,Low,2022.0,2.6285666666666665
0.684,129.971,0.927,brazilian,-5.081,0.0428,0.817,BRADSP,4.0,0.213,43,AQUECIMENTO TÃO TÁ VAI COMEÇAR EM VS PEGA PEGA VUK VUK FUNK,Brazilian Funk,AQUECIMENTO TÃO TÁ VAI COMEÇAR EM VS PEGA PEGA VUK VUK FUNK,2022-04-23,0.0461,1.0,1.0,79811.0,0.148,funk,Low,2022.0,1.3301833333333333
0.774,86.656,0.891,brazilian,-0.033,0.137,0.76,DJ MESQUITA DE NV,5.0,0.297,36,ESSE HIT É CHICLETE VS É VUK VUK TIK TOK,Brazilian Funk,ESSE HIT É CHICLETE VS É VUK VUK TIK TOK,2022-07-15,1.14e-05,1.0,4.0,134093.0,0.297,funk,Low,2022.0,2.2348833333333333
0.494,139.788,0.584,brazilian,-10.112,0.052,0.758,DJ VM 22,4.0,0.32,43,Playlist Funk 2K23,Brazilian Funk,Sequência dos Bailes Funk,2022-10-24,0.000549,1.0,8.0,132053.0,0.000494,funk,Low,2022.0,2.2008833333333335
0.702,64.987,0.825,brazilian,-4.588,0.258,0.931,"Rand0m, GV Cunha, DJ Guilherme",4.0,0.346,45,Não é Uma Beleza,Brazilian Funk,Não é Uma Beleza,2022-04-20,0.00697,0.0,5.0,76000.0,0.27,funk,Low,2022.0,1.2666666666666666
0.864,140.306,0.883,brazilian,-4.603,0.082,0.594,"NK DA V, MC Pânico",4.0,0.371,39,"É o Pombo, É o Neymar, Vinicius Jr, Paqueta",Brazilian Funk,"É o Pombo, É o Neymar, Vinicius Jr, Paqueta",2022-12-09,0.0,0.0,6.0,126875.0,0.135,funk,Low,2022.0,2.1145833333333335
0.823,130.031,0.977,brazilian,-0.37,0.0687,0.671,"Mc Rf, Dj Kaio VDM",4.0,0.282,60,Jogadinha do Paqueta,Brazilian Funk,Jogadinha do Paqueta,2022-09-26,3.87e-05,1.0,7.0,145428.0,0.396,funk,Low,2022.0,2.4238
0.39,130.05,0.913,brazilian,-4.538,0.11,0.175,DJ AG O GRINGO,4.0,0.12,55,HOJE EU VOU COMER NOVINHA,Brazilian Funk,HOJE EU VOU COMER NOVINHA 02,2022-06-01,3.32e-05,1.0,9.0,107128.0,0.707,funk,Low,2022.0,1.7854666666666668
0.849,130.207,0.945,brazilian,-0.329,0.157,0.92,"Mc Delux, DJ Guih Da ZO",4.0,0.111,46,Tu Hablas Espanhol,Brazilian Funk,Tu Hablas Espanhol,2022-07-10,0.00145,0.0,11.0,126461.0,0.117,funk,Low,2022.0,2.107683333333333
0.518,150.066,0.896,brazilian,-8.524,0.0897,0.793,"MC Rogê, DJ Meek, Boladinho DJ, Mc G Talibã",4.0,0.266,60,Saquarema,Brazilian Funk,Saquarema,2020-07-24,0.00306,1.0,9.0,201600.0,0.285,funk,Low,2020.0,3.36
0.842,130.042,0.76,brazilian,-6.553,0.0995,0.464,"Mc Menor Do Alvorada, dj caxa da zl, Mc Gw",4.0,0.381,13,Beat Trava Pulmão,Brazilian Funk,Beat Trava Pulmão,2022-06-15,0.00108,1.0,10.0,248337.0,0.829,funk,Low,2022.0,4.13895
0.819,88.055,0.596,brazilian,-10.326,0.0481,0.888,"Xandy Almeida, Mc Delux",5.0,0.101,34,Tu Empinou Ele Pei,Brazilian Funk,Tu Empinou Ele Pei,2022-05-08,0.00837,1.0,0.0,172931.0,0.0644,funk,Low,2022.0,2.8821833333333333
0.754,129.947,0.845,brazilian,-2.511,0.0385,0.574,DJ NK3,4.0,0.238,59,Automotivo Super Mario World 2,Brazilian Funk,Automotivo Super Mario World 2,2022-09-29,1.31e-05,1.0,2.0,138507.0,0.0571,funk,Low,2022.0,2.30845
0.897,130.284,0.912,brazilian,-0.909,0.243,0.589,"DJ Guih Da ZO, Mc Delux",4.0,0.205,44,Hey Hou,Brazilian Funk,Hey Hou,2021-07-03,5.63e-05,0.0,9.0,195692.0,0.33,funk,Low,2021.0,3.2615333333333334
0.374,130.026,0.867,brazilian,-11.883,0.161,0.684,"MC Meno K, MC Cria, Dj Matheus Silva",4.0,0.236,56,Uma Cavala Mesmo,Brazilian Funk,Uma Cavala Mesmo,2021-01-22,0.0,0.0,9.0,151248.0,0.629,funk,Low,2021.0,2.5208
0.483,123.846,0.765,brazilian,-5.356,0.21,0.217,"Kaio Viana, MC CJ",4.0,0.0362,52,Formosa,Brazilian Funk,Formosa,2021-11-19,0.0,0.0,2.0,185832.0,0.432,funk,Low,2021.0,3.0972
0.836,130.028,0.967,brazilian,-1.264,0.11,0.162,"MC's Zaac, Jerry Smith",4.0,0.133,61,Bumbum granada,Brazilian Funk,Bumbum granada,2017-12-01,8.5e-05,0.0,1.0,187462.0,0.278,funk,Low,2017.0,3.1243666666666665
0.855,130.145,0.821,brazilian,-2.466,0.106,0.569,"DJ NpcSize, Mc Larissa",4.0,0.0611,55,VAI DJ NPC SOCA COM VONTADE / MACHUCA MACHUCA,Brazilian Funk,VAI DJ NPC SOCA COM VONTADE / MACHUCA MACHUCA,2022-04-26,0.000115,1.0,1.0,182784.0,0.317,funk,Low,2022.0,3.0464
0.799,130.012,0.959,brazilian,-1.41,0.0802,0.639,"Mc Delux, DJ Guilherme",4.0,0.0867,39,A X3R3CA DELA É BOA,Brazilian Funk,A X3R3CA DELA É BOA,2022-01-31,2.96e-05,1.0,1.0,144461.0,0.329,funk,Low,2022.0,2.4076833333333334
0.533,130.014,0.921,brazilian,-3.408,0.0832,0.673,MC Levin,4.0,0.0749,61,Sua amiga vou sarrar,Brazilian Funk,Sua amiga vou sarrar,2019-02-15,0.0,0.0,9.0,149603.0,0.433,funk,Low,2019.0,2.4933833333333335
0.699,83.624,0.633,brazilian,0.41,0.175,0.762,"DJ Jeeh FDC, MC LCKaiique, MC Celo BK, DJ Menezes, DJ Arana, Mc Yoshi",3.0,0.557,64,Forte Forte de Lacoste - Pra Começar o Final de Semana,Brazilian Funk,Forte Forte de Lacoste - Pra Começar o Final de Semana,2023-05-29,1.46e-06,0.0,11.0,182769.0,0.516,funk,Low,2023.0,3.04615
0.809,126.028,0.633,brazilian,-0.322,0.49,0.733,IShowSpeed,4.0,0.36,44,Portuginies,Brazilian Funk,Portuginies,2023-07-07,0.0,1.0,1.0,174706.0,0.289,funk,Low,2023.0,2.911766666666667
0.285,129.83,0.908,brazilian,-12.559,0.0844,0.793,MC Teteu,4.0,0.274,49,Jingle Bell,Brazilian Funk,Jingle Bell,2019-11-22,0.00833,0.0,8.0,163872.0,0.16,funk,Low,2019.0,2.7312
0.813,113.471,0.845,brazilian,-5.178,0.137,0.403,DJ RAMON SP,4.0,0.162,62,Montagem - Conga Conga (Remixes),Brazilian Funk,Montagem - Conga Conga (Slowed + Reverb),2023-02-24,0.00548,1.0,2.0,178573.0,0.465,funk,Low,2023.0,2.9762166666666667
0.879,130.006,0.91,brazilian,1.318,0.0704,0.954,Seek,4.0,0.239,67,REI DO BRASIL,Brazilian Funk,REI DO BRASIL,2023-06-02,0.271,1.0,5.0,97846.0,0.143,funk,Low,2023.0,1.6307666666666667
0.601,84.614,0.615,brazilian,-8.147,0.102,0.662,"Quantic, Flowering Inferno",4.0,0.0584,55,Dog With a Rope (Quantic Presenta Flowering Inferno),Forró Fiesta,Cumbia Sobre el Mar,2010-07-19,0.427,1.0,0.0,377293.0,0.0732,forró,Low,2010.0,6.288216666666667
0.921,98.076,0.728,brazilian,-5.963,0.176,0.981,Hermeto Pascoal,4.0,0.0371,28,E Sua Visão Original do Forró,Forró Fiesta,Forró pela Manhã,2018-06-01,0.0172,1.0,0.0,121387.0,0.493,forró,Low,2018.0,2.0231166666666667
0.413,96.649,0.761,brazilian,-13.191,0.0996,0.527,Forro In The Dark,4.0,0.168,32,Bonfires of Sao Joao,Forró Fiesta,Forrowest,2006-11-07,0.881,0.0,9.0,284613.0,0.258,forró,Low,2006.0,4.74355
0.612,107.137,0.602,brazilian,-8.351,0.142,0.598,"Forro In The Dark, Daivd Byrne",4.0,0.0307,16,Bonfires of Sao Joao,Forró Fiesta,Asa Branca,2006-11-07,8.58e-06,1.0,7.0,211226.0,0.0216,forró,Low,2006.0,3.5204333333333335
0.677,113.367,0.667,brazilian,-8.663,0.11,0.79,Forro In The Dark,4.0,0.104,23,Sandcastle,Forró Fiesta,Forró da Casa Grande,2017-04-21,0.753,1.0,1.0,154013.0,0.242,forró,Low,2017.0,2.566883333333333
0.325,125.648,0.791,brazilian,-13.061,0.112,0.882,Forro In The Dark,4.0,0.0634,22,Bonfires of Sao Joao,Forró Fiesta,Limoerio do Norte,2006-11-07,0.839,0.0,9.0,178173.0,0.151,forró,Low,2006.0,2.96955
0.366,168.907,0.469,brazilian,-11.948,0.117,0.708,"Forro In The Dark, Bebel Gilberto",4.0,0.035,12,Bonfires of Sao Joao,Forró Fiesta,Wandering Swallow featuring Bebel Gilberto,2006-11-07,0.15,1.0,7.0,253880.0,0.902,forró,Low,2006.0,4.231333333333334
0.666,116.383,0.666,brazilian,-7.079,0.228,0.699,"Los Miticos Del Ritmo, Quantic",4.0,0.0378,33,Salvación,Forró Fiesta,Salvación,2020-08-14,0.0,1.0,2.0,167215.0,0.0281,forró,Low,2020.0,2.7869166666666665
0.695,84.781,0.781,brazilian,-6.608,0.27,0.971,"Los Miticos Del Ritmo, Quantic",4.0,0.163,30,Salvación,Forró Fiesta,Vampiro Sabanero,2020-08-14,0.104,1.0,9.0,162582.0,0.0606,forró,Low,2020.0,2.7097
0.732,159.924,0.651,brazilian,-6.006,0.0478,0.694,"El Búho, Quantic",4.0,0.037,45,Cumbia Sobre el Mar / Inmortales (El Búho Remixes),Forró Fiesta,Cumbia Sobre el Mar - El Búho Remix,2019-11-08,0.14,0.0,3.0,312915.0,0.187,forró,Low,2019.0,5.21525
0.758,92.998,0.841,brazilian,-7.706,0.06,0.942,"Nickodemus, Fémina, El Búho",4.0,0.0829,16,Cumbia Sobre el Mar / Inmortales (El Búho Remixes),Forró Fiesta,Inmortales (Body Move) - El Búho Remix,2019-11-08,0.00531,1.0,1.0,322581.0,0.303,forró,Low,2019.0,5.37635
0.533,156.017,0.886,brazilian,-7.083,0.032,0.976,"Quantic, Los Miticos Del Ritmo",4.0,0.553,39,Hotline Bling,Forró Fiesta,Hotline Bling,2018-05-11,0.396,0.0,4.0,203060.0,0.743,forró,Low,2018.0,3.384333333333333
0.494,89.112,0.582,brazilian,-10.297,0.103,0.927,"Quantic, Nidia Gongora",4.0,0.124,34,Curao,Forró Fiesta,Se Lo Ví,2017-05-12,0.00313,1.0,10.0,226427.0,0.476,forró,Low,2017.0,3.7737833333333333
0.744,94.019,0.738,brazilian,-8.97,0.183,0.811,"Quantic, Nidia Gongora",4.0,0.0515,23,Curao,Forró Fiesta,Ojos Vicheros,2017-05-12,1.06e-05,1.0,0.0,269053.0,0.197,forró,Low,2017.0,4.484216666666667
0.443,96.023,0.865,brazilian,-14.168,0.0877,0.688,"Nicola Cruz, Castello Branco",4.0,0.16,45,Siku,Forró Fiesta,Criançada (con Castello Branco),2019-01-25,0.143,0.0,4.0,307547.0,0.723,forró,Low,2019.0,5.125783333333334
0.58,100.007,0.835,brazilian,-8.892,0.115,0.84,"Nicola Cruz, Chato",4.0,0.189,28,Siku,Forró Fiesta,Hacia Delante (con Chato),2019-01-25,0.000767,0.0,8.0,233447.0,0.559,forró,Low,2019.0,3.8907833333333333
0.623,93.979,0.817,brazilian,-10.116,0.103,0.391,"Nicola Cruz, Huaira",4.0,0.0858,37,Prender el Alma,Forró Fiesta,Equinoccio (feat. Huaira),2015-10-30,0.235,0.0,5.0,220213.0,0.274,forró,Low,2015.0,3.6702166666666667
0.886,184.108,0.714,brazilian,-4.429,0.227,0.897,Bernadete França,4.0,0.0728,17,Empoderadas,Forró Fiesta,Prego Batido,2019-08-15,1.16e-05,1.0,5.0,178671.0,0.663,forró,Low,2019.0,2.97785
0.78,87.984,0.708,brazilian,-6.624,0.125,0.582,Ó Do Forró,4.0,0.0322,20,O Som Que Balança o Coração,Forró Fiesta,Ô Sertão,2013-10-10,0.0,0.0,7.0,233547.0,0.271,forró,Low,2013.0,3.89245
0.86,91.984,0.812,brazilian,-6.131,0.0771,0.966,As Galvão,4.0,0.0559,25,Faz o Povo Balançar,Forró Fiesta,Forró Do Embolaxado,2008-07-01,0.0,1.0,3.0,173867.0,0.395,forró,Low,2008.0,2.8977833333333334
0.741,95.715,0.861,brazilian,-8.305,0.216,0.744,Barbatuques,4.0,0.158,23,Corpo Do Som,Forró Fiesta,Baião Destemperado,2002-04-01,0.63,1.0,1.0,163893.0,0.425,forró,Low,2002.0,2.73155
0.876,93.022,0.858,brazilian,-5.342,0.121,0.876,Ó Do Forró,4.0,0.0962,17,"A Origem, o Agora e o Futuro",Forró Fiesta,Bate no Pandeiro,2016-05-01,7.34e-05,1.0,10.0,201813.0,0.326,forró,Low,2016.0,3.36355
0.698,147.918,0.754,brazilian,-6.593,0.446,0.687,Mariana Aydar,4.0,0.0609,25,Veia Nordestina,Forró Fiesta,Condução,2019-12-06,0.0366,0.0,1.0,192933.0,0.0353,forró,Low,2019.0,3.21555
0.767,108.081,0.724,brazilian,-5.734,0.0585,0.957,Bicho de Pé,4.0,0.0379,14,Com o Pé nas Nuvens,Forró Fiesta,Abc do Sertão,2018-09-05,0.0,1.0,9.0,189547.0,0.296,forró,Low,2018.0,3.159116666666667
0.458,135.853,0.754,brazilian,-9.117,0.131,0.58,Mariana Aydar,4.0,0.124,32,Foguete,Forró Fiesta,Foguete,2020-06-15,0.000242,0.0,7.0,202535.0,0.301,forró,Low,2020.0,3.375583333333333
0.427,156.004,0.639,brazilian,-10.911,0.237,0.637,Juliette,4.0,0.0297,34,Juliette,Forró Fiesta,Bença,2021-09-03,0.0,1.0,2.0,147811.0,0.225,forró,Low,2021.0,2.4635166666666666
0.514,143.027,0.676,brazilian,-8.775,0.236,0.809,"Xaxado Novo, Bruno Duarte",4.0,0.0319,17,Sertão Cigano,Forró Fiesta,Me Embelezo,2016-08-22,3.45e-05,0.0,0.0,201874.0,0.27,forró,Low,2016.0,3.3645666666666667
0.65,129.958,0.765,brazilian,-6.822,0.0859,0.892,Thais Nogueira,4.0,0.0551,21,Me Acorda pra Sonhar,Forró Fiesta,Despedida,2019-04-04,0.0,0.0,11.0,201509.0,0.041,forró,Low,2019.0,3.3584833333333335
0.652,147.046,0.716,brazilian,-6.528,0.0694,0.786,Forroçacana,4.0,0.0324,37,Vamo Que Vamo,Forró Fiesta,Menina Mulher da Pele Preta,2000-10-01,4.58e-05,0.0,6.0,235747.0,0.0572,forró,Low,2000.0,3.929116666666667
0.827,92.992,0.742,brazilian,-8.523,0.0892,0.961,Os Fulano,4.0,0.0372,23,Etá Forró - EP,Forró Fiesta,Baile de Luxo,2017-06-03,0.61,1.0,11.0,162598.0,0.181,forró,Low,2017.0,2.709966666666667
0.717,96.565,0.631,brazilian,-8.898,0.462,0.96,Trio Juazeiro,4.0,0.072,22,No Balanço da Fogueira,Forró Fiesta,Tem Quem Reze por Mim,2021-07-02,1.1e-06,1.0,7.0,152346.0,0.552,forró,Low,2021.0,2.5391
0.626,185.213,0.46,brazilian,-7.57,0.159,0.747,"Lucas Felix, Mestrinho",4.0,0.0573,31,Saudade É Tempero de Vó,Forró Fiesta,Saudade é Tempero de Vó,2021-07-26,0.0,0.0,5.0,234384.0,0.348,forró,Low,2021.0,3.9064
0.892,93.98,0.847,brazilian,-5.095,0.0452,0.94,Ó Do Forró,4.0,0.0429,20,"A Origem, o Agora e o Futuro",Forró Fiesta,Quer Mais um Pouquinho,2016-05-01,1.01e-05,1.0,2.0,211400.0,0.263,forró,Low,2016.0,3.5233333333333334
0.87,94.961,0.768,brazilian,-4.65,0.0509,0.974,Trio Alvorada,4.0,0.0409,25,Forró Até a Alvorada,Forró Fiesta,Tonelada de Forró,2010-02-01,0.0,1.0,9.0,179644.0,0.546,forró,Low,2010.0,2.994066666666667
0.895,97.003,0.823,brazilian,-7.042,0.0523,0.937,Trio Dona Zefa,4.0,0.0373,16,Forró do Talarico,Forró Fiesta,Seu Siriri,2016-11-05,0.0,1.0,2.0,208760.0,0.413,forró,Low,2016.0,3.4793333333333334
0.926,98.04,0.755,brazilian,-4.922,0.134,0.968,Thais Nogueira,4.0,0.0375,19,Me Acorda pra Sonhar,Forró Fiesta,Maria Forrozeira,2019-04-04,0.0,1.0,8.0,226900.0,0.0823,forró,Low,2019.0,3.7816666666666667
0.967,193.967,0.694,brazilian,-5.241,0.0619,0.918,Diego Oliveira,4.0,0.0639,16,Presente,Forró Fiesta,Forró Perigoso,2019-03-10,0.0,1.0,9.0,169040.0,0.25,forró,Low,2019.0,2.8173333333333335
0.849,94.983,0.758,brazilian,-5.714,0.079,0.738,Trio Caeté,4.0,0.0451,17,No Balanço do Trem,Forró Fiesta,Forró do Benedito,2010-06-01,0.0,1.0,7.0,189467.0,0.488,forró,Low,2010.0,3.157783333333333
0.696,97.018,0.734,brazilian,-8.354,0.0874,0.961,Luiz Gonzaga,4.0,0.0357,13,Ô Véio Macho,Forró Fiesta,Matuto Aperreado,2000-05-11,0.0,0.0,2.0,141333.0,0.588,forró,Low,2000.0,2.35555
0.479,104.83,0.62,brazilian,-9.888,0.191,0.661,Alceu Valença,4.0,0.0321,53,2 Em 1,Forró Fiesta,La Belle De Jour,2003-01-01,0.000406,1.0,0.0,269427.0,0.196,forró,Low,2003.0,4.49045
0.601,157.243,0.744,brazilian,-10.082,0.125,0.927,"Elba Ramalho, Dominguinhos",4.0,0.0463,38,Baião De Dois,Forró Fiesta,Onde Está Você,2005-03-14,1.55e-06,0.0,2.0,208080.0,0.562,forró,Low,2005.0,3.468
0.975,111.98,0.697,brazilian,-5.009,0.332,0.806,"Luiz Gonzaga, Gal Costa",4.0,0.05,26,Baião de Dois,Forró Fiesta,Forró Nº 1 (feat. Gal Costa),2012-11-26,0.000867,0.0,10.0,215360.0,0.186,forró,Low,2012.0,3.5893333333333333
0.59,158.053,0.761,brazilian,-10.274,0.0926,0.895,Gal Costa,4.0,0.0449,50,Gal Estratosférica,Forró Fiesta,Quando Você Olha Pra Ela,2016-01-14,0.00933,1.0,10.0,267267.0,0.454,forró,Low,2016.0,4.45445
0.641,145.048,0.563,brazilian,-13.097,0.0757,0.819,Gal Costa,4.0,0.0637,29,Gal (Série Grandes Nomes Vol. 1),Forró Fiesta,Você Não Entende Nada,1996-01-01,0.000183,1.0,11.0,229680.0,0.685,forró,Low,1996.0,3.828
0.694,106.359,0.723,brazilian,-6.694,0.052,0.739,"Zeca Pagodinho, Dudu Nobre, Mumuzinho, Djavan, Sombrinha, Arlindo Cruz, Maria Rita, Péricles, Alcione, Emicida, Diogo Nogueira, Frejat, Monarco, VELHA GUARDA DA PORTELA, Almir Guineto, Rildo Hora, Roberta Sá, Lenine, Beth Carvalho, Marcelo D2",4.0,0.0802,61,"Sambabook Zeca Pagodinho, Vol. 2",Forró Fiesta,Camarão Que Dorme a Onda Leva,2014-03-20,0.0,1.0,0.0,168948.0,0.313,forró,Low,2014.0,2.8158
0.647,156.28,0.653,brazilian,-7.028,0.0753,0.936,Gilberto Gil,4.0,0.0437,59,"As canções de eu, tu, eles",Forró Fiesta,Esperando na janela,2000-01-01,0.0,1.0,4.0,256693.0,0.201,forró,Low,2000.0,4.278216666666666
0.814,96.03,0.669,brazilian,-6.262,0.331,0.95,Forró Bemtivi,4.0,0.0366,18,No Pé da Serra,Forró Fiesta,Beijo Matador,2017-08-16,0.0,0.0,5.0,178707.0,0.378,forró,Low,2017.0,2.97845
0.773,104.76,0.7,brazilian,-10.065,0.137,0.965,Jackson Do Pandeiro,4.0,0.0347,27,Aqui Tô Eu,Forró Fiesta,O Canto Da Ema,2016-06-17,0.0,1.0,7.0,162147.0,0.406,forró,Low,2016.0,2.70245
0.874,95.035,0.748,brazilian,-5.069,0.0713,0.962,Forroçacana,4.0,0.0377,29,Forróçacana,Forró Fiesta,Matilde,2002-03-08,0.0,0.0,9.0,237560.0,0.276,forró,Low,2002.0,3.9593333333333334
0.951,102.987,0.743,brazilian,-3.777,0.295,0.969,Dois Dobrado,4.0,0.0358,19,Vamos Todo Mundo pro Forró,Forró Fiesta,Vamos Todo Mundo pro Forró,2016-03-10,0.0,1.0,5.0,238733.0,0.579,forró,Low,2016.0,3.9788833333333335
0.592,140.031,0.846,brazilian,-5.632,0.0943,0.565,Pé de Mulambo,4.0,0.0658,29,Pé De Mulambo,Forró Fiesta,Cartomante,2011-02-15,0.0,0.0,9.0,230480.0,0.324,forró,Low,2011.0,3.8413333333333335
0.47,145.703,0.655,brazilian,-11.395,0.128,0.577,Geraldo Azevedo,4.0,0.0356,38,Raízes e Frutos,Forró Fiesta,Táxi Lunar,1998-05-06,0.00163,0.0,4.0,231067.0,0.237,forró,Low,1998.0,3.8511166666666665
0.92,98.057,0.808,brazilian,-5.508,0.268,0.973,Forroçacana,4.0,0.0443,32,Forróçacana,Forró Fiesta,Forró no Malagueta,2002-03-08,2.11e-06,1.0,4.0,222293.0,0.211,forró,Low,2002.0,3.7048833333333335
0.493,161.492,0.609,brazilian,-6.557,0.314,0.761,"Bicho de Pé, Janayna Pereira",4.0,0.0316,36,Que Seja,Forró Fiesta,Que seja,2008-03-13,0.0,1.0,9.0,243440.0,0.176,forró,Low,2008.0,4.057333333333333
0.631,150.007,0.696,brazilian,-4.541,0.258,0.926,Dois Dobrado,4.0,0.0366,34,Vamos Todo Mundo pro Forró,Forró Fiesta,Vou Te Namorar,2016-03-10,0.0,0.0,4.0,226847.0,0.346,forró,Low,2016.0,3.7807833333333334
0.532,143.458,0.591,brazilian,-5.712,0.105,0.527,"Bicho de Pé, Janayna Pereira",4.0,0.0306,33,Que Seja,Forró Fiesta,Eu e você,2008-03-13,0.0,1.0,0.0,300480.0,0.614,forró,Low,2008.0,5.008
0.585,154.147,0.715,brazilian,-6.753,0.434,0.895,Forroçacana,4.0,0.0361,32,Forróçacana,Forró Fiesta,Bola De Meia,2002-03-08,0.0,0.0,9.0,226240.0,0.165,forró,Low,2002.0,3.7706666666666666
0.773,82.542,0.642,brazilian,-6.108,0.102,0.962,Chama Chuva,4.0,0.0605,36,Forro Chama Chuva,Forró Fiesta,Samarina,2001-01-01,0.0,1.0,4.0,244560.0,0.324,forró,Low,2001.0,4.076
0.769,88.03,0.693,brazilian,-5.903,0.0978,0.35,Ó Do Forró,4.0,0.0349,30,Me Chamo Forró,Forró Fiesta,Me Chamo Forró,2016-03-07,0.0,0.0,6.0,245611.0,0.114,forró,Low,2016.0,4.093516666666667
0.609,98.011,0.709,brazilian,-8.493,0.15,0.613,Bicho de Pé,4.0,0.0311,32,A Vida Vai,Forró Fiesta,Eu Só Quero Um Xodó,2012-09-12,3.07e-06,1.0,9.0,213173.0,0.164,forró,Low,2012.0,3.5528833333333334
0.526,80.029,0.559,brazilian,-13.468,0.165,0.761,Gisele De Santi,4.0,0.0318,21,Gisele De Santi,Forró Fiesta,E Eu?,2010-08-27,0.209,0.0,8.0,209613.0,0.564,forró,Low,2010.0,3.49355
0.632,168.563,0.635,brazilian,-7.54,0.0439,0.96,Guentaê!,4.0,0.0429,44,Sapatilha 37,Forró Fiesta,Sapatilha 37,2001-01-01,0.0,1.0,2.0,184667.0,0.293,forró,Low,2001.0,3.0777833333333335
0.854,97.013,0.637,brazilian,-5.751,0.112,0.9,Trio Potiguá,4.0,0.0389,23,Pode Chegar,Forró Fiesta,Agradar Você,2004-04-28,0.0,1.0,9.0,325427.0,0.323,forró,Low,2004.0,5.423783333333334
0.766,166.989,0.649,brazilian,-7.065,0.0707,0.885,Elba Ramalho,4.0,0.0533,32,Elba Canta Luiz,Forró Fiesta,Numa Sala de Reboco,2002-03-15,0.0,1.0,7.0,196640.0,0.267,forró,Low,2002.0,3.2773333333333334
0.698,168.05,0.645,brazilian,-6.177,0.0545,0.967,Circulando De Fulo,4.0,0.0433,35,Circulado,Forró Fiesta,Meu Cenario,2001-01-01,0.0,1.0,10.0,231133.0,0.238,forró,Low,2001.0,3.8522166666666666
0.748,179.533,0.621,brazilian,-5.026,0.0927,0.96,Chama Chuva,4.0,0.062,36,Forro Chama Chuva,Forró Fiesta,Forró De Itaúnas,2001-01-01,0.0,0.0,7.0,200200.0,0.522,forró,Low,2001.0,3.3366666666666664
0.396,127.194,0.713,brazilian,-9.448,0.069,0.634,Circulando De Fulo,4.0,0.0458,37,Circulado,Forró Fiesta,"O Sol, A Lis, E O Beija-Flor",2001-01-01,0.0,1.0,7.0,262973.0,0.107,forró,Low,2001.0,4.382883333333333
0.602,166.074,0.604,brazilian,-6.619,0.0718,0.663,Peixelétrico,4.0,0.0887,28,Peixelétrico,Forró Fiesta,Semelhantes,2001-06-23,0.0,0.0,6.0,229400.0,0.28,forró,Low,2001.0,3.8233333333333333
0.877,122.042,0.812,turkish,-5.625,0.0851,0.793,"Shawty, Ayaz Erdoğan",4.0,0.0858,48,Aşkının Ederi Bu Mu,Turkish Pop,Aşkının Ederi Bu Mu,2024-11-15,0.00204,0.0,1.0,157377.0,0.305,pop,Low,2024.0,2.62295
0.884,169.903,0.756,turkish,-5.698,0.358,0.721,"Bilal Sonses, Merve Özbey",4.0,0.126,56,Ne Olur,Turkish Pop,Ne Olur,2024-11-08,0.0,0.0,9.0,131634.0,0.296,pop,Low,2024.0,2.1939
0.831,124.031,0.721,turkish,-5.546,0.0586,0.768,Bengü,4.0,0.14,56,Kül Kedisi,Turkish Pop,Kül Kedisi,2024-11-08,2.52e-06,0.0,6.0,183387.0,0.00583,pop,Low,2024.0,3.05645
0.617,164.22,0.486,turkish,-6.441,0.245,0.554,İlyas Yalçıntaş,4.0,0.0577,37,İstanbul'da,Turkish Pop,İstanbul'da,2024-11-01,0.0,0.0,9.0,169756.0,0.235,pop,Low,2024.0,2.829266666666667
0.797,111.949,0.635,turkish,-4.958,0.332,0.389,Saide Guliyeva,4.0,0.0675,32,Geçen Yıl,Turkish Pop,Geçen Yıl,2024-11-08,1.3e-06,0.0,11.0,179272.0,0.0157,pop,Low,2024.0,2.9878666666666667
0.67,150.234,0.519,turkish,-6.134,0.0826,0.278,Burak Bulut,4.0,0.0361,63,Ama Yine Sen,Turkish Pop,Ama Yine Sen,2024-11-08,1.18e-06,0.0,5.0,134947.0,0.321,pop,Low,2024.0,2.2491166666666667
0.72,93.928,0.664,turkish,-9.288,0.428,0.953,Sezer Sarıgöz,4.0,0.256,49,İki Taraf,Turkish Pop,İki Taraf,2024-10-25,0.00592,0.0,5.0,163404.0,0.762,pop,Low,2024.0,2.7234
0.588,80.144,0.555,turkish,-10.181,0.222,0.503,Kerim Araz,4.0,0.116,45,Kaybeden Hep Bendim,Turkish Pop,Kaybeden Hep Bendim,2024-09-13,7.32e-05,0.0,7.0,177375.0,0.682,pop,Low,2024.0,2.95625
0.421,170.108,0.602,turkish,-10.992,0.498,0.497,"Zara, Burak Bulut, Kurtuluş Kuş",4.0,0.164,57,Rakıya Meze Olalım,Turkish Pop,Rakıya Meze Olalım,2024-10-04,4.93e-06,0.0,5.0,129875.0,0.411,pop,Low,2024.0,2.1645833333333333
0.639,100.06,0.674,turkish,-8.087,0.102,0.221,Rollen,4.0,0.0314,35,Gittiğini Kabullenemem,Turkish Pop,Gittiğini Kabullenemem,2024-10-04,0.000764,0.0,11.0,120000.0,0.0504,pop,Low,2024.0,2.0
0.622,119.992,0.791,turkish,-6.464,0.117,0.405,"Fredo, Defkhan, Rollen, Aysemen",4.0,0.0618,45,Kimim Ben,Turkish Pop,Kimim Ben,2024-08-09,0.0,0.0,10.0,169599.0,0.32,pop,Low,2024.0,2.82665
0.759,120.013,0.751,turkish,-8.001,0.088,0.483,Hande Yener,4.0,0.0416,52,Damla,Turkish Pop,Damla,2024-08-30,9.39e-06,0.0,1.0,216553.0,0.0611,pop,Low,2024.0,3.6092166666666667
0.563,90.024,0.625,turkish,-7.802,0.22,0.376,Hande Ünsal,4.0,0.0264,42,Yangın (Akustik),Turkish Pop,Yangın - Akustik,2024-09-18,0.0,1.0,9.0,175388.0,0.0626,pop,Low,2024.0,2.9231333333333334
0.869,110.052,0.761,turkish,-3.899,0.08,0.494,"Kurtuluş Kuş, Burak Bulut",4.0,0.0815,54,Yeniden Sevemem,Turkish Pop,Yeniden Sevemem,2024-09-20,0.00544,0.0,7.0,138068.0,0.0851,pop,Low,2024.0,2.3011333333333335
0.524,96.995,0.739,turkish,-6.943,0.247,0.214,"Samet Kardeşler, Sıla Şahin",4.0,0.0568,57,Hayatın Kollarında,Turkish Pop,Hayatın Kollarında,2024-09-20,0.0,0.0,7.0,183093.0,0.303,pop,Low,2024.0,3.05155
0.625,143.981,0.776,turkish,-5.18,0.125,0.784,Ayaz Erdoğan,4.0,0.0525,52,Zar Zor,Turkish Pop,Zar Zor,2024-06-21,0.0,1.0,3.0,178333.0,0.171,pop,Low,2024.0,2.9722166666666667
0.665,180.019,0.656,turkish,-7.696,0.116,0.605,"Ilker James, Ayaz Erdoğan",4.0,0.124,56,YAKTIN,Turkish Pop,YAKTIN,2024-08-23,0.395,0.0,11.0,154125.0,0.177,pop,Low,2024.0,2.56875
0.712,96.968,0.632,turkish,-4.494,0.268,0.509,EDIS,4.0,0.124,65,Azar Azar,Turkish Pop,Azar Azar,2024-09-27,0.0,1.0,2.0,180619.0,0.176,pop,Low,2024.0,3.0103166666666668
0.654,144.978,0.615,turkish,-7.011,0.655,0.287,"Eda Sakız, Siyam",4.0,0.0466,50,Gecelere,Turkish Pop,Gecelere,2024-09-06,0.0,0.0,6.0,155214.0,0.304,pop,Low,2024.0,2.5869
0.663,80.013,0.718,turkish,-5.722,0.25,0.857,"Samet Kardeşler, Sıla Şahin",4.0,0.0484,55,Uslanmaz,Turkish Pop,Uslanmaz,2024-07-26,0.000116,0.0,5.0,145500.0,0.204,pop,Low,2024.0,2.425
0.579,87.963,0.721,turkish,-5.796,0.242,0.331,"Ebru Yaşar, Burak Bulut, Kurtuluş Kuş",4.0,0.131,65,Anılara Dalarız,Turkish Pop,Anılara Dalarız,2024-09-06,0.0,0.0,4.0,150682.0,0.429,pop,Low,2024.0,2.5113666666666665
0.574,140.008,0.887,turkish,-5.239,0.0671,0.964,"Murda, Dhurata Dora",4.0,0.0667,50,TE QUIERO,Turkish Pop,TE QUIERO,2024-07-25,0.0,0.0,2.0,193597.0,0.0724,pop,Low,2024.0,3.2266166666666667
0.884,120.018,0.785,turkish,-4.653,0.676,0.51,Merve Özbey,4.0,0.145,52,Zümrüdüankam,Turkish Pop,Zümrüdüankam,2024-08-23,2.9e-06,0.0,2.0,203625.0,0.111,pop,Low,2024.0,3.39375
0.925,106.034,0.673,turkish,-5.192,0.102,0.418,Ece Mumay,4.0,0.0855,40,ABART,Turkish Pop,ABART,2024-08-23,0.0,1.0,9.0,158491.0,0.0296,pop,Low,2024.0,2.6415166666666665
0.705,142.947,0.62,turkish,-5.789,0.284,0.377,"Aleyna Tilki, Zeki Arkun",4.0,0.0397,47,Hoşuna Gidiyo,Turkish Pop,Hoşuna Gidiyo,2024-08-23,3.82e-05,0.0,5.0,151888.0,0.161,pop,Low,2024.0,2.5314666666666668
0.835,113.336,0.764,turkish,-4.102,0.188,0.591,"Burak Bulut, Kurtuluş Kuş",3.0,0.0432,60,Yarem,Turkish Pop,Yarem,2024-08-23,3.9e-06,0.0,4.0,131471.0,0.22,pop,Low,2024.0,2.1911833333333335
0.548,107.998,0.704,turkish,-10.151,0.185,0.642,Sezer Sarıgöz,4.0,0.0345,45,Hallederiz,Turkish Pop,Hallederiz,2024-08-23,0.00172,0.0,9.0,155853.0,0.167,pop,Low,2024.0,2.59755
0.532,136.882,0.816,turkish,-5.634,0.25,0.258,"Ayaz Erdoğan, Shawty",4.0,0.0422,56,Dedikodu,Turkish Pop,Dedikodu,2024-07-26,0.0,0.0,4.0,158978.0,0.218,pop,Low,2024.0,2.6496333333333335
0.948,104.956,0.711,turkish,-3.751,0.399,0.625,Mustafa Sandal,4.0,0.0673,48,İhtimal,Turkish Pop,İhtimal,2024-08-16,0.00203,0.0,11.0,193857.0,0.0757,pop,Low,2024.0,3.23095
0.848,106.076,0.656,turkish,-5.293,0.192,0.54,Burak Bulut,4.0,0.0696,61,Eriyorum Günden Güne,Turkish Pop,Eriyorum Günden Güne,2024-08-02,0.0,1.0,0.0,152000.0,0.627,pop,Low,2024.0,2.533333333333333
0.728,125.978,0.678,turkish,-6.291,0.399,0.69,İdo Tatlıses,4.0,0.0358,43,Dilber,Turkish Pop,Dilber,2024-05-31,0.0,0.0,4.0,133418.0,0.241,pop,Low,2024.0,2.2236333333333334
0.746,114.997,0.765,turkish,-5.917,0.329,0.751,Reynmen,4.0,0.0718,48,Neden Anlamadın Beni?,Turkish Pop,Neden Anlamadın Beni?,2024-08-02,0.0,0.0,0.0,136858.0,0.0729,pop,Low,2024.0,2.2809666666666666
0.731,115.918,0.746,turkish,-4.741,0.103,0.328,Derya Uluğ,4.0,0.068,61,Yabani (Şehrazat Bir Ömrün Hikayesi),Turkish Pop,Yabani - Şehrazat Bir Ömrün Hikayesi,2024-08-02,0.0,0.0,11.0,155819.0,0.128,pop,Low,2024.0,2.596983333333333
0.868,117.973,0.73,turkish,-5.779,0.374,0.85,"Olga Napoli, Mustafa Sandal",4.0,0.0765,36,Sana İhtiyacım Var,Turkish Pop,Sana İhtiyacım Var,2024-07-29,0.000102,0.0,10.0,184990.0,0.00779,pop,Low,2024.0,3.0831666666666666
0.76,90.07,0.779,turkish,-4.048,0.207,0.442,Ezhel,4.0,0.0942,51,Kadehimi Boş Bırakma,Turkish Pop,Kadehimi Boş Bırakma,2024-07-25,0.0,1.0,7.0,146980.0,0.398,pop,Low,2024.0,2.449666666666667
0.604,159.992,0.544,turkish,-7.851,0.11,0.448,Siyam,4.0,0.104,45,Kayboldum,Turkish Pop,Kayboldum,2024-06-14,1.34e-06,0.0,4.0,144000.0,0.367,pop,Low,2024.0,2.4
0.769,124.016,0.79,turkish,-7.331,0.264,0.474,Çinarə Məlikzadə,4.0,0.0461,31,Gəl,Turkish Pop,Gəl,2024-07-05,5.08e-05,0.0,7.0,172258.0,0.104,pop,Low,2024.0,2.8709666666666664
0.667,128.09,0.741,turkish,-6.088,0.333,0.454,Sefo,4.0,0.0289,44,Yanıbaşımda,Turkish Pop,Yanıbaşımda,2024-05-31,0.000311,0.0,5.0,143438.0,0.103,pop,Low,2024.0,2.390633333333333
0.546,80.048,0.587,turkish,-7.833,0.164,0.314,"Kerim Araz, Sevgim Yılmaz",4.0,0.058,49,Senden Hatıra,Turkish Pop,Senden Hatıra,2024-07-19,0.0,0.0,0.0,207000.0,0.368,pop,Low,2024.0,3.45
0.782,125.538,0.5,turkish,-6.208,0.246,0.356,Umut Timur,4.0,0.251,34,Sensin Bana Yar,Turkish Pop,Sensin Bana Yar,2024-07-19,2.24e-05,0.0,10.0,142573.0,0.117,pop,Low,2024.0,2.3762166666666666
0.598,90.029,0.695,turkish,-8.186,0.112,0.376,M Lisa,4.0,0.136,56,2017,Turkish Pop,2017,2024-07-19,6.44e-06,1.0,8.0,127333.0,0.33,pop,Low,2024.0,2.1222166666666666
0.562,83.007,0.595,turkish,-9.295,0.112,0.419,M Lisa,4.0,0.074,62,DAMLALAR,Turkish Pop,DAMLALAR,2024-03-08,0.000535,0.0,4.0,153253.0,0.767,pop,Low,2024.0,2.5542166666666666
0.782,104.966,0.817,turkish,-6.38,0.128,0.511,Ece Mumay,4.0,0.127,36,Katran,Turkish Pop,Katran,2024-05-24,2.3e-06,0.0,11.0,176127.0,0.318,pop,Low,2024.0,2.93545
0.794,95.018,0.729,turkish,-4.796,0.194,0.803,"Rabia Tunçbilek, Amo988",4.0,0.048,38,Harla,Turkish Pop,Harla,2024-07-02,0.0,1.0,0.0,164211.0,0.527,pop,Low,2024.0,2.73685
0.574,118.926,0.586,turkish,-9.814,0.168,0.322,Ahmet Can Dündar,4.0,0.0408,49,Tattım Ölümü,Turkish Pop,Tattım Ölümü,2024-02-23,0.000825,0.0,8.0,169851.0,0.465,pop,Low,2024.0,2.83085
0.913,200.035,0.545,turkish,-5.157,0.364,0.738,"Sinan Akçıl, Ferah Zeydan",4.0,0.107,42,Hadi Yavrum,Turkish Pop,Hadi Yavrum,2024-05-31,3.59e-05,0.0,9.0,129149.0,0.293,pop,Low,2024.0,2.1524833333333335
0.432,173.921,0.721,turkish,-9.865,0.141,0.303,"Burak Bulut, Kurtuluş Kuş",4.0,0.28,44,Elfida,Turkish Pop,Elfida,2024-05-31,0.0,0.0,2.0,165517.0,0.319,pop,Low,2024.0,2.7586166666666667
0.795,96.996,0.707,turkish,-5.452,0.0678,0.244,Tarkan,4.0,0.0478,52,Kuantum 51,Turkish Pop,Yo,2024-06-14,9.61e-06,1.0,2.0,225430.0,0.00945,pop,Low,2024.0,3.7571666666666665
0.624,96.986,0.807,turkish,-8.069,0.128,0.565,Aleyna Kalaycıoğlu,4.0,0.053,34,DÜŞLERİM,Turkish Pop,DÜŞLERİM,2024-05-02,1.13e-05,1.0,6.0,107629.0,0.201,pop,Low,2024.0,1.7938166666666666
0.7,104.973,0.814,turkish,-5.221,0.376,0.643,Umut Timur,4.0,0.0534,36,Sevda,Turkish Pop,Sevda,2024-06-07,0.0015,0.0,11.0,188442.0,0.363,pop,Low,2024.0,3.1407
0.864,140.022,0.639,turkish,-5.865,0.21,0.481,Doğu Swag,4.0,0.0764,39,Uykularından Ol,Turkish Pop,Uykularından Ol,2024-05-10,0.0,0.0,5.0,185208.0,0.572,pop,Low,2024.0,3.0868
0.67,129.98,0.639,turkish,-7.168,0.307,0.295,Tuna Taşkın,4.0,0.0309,28,Kibir,Turkish Pop,Kibir,2024-06-07,0.000423,0.0,5.0,206769.0,0.516,pop,Low,2024.0,3.44615
0.865,95.138,0.749,turkish,-4.372,0.225,0.69,Kurtuluş Kuş,4.0,0.273,40,Vur Patlasın,Turkish Pop,Vur Patlasın,2024-05-28,0.0,0.0,6.0,123237.0,0.116,pop,Low,2024.0,2.05395
0.678,101.98,0.726,turkish,-4.856,0.392,0.697,Reynmen,4.0,0.0392,61,Cennet,Turkish Pop,Cennet,2024-05-17,0.0,1.0,10.0,140316.0,0.201,pop,Low,2024.0,2.3386
0.621,140.095,0.629,turkish,-6.592,0.308,0.474,Hadise,4.0,0.0467,59,Hayat Oyunu,Turkish Pop,Hayat Oyunu,2024-05-24,3.04e-06,0.0,8.0,228693.0,0.12,pop,Low,2024.0,3.81155
0.724,78.753,0.536,turkish,-6.84,0.116,0.587,"Ebru Yaşar, Siyam, Zeyd",4.0,0.152,68,Yine Çalıyor,Turkish Pop,Kafamın İçi,2024-05-22,0.0,0.0,9.0,142000.0,0.748,pop,Low,2024.0,2.3666666666666667
0.566,180.014,0.52,turkish,-5.994,0.0954,0.28,Semicenk,4.0,0.158,66,Tek Başıma,Turkish Pop,Tek Başıma,2024-05-03,4.09e-06,0.0,11.0,209137.0,0.138,pop,Low,2024.0,3.4856166666666666
0.592,144.136,0.683,turkish,-8.082,0.156,0.374,Siyam,4.0,0.0724,47,Sensiz,Turkish Pop,Sensiz,2024-05-03,1.2e-05,0.0,5.0,139947.0,0.274,pop,Low,2024.0,2.33245
0.757,99.869,0.513,turkish,-6.025,0.153,0.358,Simge,4.0,0.0632,49,Söyleme,Turkish Pop,Söyleme,2024-04-12,0.0,0.0,8.0,220500.0,0.00881,pop,Low,2024.0,3.675
0.902,99.958,0.755,turkish,-4.122,0.182,0.33,BLOK3,4.0,0.0808,63,GÜZEL VE İDDİALI,Turkish Pop,GÜZEL VE İDDİALI,2024-02-09,3.49e-06,0.0,4.0,175830.0,0.2,pop,Low,2024.0,2.9305
0.863,100.038,0.681,turkish,-5.517,0.31,0.418,Gülşen,4.0,0.0495,67,BAL,Turkish Pop,BAL,2024-05-17,6.72e-06,0.0,0.0,157626.0,0.00226,pop,Low,2024.0,2.6271
0.734,127.993,0.766,turkish,-5.053,0.256,0.65,Gökçe Kırgız Taner,4.0,0.0738,28,Kendime,Turkish Pop,Kendime,2024-05-17,0.0,0.0,8.0,136950.0,0.14,pop,Low,2024.0,2.2825
0.616,107.081,0.692,turkish,-6.82,0.19,0.356,"Reynmen, Bilal Sonses",4.0,0.0246,60,Tavrına Hayran,Turkish Pop,Tavrına Hayran,2024-05-10,0.0,1.0,9.0,157009.0,0.51,pop,Low,2024.0,2.616816666666667
0.788,117.899,0.829,turkish,-5.473,0.282,0.741,"Mustafa Ceceli, Rabia Tunçbilek",4.0,0.133,42,Yaka Yaka,Turkish Pop,Yaka Yaka,2024-05-03,0.0,0.0,5.0,165508.0,0.329,pop,Low,2024.0,2.7584666666666666
0.431,174.103,0.479,arabic,-12.056,0.222,0.302,Faolan,4.0,0.0339,29,At World's End,Middle Eastern Beats,Princess of Persia,2016-07-08,0.709,1.0,7.0,259814.0,0.516,modern,Low,2016.0,4.330233333333333
0.148,81.927,0.196,arabic,-19.652,0.0895,0.0317,Invadable Harmony,4.0,0.0381,20,Arabian Nights,Middle Eastern Beats,Haunting Desert,2019-10-06,0.888,1.0,7.0,113516.0,0.972,modern,Low,2019.0,1.8919333333333332
0.302,64.665,0.248,arabic,-17.76,0.112,0.0337,"Hossam Ramzy, Phil Thornton",4.0,0.0434,35,Egypt Unveiled,Middle Eastern Beats,"Egypt Unveiled, Pt. I",2011-01-04,0.866,1.0,4.0,121267.0,0.336,modern,Low,2011.0,2.0211166666666665
0.235,100.012,0.449,arabic,-16.364,0.112,0.039,Two Worlds II,4.0,0.0266,23,Two Worlds II,Middle Eastern Beats,Desert Traces,2013-09-20,0.863,0.0,9.0,92108.0,0.831,modern,Low,2013.0,1.5351333333333332
0.506,79.985,0.714,arabic,-8.838,0.15,0.782,"Thomas Konstantinou, Michalis Koumbios",4.0,0.053,32,Greek Summer,Middle Eastern Beats,Greek Summer,2020-05-20,0.891,1.0,0.0,185015.0,0.864,modern,Low,2020.0,3.0835833333333333
0.235,78.272,0.316,arabic,-17.639,0.09,0.057,John Robert Matz,3.0,0.0373,25,Fossil Echo Original Soundtrack,Middle Eastern Beats,The Desert Bazaar,2016-07-01,0.162,1.0,2.0,160886.0,0.82,modern,Low,2016.0,2.681433333333333
0.261,90.583,0.165,arabic,-16.199,0.0847,0.0398,Monica Williams,4.0,0.0392,25,Journey of Tears,Middle Eastern Beats,Wandering,2018-09-21,0.944,1.0,2.0,378503.0,0.986,modern,Low,2018.0,6.3083833333333335
0.47,109.986,0.639,arabic,-11.969,0.117,0.0358,John Grout,4.0,0.0486,21,Middle East: Authentic Arabian Music,Middle Eastern Beats,Sahara Sunrise,2016-05-27,0.878,1.0,6.0,202987.0,0.373,modern,Low,2016.0,3.3831166666666665
0.817,93.005,0.53,arabic,-10.412,0.129,0.358,"Heiko Streicher, Stefan Heinz",4.0,0.0312,23,Arabic,Middle Eastern Beats,The Orient Is Calling,2012-01-20,0.153,0.0,6.0,114625.0,0.113,modern,Low,2012.0,1.9104166666666667
0.5,89.981,0.784,arabic,-13.217,0.0854,0.4,Lars-Luis Linek,4.0,0.0533,23,European Antiquity,Middle Eastern Beats,Nubia Nur,2020-07-15,0.789,0.0,10.0,124595.0,0.657,modern,Low,2020.0,2.0765833333333332
0.561,163.955,0.653,arabic,-10.629,0.115,0.779,Egyptian Meditation Temple,4.0,0.0361,18,Exotic Cairo Sands: Behind the Oasis,Middle Eastern Beats,Exotic Cairo,2019-06-10,0.662,1.0,2.0,187817.0,0.586,modern,Low,2019.0,3.1302833333333333
0.289,102.012,0.508,arabic,-18.008,0.108,0.469,Brandon Fiechter,4.0,0.0302,26,Civilizations,Middle Eastern Beats,Desert Sphinx,2015-10-24,0.917,1.0,4.0,210588.0,0.766,modern,Low,2015.0,3.5098
0.381,91.59,0.29,arabic,-17.713,0.107,0.0378,Harry Gregson-Williams,3.0,0.0404,29,Prince of Persia: The Sands of Time,Middle Eastern Beats,"The Prince Of Persia - From ""Prince of Persia: The Sands of Time""/Score",2010-01-01,0.908,1.0,7.0,320347.0,0.555,modern,Low,2010.0,5.3391166666666665
0.309,92.067,0.587,arabic,-15.068,0.0993,0.494,Two Worlds II,4.0,0.0303,20,Two Worlds II,Middle Eastern Beats,Eastern Falvours,2013-09-20,0.976,1.0,2.0,133956.0,0.9,modern,Low,2013.0,2.2326
0.405,99.632,0.163,arabic,-12.678,0.288,0.124,Brandon Fiechter,4.0,0.0321,28,Desert Sands,Middle Eastern Beats,The Nile River,2014-12-20,0.901,1.0,0.0,242400.0,0.849,modern,Low,2014.0,4.04
0.177,89.951,0.593,arabic,-14.415,0.118,0.101,Adrian Von Ziegler,3.0,0.0318,23,Odyssey,Middle Eastern Beats,Enchanted Palace,2012-12-12,0.979,1.0,4.0,148667.0,0.933,modern,Low,2012.0,2.4777833333333334
0.707,104.979,0.775,hip-hop,-5.339,0.874,0.78,Joey Bada$$,4.0,0.152,66,ALL-AMERIKKKAN BADA$$,Chill Hop,TEMPTATION,2017-04-07,0.0,0.0,10.0,244198.0,0.397,chill,Low,2017.0,4.069966666666667
0.57,92.058,0.801,hip-hop,-5.103,0.111,0.565,Mac Miller,4.0,0.265,67,K.I.D.S.,Chill Hop,Nikes on My Feet,2010-08-13,0.0,0.0,9.0,164632.0,0.559,chill,Low,2010.0,2.7438666666666665
0.441,135.028,0.942,hip-hop,-11.448,0.138,0.925,Sainté,4.0,0.469,68,Local Mvp,Chill Hop,Champagne Shots,2021-01-06,0.0,1.0,11.0,144000.0,0.493,chill,Low,2021.0,2.4
0.638,94.893,0.809,hip-hop,-5.646,0.453,0.608,Joey Bada$$,4.0,0.28,68,1999,Chill Hop,Righteous Minds,2012-06-12,0.0,0.0,8.0,224043.0,0.262,chill,Low,2012.0,3.73405
0.897,121.855,0.668,folk,-5.135,0.0932,0.955,The Irish Rovers,4.0,0.0418,58,Drunken Sailor,Irish Traditions,Drunken Sailor,2012-02-22,0.229,1.0,2.0,176853.0,0.626,irish,Low,2012.0,2.94755
0.39,99.425,0.687,folk,-14.679,0.0879,0.704,The Wolfe Tones,4.0,0.0366,50,Let The People Sing,Irish Traditions,Come Out Ye Black & Tans,2010-01-01,0.000154,1.0,5.0,184133.0,0.8,irish,Low,2010.0,3.0688833333333334
0.27,120.416,0.712,folk,-4.382,0.0582,0.728,"Sean Dagher, Nils Brown, Michiel Schrey, Assassin's Creed",4.0,0.0541,58,Assassin's Creed 4: Black Flag (Sea Shanty Edition) [Original Game Soundtrack],Irish Traditions,Leave Her Johnny,2013-10-29,0.0,0.0,7.0,132293.0,0.935,irish,Low,2013.0,2.2048833333333335
0.928,129.188,0.452,folk,-3.133,0.226,0.6,Dropkick Murphys,4.0,0.079,67,The Warrior's Code,Irish Traditions,I'm Shipping Up To Boston,2005-07-19,0.000637,1.0,2.0,153600.0,0.000706,irish,Low,2005.0,2.56
0.476,115.956,0.62,folk,-8.544,0.0799,0.739,Orthodox Celts,4.0,0.0348,40,Many Mouths Shut,Irish Traditions,Morrison's Jig,2017-01-13,0.00143,1.0,9.0,77176.0,0.251,irish,Low,2017.0,1.2862666666666667
0.703,102.954,0.816,ambient,-7.665,0.263,0.834,Wizkid,4.0,0.112,42,Morayo,Meditative Vibes,Don't Care,2024-11-22,0.0,0.0,7.0,131413.0,0.0354,meditative,Low,2024.0,2.1902166666666667
0.602,102.02,0.771,ambient,-5.482,0.26,0.406,"Johnny Drille, Don Jazzy",4.0,0.0368,43,Hard Guy Confessions,Meditative Vibes,It Hurts,2024-11-13,0.0,1.0,7.0,156099.0,0.0795,meditative,Low,2024.0,2.60165
0.569,95.033,0.84,ambient,-6.064,0.115,0.771,Wizkid,4.0,0.0903,46,Morayo,Meditative Vibes,Time,2024-11-22,0.000858,0.0,4.0,187347.0,0.331,meditative,Low,2024.0,3.12245
0.693,104.91,0.728,ambient,-4.647,0.0967,0.571,"Oxlade, Dave",4.0,0.141,55,OFA (Oxlade From Africa),Meditative Vibes,INTOXYCATED,2024-09-20,1.25e-05,1.0,1.0,212027.0,0.105,meditative,Low,2024.0,3.5337833333333335
0.69,170.001,0.688,ambient,-8.295,0.384,0.768,Wizkid,4.0,0.289,41,Morayo,Meditative Vibes,Lose,2024-11-22,8.7e-05,0.0,5.0,138707.0,0.499,meditative,Low,2024.0,2.3117833333333335
0.464,111.103,0.72,ambient,-10.661,0.203,0.381,"Fido, Tiwa Savage",5.0,0.0768,59,Awolowo (Remix),Meditative Vibes,Awolowo - Remix,2024-11-01,0.0,1.0,8.0,138353.0,0.0567,meditative,Low,2024.0,2.3058833333333335
0.38,88.993,0.511,ambient,-11.058,0.129,0.645,"Wizkid, Anaïs Cardot",4.0,0.359,42,Morayo,Meditative Vibes,Slow (feat. Anaïs Cardot),2024-11-22,0.00432,0.0,9.0,205373.0,0.606,meditative,Low,2024.0,3.4228833333333335
0.838,93.258,0.522,ambient,-4.652,0.0837,0.872,"Phyno, NSG",4.0,0.351,48,Full Time Job,Meditative Vibes,Pinterest,2024-10-04,0.0,1.0,0.0,232080.0,0.379,meditative,Low,2024.0,3.868
0.627,97.449,0.633,ambient,-5.478,0.363,0.535,Wizkid,4.0,0.368,45,Morayo,Meditative Vibes,Break Me Down,2024-11-22,0.00171,0.0,1.0,201520.0,0.171,meditative,Low,2024.0,3.3586666666666667
0.867,120.646,0.52,ambient,-5.878,0.137,0.143,"Olamide, Russ",5.0,0.476,39,Hello Habibi,Meditative Vibes,Hello Habibi,2024-11-07,0.0,1.0,0.0,245931.0,0.235,meditative,Low,2024.0,4.09885
0.888,91.991,0.745,ambient,-4.193,0.311,0.881,"Wizkid, Jazmine Sullivan",4.0,0.116,43,Morayo,Meditative Vibes,Bad For You (feat. Jazmine Sullivan),2024-11-22,0.0,0.0,1.0,170760.0,0.108,meditative,Low,2024.0,2.846
0.868,85.422,0.533,ambient,-1.919,0.527,0.777,"Zoro Swagbag, Klem",4.0,0.272,41,Double Tap,Meditative Vibes,Double Tap,2024-10-18,0.0,1.0,5.0,139333.0,0.147,meditative,Low,2024.0,2.322216666666667
0.627,96.593,0.605,ambient,-5.778,0.0964,0.888,"Wizkid, Tiakola",4.0,0.347,44,Morayo,Meditative Vibes,Après Minuit (feat. Tiakola),2024-11-22,7.75e-05,0.0,1.0,177013.0,0.105,meditative,Low,2024.0,2.9502166666666665
0.683,196.014,0.59,ambient,-6.347,0.204,0.49,Fireboy DML,4.0,0.0643,60,adedamola,Meditative Vibes,hell and back,2024-08-28,0.0,0.0,2.0,162133.0,0.0664,meditative,Low,2024.0,2.7022166666666667
0.635,102.955,0.478,ambient,-8.055,0.166,0.0717,Wizkid,4.0,0.191,45,Morayo,Meditative Vibes,A Million Blessings,2024-11-22,0.015,0.0,4.0,190120.0,0.437,meditative,Low,2024.0,3.1686666666666667
0.819,120.004,0.788,ambient,-5.278,0.36,0.752,Johnny Drille,4.0,0.0462,43,Count My Blessings,Meditative Vibes,Count My Blessings,2024-07-17,0.000255,0.0,11.0,163279.0,0.567,meditative,Low,2024.0,2.7213166666666666
0.883,102.988,0.776,ambient,-4.793,0.0802,0.474,Wizkid,4.0,0.122,43,Morayo,Meditative Vibes,Pray,2024-11-22,6.2e-06,0.0,11.0,172467.0,0.0403,meditative,Low,2024.0,2.87445
0.727,111.923,0.825,ambient,-6.273,0.242,0.935,"Kizz Daniel, Adekunle Gold",4.0,0.091,61,Pano Tona,Meditative Vibes,Pano Tona,2024-11-10,0.0,0.0,6.0,145714.0,0.264,meditative,Low,2024.0,2.4285666666666668
0.622,111.998,0.878,ambient,-5.452,0.11,0.644,"Wizkid, Asake",4.0,0.0961,49,Morayo,Meditative Vibes,Bad Girl (feat. Asake),2024-11-22,0.00107,0.0,11.0,174253.0,0.0369,meditative,Low,2024.0,2.9042166666666667
0.763,99.986,0.75,ambient,-5.722,0.0877,0.694,"Johnny Drille, Don Jazzy",4.0,0.0413,42,Hard Guy Confessions,Meditative Vibes,Believe Me,2024-11-13,5.58e-05,1.0,5.0,211216.0,0.0659,meditative,Low,2024.0,3.5202666666666667
0.76,89.834,0.591,ambient,-6.331,0.207,0.734,"Kizz Daniel, Thyself",3.0,0.108,49,Marhaba X We Must,Meditative Vibes,We Must,2024-09-25,0.0,0.0,10.0,142112.0,0.455,meditative,Low,2024.0,2.368533333333333
0.703,108.123,0.669,ambient,-6.113,0.157,0.762,Seyi Vibez,4.0,0.0581,55,Loseyi Professor,Meditative Vibes,Santorini,2024-07-12,1.9e-05,0.0,4.0,164213.0,0.0788,meditative,Low,2024.0,2.736883333333333
0.77,109.004,0.825,ambient,-8.136,0.134,0.418,"Show Dem Camp, The Cavemen., Obongjayar, Nsikak David",4.0,0.0435,34,No Love In Lagos,Meditative Vibes,OMFTR,2024-08-09,0.231,1.0,2.0,188806.0,0.0958,meditative,Low,2024.0,3.1467666666666667
0.892,200.678,0.442,ambient,-6.915,0.113,0.749,"Phyno, Johnny Drille",5.0,0.227,46,Full Time Job,Meditative Vibes,Sweet Karma,2024-10-04,0.245,0.0,8.0,146920.0,0.31,meditative,Low,2024.0,2.4486666666666665
0.605,109.986,0.769,ambient,-8.49,0.12,0.674,"M.anifest, The Cavemen., Flea",4.0,0.0725,40,PUFF PUFF,Meditative Vibes,PUFF PUFF,2024-10-17,0.0,1.0,0.0,164182.0,0.501,meditative,Low,2024.0,2.7363666666666666
0.55,105.021,0.756,ambient,-13.78,0.23,0.457,Timaya,4.0,0.18,29,GLADIATOR,Meditative Vibes,COMPOZURE,2024-08-14,0.000816,0.0,4.0,214909.0,0.174,meditative,Low,2024.0,3.5818166666666666
0.72,115.001,0.847,ambient,-6.023,0.137,0.789,Asake,4.0,0.0518,58,Lungu Boy,Meditative Vibes,I Swear,2024-08-08,0.0,0.0,5.0,184580.0,0.309,meditative,Low,2024.0,3.0763333333333334
0.792,112.988,0.795,ambient,-5.589,0.259,0.692,Fireboy DML,4.0,0.0612,62,adedamola,Meditative Vibes,iseoluwa,2024-08-28,2.46e-06,1.0,7.0,199767.0,0.337,meditative,Low,2024.0,3.32945
0.572,130.378,0.525,ambient,-8.081,0.101,0.647,Oxlade,5.0,0.324,47,OFA (Oxlade From Africa),Meditative Vibes,OLAITAN - OLAOLUWA,2024-09-20,5.03e-06,0.0,6.0,183520.0,0.495,meditative,Low,2024.0,3.058666666666667
0.374,95.855,0.611,ambient,-11.248,0.148,0.167,"Show Dem Camp, The Cavemen., Moelogo, Nsikak David",4.0,0.0642,36,No Love In Lagos,Meditative Vibes,Blessings,2024-08-09,1.86e-05,0.0,4.0,204014.0,0.892,meditative,Low,2024.0,3.4002333333333334
0.754,115.099,0.763,ambient,-5.538,0.19,0.592,"Asake, Stormzy",4.0,0.0761,63,Lungu Boy,Meditative Vibes,Suru (feat. Stormzy),2024-08-08,0.000463,1.0,1.0,220135.0,0.256,meditative,Low,2024.0,3.6689166666666666
0.386,120.349,0.558,ambient,-8.742,0.211,0.154,"Oxlade, Popcaan",5.0,0.304,44,OFA (Oxlade From Africa),Meditative Vibes,BLESSED,2024-09-20,0.0,1.0,1.0,211280.0,0.0798,meditative,Low,2024.0,3.521333333333333
0.293,92.007,0.831,ambient,-8.047,0.0724,0.419,Tems,4.0,0.0571,67,Born in the Wild,Meditative Vibes,Burning,2024-06-06,2.04e-05,0.0,1.0,175238.0,0.378,meditative,Low,2024.0,2.9206333333333334
0.259,126.599,0.59,ambient,-21.72,0.237,0.596,"Show Dem Camp, The Cavemen., Nsikak David",5.0,0.345,36,No Love In Lagos,Meditative Vibes,No Love In Lagos,2024-07-05,0.0252,1.0,0.0,191368.0,0.272,meditative,Low,2024.0,3.1894666666666667
0.731,105.918,0.749,ambient,-5.386,0.119,0.55,"Fireboy DML, Lojay",4.0,0.0715,55,adedamola,Meditative Vibes,letting go,2024-08-28,0.0,0.0,7.0,155935.0,0.204,meditative,Low,2024.0,2.5989166666666668
0.55,94.978,0.693,ambient,-10.357,0.114,0.258,"Show Dem Camp, The Cavemen., Nsikak David",4.0,0.0427,30,No Love In Lagos,Meditative Vibes,Sudden Day,2024-08-09,0.62,1.0,9.0,274160.0,0.0265,meditative,Low,2024.0,4.569333333333334
0.569,101.981,0.791,ambient,-9.972,0.155,0.494,Timaya,4.0,0.0757,25,GLADIATOR,Meditative Vibes,LIVE- STYLE,2024-08-14,0.0228,0.0,1.0,160078.0,0.309,meditative,Low,2024.0,2.6679666666666666
0.765,84.978,0.598,ambient,-4.93,0.0225,0.844,Kizz Daniel,4.0,0.323,65,Marhaba X We Must,Meditative Vibes,Marhaba,2024-09-25,0.0,0.0,5.0,144189.0,0.275,meditative,Low,2024.0,2.40315
0.685,154.07,0.743,ambient,-7.981,0.526,0.555,Victony,4.0,0.106,66,Stubborn,Meditative Vibes,Risk,2024-06-21,0.0,1.0,5.0,202597.0,0.113,meditative,Low,2024.0,3.3766166666666666
0.498,139.945,0.784,ambient,-6.349,0.0989,0.761,Mannywellz,4.0,0.0771,26,Ouu wee (brown),Meditative Vibes,Ouu wee (brown),2024-08-29,0.0,1.0,1.0,166286.0,0.251,meditative,Low,2024.0,2.7714333333333334
0.522,104.951,0.816,ambient,-12.409,0.106,0.643,"Show Dem Camp, The Cavemen., Nsikak David",4.0,0.0628,35,No Love In Lagos,Meditative Vibes,Fall,2024-08-09,0.249,1.0,11.0,203615.0,0.65,meditative,Low,2024.0,3.3935833333333334
0.418,81.921,0.848,ambient,-7.846,0.1,0.598,Tems,5.0,0.193,65,Born in the Wild,Meditative Vibes,Wickedest,2024-06-06,0.00035,1.0,2.0,156763.0,0.371,meditative,Low,2024.0,2.6127166666666666
0.722,179.957,0.644,ambient,-6.43,0.117,0.613,"Fireboy DML, Seun Kuti",4.0,0.0612,53,adedamola,Meditative Vibes,ecstasy (feat. Seun Kuti),2024-08-28,9.21e-05,0.0,5.0,212107.0,0.0363,meditative,Low,2024.0,3.5351166666666667
0.62,179.918,0.527,ambient,-7.649,0.135,0.53,Niniola,4.0,0.288,21,Press Play,Meditative Vibes,Energy,2024-09-13,0.527,0.0,4.0,166400.0,0.495,meditative,Low,2024.0,2.7733333333333334
0.605,94.774,0.472,ambient,-7.633,0.0992,0.7,"Oxlade, Flavour",4.0,0.153,42,OFA (Oxlade From Africa),Meditative Vibes,OVAMI,2024-09-20,0.000288,1.0,0.0,204040.0,0.331,meditative,Low,2024.0,3.4006666666666665
0.539,128.713,0.722,ambient,-11.319,0.106,0.591,"Show Dem Camp, The Cavemen., Ruti, Nsikak David",5.0,0.298,36,No Love In Lagos,Meditative Vibes,Train,2024-08-09,0.0324,0.0,3.0,190246.0,0.752,meditative,Low,2024.0,3.1707666666666667
0.424,100.51,0.537,ambient,-9.199,0.124,0.455,Asake,4.0,0.195,61,Lungu Boy,Meditative Vibes,My Heart,2024-08-08,1.64e-05,0.0,4.0,197035.0,0.736,meditative,Low,2024.0,3.283916666666667
0.339,123.425,0.485,ambient,-10.679,0.153,0.667,"Boj, Gyakie",3.0,0.0414,29,12 Summers,Meditative Vibes,Therapy Session,2024-07-25,4.1e-05,1.0,1.0,167528.0,0.777,meditative,Low,2024.0,2.792133333333333
0.649,94.482,0.495,ambient,-6.789,0.377,0.53,Seyi Vibez,5.0,0.421,58,Loseyi Professor,Meditative Vibes,Lagos,2024-07-12,0.0,1.0,0.0,145003.0,0.573,meditative,Low,2024.0,2.416716666666667
0.227,119.796,0.561,ambient,-9.946,0.102,0.149,"Fireboy DML, Jon Batiste",4.0,0.0353,51,adedamola,Meditative Vibes,ready,2024-08-28,5.07e-05,0.0,0.0,205851.0,0.947,meditative,Low,2024.0,3.43085
0.425,81.084,0.533,ambient,-8.427,0.118,0.464,Asake,3.0,0.152,66,Lungu Boy,Meditative Vibes,Worldwide,2024-08-08,0.000158,0.0,5.0,182976.0,0.692,meditative,Low,2024.0,3.0496
0.596,112.962,0.596,ambient,-7.727,0.099,0.114,"Ashidapo, Asake",4.0,0.051,46,BROTHER,Meditative Vibes,BROTHER,2024-07-05,0.0,1.0,11.0,138960.0,0.338,meditative,Low,2024.0,2.316
0.512,116.945,0.784,ambient,-8.694,0.312,0.842,Burna Boy,4.0,0.0944,63,Higher,Meditative Vibes,Higher,2024-06-27,0.000334,1.0,0.0,137631.0,0.0951,meditative,Low,2024.0,2.29385
0.547,89.97,0.83,ambient,-9.642,0.105,0.495,"Show Dem Camp, The Cavemen., Nsikak David",4.0,0.173,30,No Love In Lagos,Meditative Vibes,Why,2024-08-09,0.0228,1.0,2.0,161813.0,0.69,meditative,Low,2024.0,2.6968833333333335
0.476,193.883,0.637,ambient,-8.968,0.103,0.572,"Boj, Ajebutter22",4.0,0.347,37,12 Summers,Meditative Vibes,Gbemidebe,2024-07-25,0.0285,1.0,1.0,150015.0,0.504,meditative,Low,2024.0,2.50025
0.672,96.003,0.694,ambient,-5.527,0.277,0.804,"Ayra Starr, Seyi Vibez",4.0,0.127,59,Bad Vibes,Meditative Vibes,Bad Vibes (feat. Seyi Vibez),2024-05-09,0.0,0.0,1.0,168407.0,0.307,meditative,Low,2024.0,2.806783333333333
0.494,103.091,0.739,ambient,-10.656,0.122,0.476,"Show Dem Camp, The Cavemen., Nsikak David",4.0,0.228,23,Johni,Meditative Vibes,Johni,2024-07-26,0.00571,1.0,7.0,216262.0,0.0979,meditative,Low,2024.0,3.6043666666666665
0.699,66.953,0.621,ambient,-5.164,0.287,0.49,Olamide,5.0,0.369,55,"Ikigai / 生き甲斐, Vol. 1",Meditative Vibes,Hello Habibi,2024-06-26,0.0,0.0,4.0,136732.0,0.437,meditative,Low,2024.0,2.2788666666666666
0.767,104.998,0.758,ambient,-8.568,0.0836,0.743,Seyi Vibez,4.0,0.301,51,Loseyi Professor,Meditative Vibes,Abu Dhabi,2024-07-12,9.05e-05,0.0,9.0,138880.0,0.706,meditative,Low,2024.0,2.3146666666666667
0.661,127.484,0.769,ambient,-5.505,0.121,0.843,"KAESTYLE, Omah Lay",3.0,0.157,62,My Dealer,Meditative Vibes,My Dealer,2024-05-17,2.24e-05,1.0,6.0,137012.0,0.585,meditative,Low,2024.0,2.283533333333333
0.691,203.894,0.534,ambient,-8.121,0.155,0.343,Seyi Vibez,4.0,0.428,66,Loseyi Professor,Meditative Vibes,Doha,2024-07-12,6.88e-05,0.0,5.0,164317.0,0.421,meditative,Low,2024.0,2.7386166666666667
0.737,160.817,0.623,ambient,-5.721,0.225,0.409,"Olamide, Pheelz, Young Jonn, Lil Kesh",5.0,0.427,52,"Ikigai / 生き甲斐, Vol. 1",Meditative Vibes,"Synchro System (feat. Pheelz, Young Jonn & Lil Kesh)",2024-06-26,0.0,0.0,11.0,163468.0,0.464,meditative,Low,2024.0,2.724466666666667
0.59,113.2,0.621,ambient,-6.852,0.209,0.421,Asake,4.0,0.132,59,Lungu Boy,Meditative Vibes,Skating,2024-08-08,0.0,1.0,8.0,176382.0,0.0546,meditative,Low,2024.0,2.9397
0.611,97.903,0.631,ambient,-8.925,0.12,0.543,"Show Dem Camp, The Cavemen., Tim Lyre, Nsikak David",4.0,0.156,34,No Love In Lagos,Meditative Vibes,Buga,2024-08-09,0.211,1.0,0.0,179125.0,0.563,meditative,Low,2024.0,2.9854166666666666
0.778,112.946,0.82,ambient,-4.57,0.209,0.878,"Fireboy DML, Lagbaja",4.0,0.0704,59,adedamola,Meditative Vibes,back n forth,2024-08-28,0.0,1.0,8.0,212667.0,0.253,meditative,Low,2024.0,3.54445
0.841,124.0,0.826,ambient,-5.724,0.0511,0.744,Asake,4.0,0.0588,59,Lungu Boy,Meditative Vibes,Ligali,2024-08-08,0.00293,0.0,11.0,173237.0,0.0402,meditative,Low,2024.0,2.8872833333333334
0.663,109.979,0.8,ambient,-9.608,0.0929,0.863,"Victony, Asake",4.0,0.164,56,Stubborn (with Asake),Meditative Vibes,Stubborn (with Asake),2024-05-10,0.0,0.0,9.0,176333.0,0.453,meditative,Low,2024.0,2.9388833333333335
0.549,95.021,0.776,ambient,-14.509,0.0868,0.679,Odeal,4.0,0.0574,66,Sunday At Zuri's,Meditative Vibes,Soh-Soh,2024-07-05,0.0149,0.0,9.0,184424.0,0.0578,meditative,Low,2024.0,3.073733333333333
0.757,109.986,0.786,ambient,-8.05,0.0951,0.879,Victony,4.0,0.149,50,Stubborn,Meditative Vibes,"Ba$tard, Don't Be Silly",2024-06-21,5.39e-06,0.0,9.0,176333.0,0.416,meditative,Low,2024.0,2.9388833333333335
0.847,92.97,0.765,ambient,-1.832,0.0485,0.794,"Asake, LUDMILLA",4.0,0.0566,56,Lungu Boy,Meditative Vibes,Whine,2024-08-08,0.0,0.0,4.0,178064.0,0.128,meditative,Low,2024.0,2.9677333333333333
0.745,67.818,0.489,ambient,-5.454,0.198,0.665,"Larry Gaaga, Patoranking, ODUMODUBLVCK",3.0,0.414,54,Devil Wears White,Meditative Vibes,Devil Wears White,2024-05-17,0.0,0.0,10.0,190435.0,0.414,meditative,Low,2024.0,3.1739166666666665
0.656,97.951,0.77,ambient,-8.798,0.0597,0.874,"DJ Tunez, Wizkid, Seyi Vibez, Terry Apala",4.0,0.133,60,"APALA DISCO (feat. Wizkid, Seyi Vibez & Terry Apala) [Remix]",Meditative Vibes,"APALA DISCO (feat. Wizkid, Seyi Vibez & Terry Apala) - Remix",2024-06-21,0.0,0.0,4.0,215517.0,0.299,meditative,Low,2024.0,3.59195
0.61,127.086,0.827,ambient,-6.672,0.0563,0.92,"Skiibii, Don Jazzy",4.0,0.201,34,Open Bareta,Meditative Vibes,Open Bareta,2024-06-21,0.0,1.0,1.0,163527.0,0.397,meditative,Low,2024.0,2.72545
0.715,106.082,0.629,ambient,-7.226,0.0567,0.541,Dai Verse,4.0,0.134,49,Salt,Meditative Vibes,Salt,2024-03-29,0.00034,1.0,8.0,185660.0,0.0913,meditative,Low,2024.0,3.094333333333333
0.721,60.742,0.482,ambient,-7.642,0.684,0.683,"Giggs, Lojay",5.0,0.424,33,Zero Tolerance,Meditative Vibes,Hallelujah (feat. Lojay),2023-08-18,9.67e-06,0.0,4.0,229340.0,0.181,meditative,Low,2023.0,3.8223333333333334
0.564,95.005,0.72,ambient,-11.816,0.076,0.765,Tems,4.0,0.0852,50,Born in the Wild,Meditative Vibes,Hold On,2024-06-06,0.121,1.0,6.0,245411.0,0.27,meditative,Low,2024.0,4.090183333333333
0.52,111.036,0.951,ambient,-6.919,0.055,0.668,"JAE5, NSG",4.0,0.24,40,Normally (feat. NSG),Meditative Vibes,Normally (feat. NSG),2024-05-23,0.00171,1.0,7.0,164707.0,0.225,meditative,Low,2024.0,2.7451166666666666
0.633,99.127,0.502,ambient,-6.215,0.112,0.466,Ayra Starr,4.0,0.311,46,The Year I Turned 21,Meditative Vibes,Lagos Love Story,2024-05-30,0.0,0.0,1.0,155696.0,0.253,meditative,Low,2024.0,2.5949333333333335
0.786,192.408,0.415,ambient,-5.604,0.153,0.458,Qing Madi,4.0,0.172,63,Qing Madi,Meditative Vibes,American Love,2023-11-17,0.0,0.0,0.0,189016.0,0.379,meditative,Low,2023.0,3.1502666666666665
0.657,100.104,0.887,ambient,-5.784,0.106,0.932,Fireboy DML,4.0,0.0908,61,everyday,Meditative Vibes,everyday,2024-05-02,0.000363,1.0,9.0,166350.0,0.153,meditative,Low,2024.0,2.7725
0.553,72.949,0.553,ambient,-6.818,0.0715,0.664,Tekno,3.0,0.305,52,Pana,Meditative Vibes,Pana,2016-12-20,0.0581,0.0,6.0,242893.0,0.305,meditative,Low,2016.0,4.048216666666667
0.566,96.937,0.852,ambient,-8.8,0.0852,0.54,"CKay, Olamide",4.0,0.093,61,WAHALA (FEAT. OLAMIDE),Meditative Vibes,WAHALA (feat. Olamide),2024-04-19,0.00951,0.0,9.0,170722.0,0.221,meditative,Low,2024.0,2.8453666666666666
0.79,135.915,0.654,ambient,-5.507,0.0714,0.758,"Ayra Starr, Asake",5.0,0.279,57,The Year I Turned 21,Meditative Vibes,Goodbye (Warm Up)(feat. Asake),2024-05-30,1.52e-05,0.0,1.0,163114.0,0.00626,meditative,Low,2024.0,2.718566666666667
0.562,96.234,0.772,ambient,-7.431,0.1,0.885,Kizz Daniel,4.0,0.215,63,TZA,Meditative Vibes,Showa,2024-03-11,7.24e-05,0.0,5.0,175637.0,0.776,meditative,Low,2024.0,2.9272833333333335
0.745,56.957,0.581,ambient,-5.121,0.111,0.624,"LADIPOE, Rozzz, Morrelo",5.0,0.321,38,Hallelujah,Meditative Vibes,Hallelujah,2024-04-19,0.0,0.0,3.0,198710.0,0.196,meditative,Low,2024.0,3.3118333333333334
0.587,112.029,0.796,ambient,-8.539,0.121,0.585,"ODUMODUBLVCK, Blaqbonez, Lekaa Beats",4.0,0.15,54,TECHNICIAN,Meditative Vibes,TECHNICIAN (feat. Blaqbonez & Lekaa Beats),2024-04-19,2.99e-06,0.0,2.0,156429.0,0.208,meditative,Low,2024.0,2.60715
0.747,98.111,0.584,ambient,-4.726,0.149,0.798,"Wizkid, Zlatan",4.0,0.258,60,S2,Meditative Vibes,IDK (feat. Zlatan),2023-12-21,0.0013,0.0,10.0,180638.0,0.105,meditative,Low,2023.0,3.0106333333333333
0.671,103.126,0.74,ambient,-5.286,0.215,0.863,Lamii,4.0,0.232,25,Merrily,Meditative Vibes,Merrily,2024-03-22,0.00175,0.0,1.0,153786.0,0.197,meditative,Low,2024.0,2.5631
0.71,109.922,0.843,ambient,-4.809,0.107,0.448,Skiibii,4.0,0.0475,33,Steeze,Meditative Vibes,Steeze,2024-06-28,3.55e-06,0.0,8.0,150622.0,0.0739,meditative,Low,2024.0,2.5103666666666666
0.714,132.839,0.545,ambient,-6.77,0.106,0.816,Seyi Vibez,5.0,0.145,46,NAHAMciaga,Meditative Vibes,Cana,2023-12-08,0.000371,1.0,8.0,140000.0,0.285,meditative,Low,2023.0,2.3333333333333335
0.586,66.009,0.52,ambient,-7.895,0.386,0.476,Shallipopi,3.0,0.283,41,Shakespopi,Meditative Vibes,Dey,2024-04-11,0.0,0.0,3.0,175219.0,0.556,meditative,Low,2024.0,2.9203166666666664
0.568,109.951,0.749,ambient,-4.627,0.191,0.569,Wizkid,4.0,0.169,49,S2,Meditative Vibes,Energy,2023-12-21,0.00114,0.0,11.0,181014.0,0.546,meditative,Low,2023.0,3.0169
0.611,100.011,0.774,ambient,-7.077,0.116,0.808,"Chris Brown, Davido, Lojay",4.0,0.126,60,Sensational (feat. Davido & Lojay),Meditative Vibes,Sensational (feat. Davido & Lojay),2023-10-20,0.0,1.0,6.0,231109.0,0.108,meditative,Low,2023.0,3.8518166666666667
0.529,92.044,0.744,ambient,-6.559,0.105,0.795,"Tems, J. Cole",4.0,0.0543,65,Born in the Wild,Meditative Vibes,Free Fall (feat. J. Cole),2024-06-06,0.0447,0.0,9.0,192065.0,0.469,meditative,Low,2024.0,3.2010833333333335
0.658,104.972,0.827,ambient,-6.364,0.144,0.551,"Ruger, Bnxn",4.0,0.0603,51,Romeo Must Die (RMD),Meditative Vibes,Romeo Must Die (RMD),2024-02-29,7e-05,0.0,6.0,160000.0,0.299,meditative,Low,2024.0,2.6666666666666665
0.788,100.029,0.759,ambient,-4.776,0.0644,0.743,Wizkid,4.0,0.095,56,S2,Meditative Vibes,Diamonds,2023-12-21,3.67e-05,1.0,1.0,149171.0,0.0485,meditative,Low,2023.0,2.4861833333333334
0.651,67.813,0.49,ambient,-6.259,0.108,0.567,"Ayo Maff, Fireboy DML",5.0,0.138,68,Dealer,Meditative Vibes,Dealer,2024-04-16,7.59e-06,1.0,11.0,180594.0,0.714,meditative,Low,2024.0,3.0099
0.793,102.053,0.8,ambient,-5.066,0.852,0.635,Ayra Starr,4.0,0.101,47,The Year I Turned 21,Meditative Vibes,Control,2024-05-30,3.51e-06,0.0,7.0,153913.0,0.242,meditative,Low,2024.0,2.5652166666666667
0.754,115.02,0.811,ambient,-6.868,0.119,0.451,"Ruger, Bnxn",4.0,0.0603,61,RnB,Meditative Vibes,Ilashe,2024-04-17,0.000247,0.0,8.0,160885.0,0.0372,meditative,Low,2024.0,2.681416666666667
0.744,104.991,0.806,ambient,-5.377,0.104,0.765,"Sarz, Asake, Gunna",4.0,0.0392,66,Happiness (feat. Asake & Gunna),Meditative Vibes,Happiness (feat. Asake & Gunna),2023-12-07,0.395,0.0,10.0,174744.0,0.187,meditative,Low,2023.0,2.9124
0.652,113.988,0.78,ambient,-6.548,0.156,0.577,"Ruger, Bnxn",4.0,0.143,55,POE,Meditative Vibes,POE,2024-04-10,0.0,1.0,5.0,206000.0,0.64,meditative,Low,2024.0,3.433333333333333
0.811,113.09,0.785,ambient,-5.477,0.114,0.501,Shallipopi,4.0,0.133,58,Shakespopi,Meditative Vibes,High Tension,2024-04-11,0.0,0.0,10.0,180288.0,0.159,meditative,Low,2024.0,3.0048
0.827,89.163,0.617,ambient,-5.896,0.537,0.682,Shallipopi,4.0,0.33,57,Shakespopi,Meditative Vibes,ASAP,2024-04-11,1.87e-05,1.0,0.0,160375.0,0.155,meditative,Low,2024.0,2.6729166666666666
0.876,112.47,0.746,ambient,-5.972,0.205,0.93,"Blaqbonez, Jeriq",3.0,0.147,49,Emeka Must Shine,Meditative Vibes,NYEM EGO (feat. Jeriq),2023-10-27,0.000141,0.0,6.0,155500.0,0.568,meditative,Low,2023.0,2.591666666666667
0.562,121.958,0.807,ambient,-7.782,0.278,0.259,Black Sherif,4.0,0.101,58,The Villain I Never Was,Meditative Vibes,Oil in my Head,2022-10-05,0.000123,1.0,9.0,149537.0,0.264,meditative,Low,2022.0,2.4922833333333334
0.668,102.06,0.868,ambient,-6.096,0.111,0.612,"Ajebo Hustlers, Zlatan, Blaqbonez",4.0,0.335,41,Bad Boy Etiquette 102: Continuous Assessment,Meditative Vibes,Dreams II,2024-05-03,3.56e-06,1.0,8.0,237647.0,0.164,meditative,Low,2024.0,3.9607833333333335
0.573,91.875,0.734,ambient,-8.413,0.294,0.0673,"Mr Eazi, Joeboy",4.0,0.113,23,The Evil Genius,Meditative Vibes,Zuzulakate,2023-10-27,0.0,0.0,4.0,169613.0,0.0706,meditative,Low,2023.0,2.8268833333333334
0.778,94.079,0.578,ambient,-5.672,0.135,0.318,Black Sherif,4.0,0.158,46,January 9th,Meditative Vibes,January 9th,2024-01-08,0.0,1.0,1.0,222882.0,0.147,meditative,Low,2024.0,3.7147
0.625,66.494,0.527,ambient,-4.528,0.116,0.458,"NSG, Seyi Vibez",5.0,0.365,40,AREA BOYZ,Meditative Vibes,AREA BOYZ PRAYER (feat. Seyi Vibez),2023-10-20,3.7e-05,1.0,4.0,250920.0,0.349,meditative,Low,2023.0,4.182
0.528,102.067,0.584,ambient,-8.829,0.13,0.283,"ODUMODUBLVCK, Black Sherif",4.0,0.343,65,EZIOKWU (UNCUT),Meditative Vibes,WOTOWOTO SEASONING (feat. Black Sherif),2023-12-01,0.00566,0.0,1.0,171089.0,0.658,meditative,Low,2023.0,2.8514833333333334
0.721,68.196,0.631,ambient,-7.435,0.433,0.801,Burna Boy,5.0,0.406,46,I Told Them...,Meditative Vibes,Normal,2023-08-24,3.52e-06,0.0,4.0,124819.0,0.468,meditative,Low,2023.0,2.0803166666666666
0.744,96.033,0.826,ambient,-6.382,0.27,0.544,Shallipopi,4.0,0.297,50,Shakespopi,Meditative Vibes,100,2024-04-11,1.6e-06,1.0,6.0,172560.0,0.0688,meditative,Low,2024.0,2.876
0.681,137.444,0.619,ambient,-6.108,0.1,0.507,"Bnxn, Headie One",5.0,0.255,47,"Sincerely, Benson",Meditative Vibes,Maximum Damage (feat. Headie One),2023-10-04,2.82e-05,0.0,11.0,171765.0,0.569,meditative,Low,2023.0,2.86275
0.484,60.83,0.653,ambient,-6.337,0.267,0.23,"Blaqbonez, Projexx",5.0,0.273,37,Emeka Must Shine,Meditative Vibes,6 BUSINESS DAYS (feat. Projexx),2023-10-27,1.8e-06,1.0,8.0,159477.0,0.112,meditative,Low,2023.0,2.65795
0.6,138.775,0.708,ambient,-7.874,0.276,0.549,Black Sherif,4.0,0.107,50,Take Care of Yourself Blacko,Meditative Vibes,SIMMER DOWN,2023-08-09,0.0,1.0,2.0,178341.0,0.749,meditative,Low,2023.0,2.97235
0.658,135.987,0.599,ambient,-6.644,0.0947,0.56,"NSG, Steel Banglez, ODUMODUBLVCK",5.0,0.358,45,AREA BOYZ,Meditative Vibes,CORLEONE (feat. ODUMODUBLVCK & Steel Banglez),2023-10-20,0.0,0.0,10.0,229440.0,0.34,meditative,Low,2023.0,3.824
0.633,97.995,0.786,ambient,-11.602,0.0696,0.954,"DJ Tunez, Terry Apala",4.0,0.0572,47,APALA DISCO,Meditative Vibes,APALA DISCO,2023-11-01,0.000918,0.0,4.0,301951.0,0.178,meditative,Low,2023.0,5.032516666666667
0.753,104.151,0.636,ambient,-7.133,0.379,0.763,"Mr Eazi, Angelique Kidjo",4.0,0.384,22,The Evil Genius,Meditative Vibes,Òròkórò,2023-10-27,0.0,1.0,6.0,189283.0,0.13,meditative,Low,2023.0,3.154716666666667
0.774,180.04,0.668,ambient,-6.099,0.408,0.63,"Davido, The Cavemen., Angelique Kidjo",4.0,0.207,49,Timeless,Meditative Vibes,NA MONEY (feat. The Cavemen. & Angélique Kidjo),2023-03-30,0.0,1.0,0.0,161003.0,0.175,meditative,Low,2023.0,2.6833833333333335
0.6,205.737,0.661,ambient,-7.71,0.119,0.701,"Mr Eazi, Tekno",4.0,0.236,23,The Evil Genius,Meditative Vibes,Jamboree,2023-10-27,1.81e-06,1.0,4.0,151544.0,0.301,meditative,Low,2023.0,2.525733333333333
0.547,65.517,0.674,ambient,-5.931,0.136,0.752,Burna Boy,3.0,0.255,47,I Told Them...,Meditative Vibes,Dey Play,2023-08-24,0.00471,1.0,0.0,153696.0,0.102,meditative,Low,2023.0,2.5616
0.686,105.028,0.762,ambient,-6.05,0.0979,0.746,Mr Eazi,4.0,0.105,20,The Evil Genius,Meditative Vibes,Fefe Ne Fefe,2023-10-27,0.000185,1.0,7.0,146286.0,0.189,meditative,Low,2023.0,2.4381
0.706,99.964,0.877,ambient,-7.802,0.0896,0.609,Blackmagic,4.0,0.15,20,Anything for Love,Meditative Vibes,Anything for Love,2019-02-28,0.00203,1.0,2.0,201600.0,0.632,meditative,Low,2019.0,3.36
0.496,96.914,0.688,ambient,-9.28,0.191,0.423,Bnxn,4.0,0.131,54,"Sincerely, Benson",Meditative Vibes,Sweet Tea (Aduke),2023-10-04,0.291,1.0,9.0,149482.0,0.0708,meditative,Low,2023.0,2.4913666666666665
0.881,116.78,0.751,ambient,-3.802,0.37,0.6,Blaqbonez,5.0,0.264,35,Emeka Must Shine,Meditative Vibes,KILO,2023-10-27,4.35e-06,0.0,5.0,144000.0,0.218,meditative,Low,2023.0,2.4
0.586,133.693,0.574,ambient,-9.202,0.126,0.646,ODUMODUBLVCK,5.0,0.258,56,EZIOKWU,Meditative Vibes,COMMEND,2023-10-06,0.0,0.0,10.0,148800.0,0.125,meditative,Low,2023.0,2.48
0.576,81.964,0.59,ambient,-6.53,0.0876,0.694,"Bnxn, taves",4.0,0.108,41,"Sincerely, Benson",Meditative Vibes,Realize (feat. taves),2023-10-04,0.0,0.0,1.0,133564.0,0.465,meditative,Low,2023.0,2.2260666666666666
0.384,75.961,0.355,ambient,-8.438,0.118,0.775,Burna Boy,4.0,0.0387,43,I Told Them...,Meditative Vibes,If I'm Lying,2023-08-24,0.0,0.0,3.0,197248.0,0.565,meditative,Low,2023.0,3.2874666666666665
0.535,110.004,0.924,ambient,-8.105,0.0916,0.684,"ODUMODUBLVCK, Blaqbonez",4.0,0.274,43,EZIOKWU,Meditative Vibes,TESLA BOY (feat. Blaqbonez),2023-10-06,0.000201,1.0,5.0,185455.0,0.05,meditative,Low,2023.0,3.0909166666666668
0.662,103.039,0.808,ambient,-3.906,0.17,0.769,Kizz Daniel,4.0,0.153,56,Maverick,Meditative Vibes,My G,2023-07-27,0.0041,1.0,8.0,160771.0,0.397,meditative,Low,2023.0,2.6795166666666668
0.654,100.001,0.878,ambient,-6.934,0.109,0.629,Mr Eazi,4.0,0.189,40,The Evil Genius,Meditative Vibes,"Chop Time, No Friend",2023-10-27,0.0184,0.0,5.0,168150.0,0.0933,meditative,Low,2023.0,2.8025
0.735,95.992,0.898,ambient,-7.374,0.173,0.403,Olamide,4.0,0.109,61,Unruly,Meditative Vibes,Jinja,2023-08-08,0.00592,0.0,4.0,155020.0,0.113,meditative,Low,2023.0,2.583666666666667
0.721,105.935,0.571,ambient,-7.399,0.309,0.751,"ODUMODUBLVCK, Amaarae",4.0,0.276,53,EZIOKWU,Meditative Vibes,KUBOLOR (feat. Amaarae),2023-10-06,8.92e-05,0.0,4.0,129057.0,0.329,meditative,Low,2023.0,2.15095
0.83,97.766,0.531,ambient,-5.397,0.119,0.662,"Mr Eazi, Soweto Gospel Choir",4.0,0.209,22,The Evil Genius,Meditative Vibes,Exit,2023-10-27,0.000104,1.0,8.0,176380.0,0.00424,meditative,Low,2023.0,2.9396666666666667
0.792,103.016,0.846,ambient,-5.725,0.273,0.643,Burna Boy,4.0,0.127,48,I Told Them...,Meditative Vibes,On Form,2023-08-24,0.0162,1.0,1.0,223390.0,0.0219,meditative,Low,2023.0,3.7231666666666667
0.503,97.046,0.909,ambient,-7.243,0.101,0.146,Mr Eazi,4.0,0.333,19,The Evil Genius,Meditative Vibes,Mandela,2023-10-27,4.67e-05,1.0,11.0,160305.0,0.175,meditative,Low,2023.0,2.67175
0.57,159.909,0.547,ambient,-7.687,0.0886,0.325,"Bnxn, Popcaan",4.0,0.342,42,"Sincerely, Benson",Meditative Vibes,Final Answer (feat. Popcaan),2023-10-04,0.0,1.0,11.0,152333.0,0.44,meditative,Low,2023.0,2.538883333333333
0.482,92.954,0.814,ambient,-9.977,0.0881,0.646,Burna Boy,4.0,0.108,51,I Told Them...,Meditative Vibes,"Tested, Approved & Trusted",2023-08-24,2.65e-06,1.0,6.0,220394.0,0.16,meditative,Low,2023.0,3.673233333333333
0.71,109.307,0.85,ambient,-5.555,0.107,0.667,"Blaqbonez, M24",4.0,0.252,34,Emeka Must Shine,Meditative Vibes,MASQUERADE (feat. M24),2023-10-27,0.0,0.0,1.0,167217.0,0.175,meditative,Low,2023.0,2.78695
0.719,101.053,0.884,ambient,-3.811,0.23,0.379,Bnxn,4.0,0.141,42,"Sincerely, Benson",Meditative Vibes,Right Energy,2023-10-04,0.000573,0.0,5.0,154799.0,0.188,meditative,Low,2023.0,2.5799833333333333
0.616,100.008,0.825,ambient,-7.585,0.131,0.596,Burna Boy,4.0,0.138,60,I Told Them...,Meditative Vibes,City Boys,2023-08-24,0.0,0.0,2.0,153347.0,0.0652,meditative,Low,2023.0,2.5557833333333333
0.798,155.313,0.553,ambient,-5.856,0.0711,0.429,"LADIPOE, Chocobantis",5.0,0.219,26,SHUT IT DOWN,Meditative Vibes,SHUT IT DOWN,2023-10-12,3.98e-05,0.0,6.0,150000.0,0.0993,meditative,Low,2023.0,2.5
0.609,106.311,0.714,ambient,-5.886,0.577,0.631,Mr Eazi,4.0,0.425,23,The Evil Genius,Meditative Vibes,Advice,2023-10-27,0.0,1.0,1.0,165996.0,0.393,meditative,Low,2023.0,2.7666
0.677,86.875,0.459,ambient,-4.717,0.0797,0.311,Bnxn,4.0,0.415,42,"Sincerely, Benson",Meditative Vibes,My Life,2023-10-04,0.00351,0.0,7.0,180680.0,0.208,meditative,Low,2023.0,3.0113333333333334
0.742,107.038,0.834,ambient,-6.237,0.313,0.501,Adekunle Gold,4.0,0.0656,30,Tequila Ever After,Meditative Vibes,Omo Eko,2023-07-28,0.00699,0.0,11.0,153675.0,0.428,meditative,Low,2023.0,2.56125
0.838,111.984,0.687,ambient,-6.417,0.202,0.79,"ODUMODUBLVCK, Bloody Civilian, Wale",4.0,0.145,62,EZIOKWU,Meditative Vibes,BLOOD ON THE DANCE FLOOR (feat. Bloody Civilian and Wale),2023-10-06,4.4e-05,0.0,1.0,233571.0,0.261,meditative,Low,2023.0,3.89285
0.692,113.013,0.828,ambient,-9.785,0.108,0.417,Shallipopi,4.0,0.242,36,Shakespopi,Meditative Vibes,Start Am,2024-04-11,0.0,0.0,1.0,174237.0,0.55,meditative,Low,2024.0,2.90395
0.765,105.249,0.634,ambient,-8.112,0.153,0.433,"Olamide, Rema",4.0,0.192,43,Unruly,Meditative Vibes,Mukulu,2023-08-08,0.0,0.0,1.0,227448.0,0.635,meditative,Low,2023.0,3.7908
0.821,167.044,0.654,ambient,-4.232,0.112,0.2,"Blaqbonez, ODUMODUBLVCK",4.0,0.274,47,Emeka Must Shine,Meditative Vibes,DOLLERZ (feat. ODUMODUBLVCK),2023-10-27,0.000192,0.0,1.0,174038.0,0.163,meditative,Low,2023.0,2.9006333333333334
0.69,114.633,0.58,ambient,-6.897,0.209,0.672,"Bnxn, 2Baba",5.0,0.0997,54,"Sincerely, Benson",Meditative Vibes,Regret (feat. 2Baba),2023-10-04,0.000251,1.0,5.0,194954.0,0.187,meditative,Low,2023.0,3.249233333333333
0.582,178.943,0.72,ambient,-7.854,0.231,0.804,Blaqbonez,4.0,0.297,43,Like Ice Spice / Bezos,Meditative Vibes,LIKE ICE SPICE,2023-07-07,0.0,0.0,3.0,123435.0,0.126,meditative,Low,2023.0,2.05725
0.626,96.036,0.829,ambient,-6.412,0.112,0.716,"NSG, Libianca, JAE5",4.0,0.0899,46,AREA BOYZ,Meditative Vibes,TONIGHT (feat. Libianca & Jae5),2023-10-20,0.000132,1.0,5.0,211874.0,0.508,meditative,Low,2023.0,3.5312333333333332
0.43,99.933,0.841,ambient,-6.006,0.101,0.67,Bnxn,4.0,0.205,41,"Sincerely, Benson",Meditative Vibes,Mukulu,2023-10-04,0.000712,1.0,7.0,163224.0,0.698,meditative,Low,2023.0,2.7204
0.525,118.491,0.62,ambient,-7.344,0.122,0.958,NSG,5.0,0.517,26,AREA BOYZ,Meditative Vibes,AZONTO,2023-10-20,0.0,0.0,5.0,191440.0,0.207,meditative,Low,2023.0,3.1906666666666665
0.649,98.003,0.738,ambient,-5.511,0.215,0.677,"Burna Boy, Dave",4.0,0.167,44,I Told Them...,Meditative Vibes,Cheat On Me (feat. Dave),2023-08-24,0.0,1.0,4.0,222640.0,0.119,meditative,Low,2023.0,3.7106666666666666
0.5,116.058,0.569,ambient,-4.482,0.148,0.118,Bnxn,5.0,0.239,63,"Sincerely, Benson",Meditative Vibes,Pidgin & English,2023-10-04,0.0,0.0,6.0,218657.0,0.183,meditative,Low,2023.0,3.6442833333333335
0.879,94.77,0.648,ambient,-6.67,0.0898,0.624,Burna Boy,4.0,0.158,32,Big 7,Meditative Vibes,Big 7,2023-07-27,0.0,1.0,8.0,143043.0,0.117,meditative,Low,2023.0,2.38405
0.811,99.699,0.752,ambient,-6.185,0.454,0.563,Olamide,4.0,0.385,39,Unruly,Meditative Vibes,Street Jam,2023-08-08,0.0,1.0,0.0,127819.0,0.369,meditative,Low,2023.0,2.130316666666667
0.646,95.464,0.596,ambient,-8.083,0.109,0.591,"Rema, AJ Tracey",4.0,0.0998,34,FYN,Meditative Vibes,FYN,2022-03-11,0.0,0.0,9.0,207474.0,0.255,meditative,Low,2022.0,3.4579
0.536,103.999,0.837,ambient,-5.05,0.26,0.812,Kizz Daniel,4.0,0.373,33,Maverick,Meditative Vibes,Blood Is Thicker,2023-07-27,0.000774,1.0,0.0,147896.0,0.481,meditative,Low,2023.0,2.464933333333333
0.612,100.245,0.741,ambient,-7.327,0.133,0.496,Bnxn,4.0,0.145,50,"Sincerely, Benson",Meditative Vibes,Best Of Me,2023-10-04,5.81e-06,0.0,9.0,231152.0,0.204,meditative,Low,2023.0,3.852533333333333
0.647,90.012,0.719,ambient,-7.332,0.102,0.471,Olamide,4.0,0.143,41,Unruly,Meditative Vibes,Celebrate,2023-08-08,6.75e-06,1.0,7.0,176007.0,0.174,meditative,Low,2023.0,2.93345
0.746,132.852,0.819,ambient,-6.087,0.103,0.23,Olamide,5.0,0.309,32,Unruly,Meditative Vibes,Hardcore,2023-08-08,0.000216,0.0,11.0,136819.0,0.0692,meditative,Low,2023.0,2.2803166666666668
0.511,102.935,0.925,ambient,-6.805,0.13,0.554,"Burna Boy, Byron Messia",4.0,0.298,35,Talibans II,Meditative Vibes,Talibans II,2023-07-20,3.58e-06,0.0,9.0,176454.0,0.241,meditative,Low,2023.0,2.9409
0.57,70.069,0.529,ambient,-7.491,0.148,0.734,"Olamide, Bnxn",3.0,0.392,42,Unruly,Meditative Vibes,Come Alive,2023-08-08,7.33e-06,0.0,6.0,200458.0,0.347,meditative,Low,2023.0,3.3409666666666666
0.563,62.624,0.703,ambient,-7.251,0.0895,0.66,"ODUMODUBLVCK, Zlatan, ECko Miles",5.0,0.408,44,PICANTO,Meditative Vibes,PICANTO,2022-11-21,0.0,0.0,3.0,184078.0,0.179,meditative,Low,2022.0,3.0679666666666665
0.849,98.044,0.783,ambient,-4.284,0.109,0.693,Burna Boy,4.0,0.0524,40,Sittin' On Top Of The World,Meditative Vibes,Sittin' On Top Of The World,2023-06-01,0.00415,1.0,8.0,159372.0,0.0264,meditative,Low,2023.0,2.6562
0.632,95.907,0.799,ambient,-7.234,0.111,0.57,Blaqbonez,4.0,0.157,24,Like Ice Spice / Bezos,Meditative Vibes,BEZOS,2023-07-07,0.0,1.0,0.0,162703.0,0.132,meditative,Low,2023.0,2.7117166666666668
0.612,113.133,0.786,ambient,-5.556,0.0976,0.415,"Olamide, Fireboy DML",4.0,0.151,39,Unruly,Meditative Vibes,Shibebe,2023-08-08,0.0,1.0,7.0,163556.0,0.161,meditative,Low,2023.0,2.7259333333333333
0.533,123.176,0.505,ambient,-9.234,0.144,0.391,Bnxn,5.0,0.197,42,"Sincerely, Benson",Meditative Vibes,Say My Name,2023-10-04,0.0,0.0,6.0,192125.0,0.187,meditative,Low,2023.0,3.2020833333333334
0.594,114.748,0.58,ambient,-7.229,0.101,0.52,"Crayon, Ayra Starr",4.0,0.317,65,Trench to Triumph,Meditative Vibes,Ngozi,2023-07-21,0.0,1.0,6.0,221217.0,0.162,meditative,Low,2023.0,3.68695
0.358,94.85,0.727,ambient,-9.078,0.107,0.31,"Joeboy, Bnxn, ODUMODUBLVCK",4.0,0.276,50,Body & Soul,Meditative Vibes,Normally,2023-05-19,7.83e-05,1.0,8.0,204632.0,0.337,meditative,Low,2023.0,3.4105333333333334
0.365,113.009,0.461,ambient,-10.537,0.152,0.294,Asake,4.0,0.0417,51,Work Of Art,Meditative Vibes,Olorun,2023-06-15,0.000611,0.0,2.0,156429.0,0.8,meditative,Low,2023.0,2.60715
0.808,111.993,0.747,ambient,-6.115,0.455,0.488,Olamide,4.0,0.159,36,Unruly,Meditative Vibes,No Worries,2023-08-08,9.13e-06,1.0,0.0,139302.0,0.155,meditative,Low,2023.0,2.3217
0.706,114.004,0.572,ambient,-9.019,0.113,0.158,Asake,4.0,0.117,54,Work Of Art,Meditative Vibes,I Believe,2023-06-15,0.0122,1.0,2.0,145263.0,0.0379,meditative,Low,2023.0,2.42105
0.872,76.228,0.424,ambient,-4.953,0.155,0.713,Patoranking,5.0,0.0668,29,HIGHER,Meditative Vibes,HIGHER,2023-08-15,0.000401,1.0,7.0,191945.0,0.0947,meditative,Low,2023.0,3.1990833333333333
0.675,113.949,0.734,ambient,-7.013,0.0584,0.755,"Pheelz, Young Jonn",4.0,0.107,55,JELO,Meditative Vibes,JELO,2023-08-31,0.0,0.0,6.0,145263.0,0.00552,meditative,Low,2023.0,2.42105
0.82,115.046,0.776,ambient,-8.071,0.195,0.576,Asake,4.0,0.0849,53,Work Of Art,Meditative Vibes,Sunshine,2023-06-15,0.089,0.0,1.0,185739.0,0.258,meditative,Low,2023.0,3.09565
0.731,113.018,0.854,ambient,-5.568,0.131,0.598,"Bnxn, Kizz Daniel, Seyi Vibez",4.0,0.0485,64,"Sincerely, Benson",Meditative Vibes,GWAGWALADA,2023-10-04,0.00548,1.0,9.0,188985.0,0.136,meditative,Low,2023.0,3.14975
0.736,76.656,0.732,ambient,-4.607,0.124,0.87,"J Hus, Drake",5.0,0.323,62,Who Told You (feat. Drake),Meditative Vibes,Who Told You (feat. Drake),2023-06-08,0.0,0.0,11.0,208917.0,0.156,meditative,Low,2023.0,3.48195
0.873,92.001,0.762,ambient,-4.532,0.122,0.453,"Wande Coal, Wizkid",4.0,0.176,54,Legend Or No Legend,Meditative Vibes,Ebelebe (feat. Wizkid),2023-05-17,0.0,0.0,11.0,209970.0,0.0245,meditative,Low,2023.0,3.4995
0.813,97.016,0.791,ambient,-5.018,0.487,0.845,Wizkid,4.0,0.0762,42,Money & Love,Meditative Vibes,Money & Love,2022-10-27,0.000341,1.0,2.0,191505.0,0.213,meditative,Low,2022.0,3.19175
0.608,97.03,0.803,ambient,-4.936,0.0775,0.667,Adekunle Gold,4.0,0.105,24,Tequila Ever After,Meditative Vibes,Kere,2023-07-28,1.48e-06,0.0,5.0,160790.0,0.101,meditative,Low,2023.0,2.6798333333333333
0.649,93.04,0.744,ambient,-6.669,0.0759,0.829,"Burna Boy, J. Cole",4.0,0.174,44,I Told Them...,Meditative Vibes,Thanks (feat. J. Cole),2023-08-24,0.0,1.0,9.0,216101.0,0.652,meditative,Low,2023.0,3.6016833333333333
0.592,94.036,0.727,ambient,-8.625,0.296,0.769,Boj,4.0,0.0587,21,Gbagada Express Vol 2: Moving Mad,Meditative Vibes,Woodwork,2023-06-02,0.751,0.0,6.0,114894.0,0.345,meditative,Low,2023.0,1.9149
0.715,98.022,0.85,ambient,-5.148,0.142,0.637,"Wande Coal, T-Pain",4.0,0.164,24,Legend Or No Legend,Meditative Vibes,Streets (feat. T-Pain),2023-05-17,1.25e-06,1.0,5.0,167017.0,0.409,meditative,Low,2023.0,2.7836166666666666
0.707,153.925,0.476,ambient,-8.688,0.333,0.606,Asake,3.0,0.0667,42,Yoga,Meditative Vibes,Yoga,2023-01-30,0.00255,0.0,9.0,168352.0,0.394,meditative,Low,2023.0,2.8058666666666667
0.462,77.421,0.387,ambient,-10.109,0.116,0.392,M.I. Abaga,4.0,0.26,15,Plan B,Meditative Vibes,Plan B,2023-06-09,0.0,1.0,11.0,258462.0,0.593,meditative,Low,2023.0,4.3077
0.744,140.057,0.761,ambient,-5.198,0.116,0.224,Wande Coal,4.0,0.0856,29,Legend Or No Legend,Meditative Vibes,Dues,2023-05-17,0.0,1.0,2.0,172117.0,0.204,meditative,Low,2023.0,2.8686166666666666
0.476,100.008,0.799,ambient,-8.935,0.123,0.294,Zlatan,4.0,0.432,39,Good Life {Freestyle},Meditative Vibes,Good Life {Freestyle},2023-06-23,0.0,0.0,5.0,92589.0,0.519,meditative,Low,2023.0,1.54315
0.505,80.332,0.482,ambient,-8.063,0.0968,0.426,"Boj, Knucks, Tay Iwar",4.0,0.261,18,Gbagada Express Vol 2: Moving Mad,Meditative Vibes,Soak Garri,2023-06-02,0.0,0.0,2.0,211807.0,0.61,meditative,Low,2023.0,3.530116666666667
0.542,185.812,0.693,ambient,-5.665,0.242,0.482,Wande Coal,4.0,0.227,23,Legend Or No Legend,Meditative Vibes,Don't Feel Love,2023-05-17,0.00024,1.0,1.0,211487.0,0.0575,meditative,Low,2023.0,3.524783333333333
0.291,183.909,0.765,ambient,-13.997,0.27,0.42,Bnxn,4.0,0.39,41,"Sincerely, Benson",Meditative Vibes,Toxic,2023-10-04,0.0179,0.0,11.0,156560.0,0.135,meditative,Low,2023.0,2.6093333333333333
0.919,149.935,0.816,ambient,-3.352,0.106,0.965,Wande Coal,4.0,0.0573,24,Legend Or No Legend,Meditative Vibes,Nobody Holy,2023-05-17,0.0,0.0,9.0,195529.0,0.386,meditative,Low,2023.0,3.2588166666666667
0.555,61.256,0.541,ambient,-7.738,0.106,0.366,"Boj, ODUMODUBLVCK",5.0,0.341,41,Gbagada Express Vol 2: Moving Mad,Meditative Vibes,No Option,2023-06-02,0.000523,0.0,9.0,152947.0,0.124,meditative,Low,2023.0,2.5491166666666665
0.647,128.491,0.663,ambient,-7.492,0.0909,0.691,Rema,4.0,0.265,46,Rave & Roses (Ultra),Meditative Vibes,HOV,2023-04-28,0.0,0.0,10.0,138750.0,0.338,meditative,Low,2023.0,2.3125
0.654,124.387,0.581,ambient,-5.87,0.301,0.687,Zinoleesky,5.0,0.285,56,Many Things,Meditative Vibes,Many Things,2023-04-21,2e-05,1.0,11.0,167882.0,0.345,meditative,Low,2023.0,2.798033333333333
0.701,111.998,0.859,ambient,-7.65,0.149,0.564,"Davido, Morravey",4.0,0.0723,46,Timeless,Meditative Vibes,IN THE GARDEN (feat. Morravey),2023-03-30,0.000113,1.0,2.0,165000.0,0.0816,meditative,Low,2023.0,2.75
0.682,93.949,0.784,ambient,-4.364,0.0976,0.839,Wande Coal,4.0,0.31,18,Let Them Know,Meditative Vibes,Let Them Know,2023-04-19,0.0,0.0,11.0,204382.0,0.0725,meditative,Low,2023.0,3.4063666666666665
0.854,160.044,0.679,ambient,-4.896,0.642,0.629,Juls,4.0,0.0868,20,Nanny Riddim,Meditative Vibes,Nanny Riddim,2023-04-18,0.86,1.0,1.0,236000.0,0.0276,meditative,Low,2023.0,3.933333333333333
0.644,142.724,0.778,ambient,-5.542,0.117,0.47,"Zinoleesky, Omah Lay",5.0,0.323,54,Grit & Lust,Meditative Vibes,Last Time,2022-12-23,0.000115,1.0,0.0,153523.0,0.0625,meditative,Low,2022.0,2.5587166666666668
0.594,104.855,0.835,ambient,-6.426,0.0577,0.645,"Nonso Amadi, Zinoleesky",4.0,0.177,33,Lock Up,Meditative Vibes,Lock Up,2023-03-24,0.000713,0.0,6.0,223006.0,0.248,meditative,Low,2023.0,3.7167666666666666
0.667,96.058,0.76,ambient,-6.957,0.096,0.541,Rema,4.0,0.0369,56,Rave & Roses (Ultra),Meditative Vibes,Charm,2023-04-28,0.0,0.0,4.0,204750.0,0.574,meditative,Low,2023.0,3.4125
0.557,108.018,0.931,ambient,-7.029,0.122,0.501,"Ice Prince, J-Milla, Yung L",4.0,0.128,22,Everybody Loves Ice Prince,Meditative Vibes,Magician (feat. J Milla & Yung L),2011-10-09,0.0,1.0,1.0,232942.0,0.0254,meditative,Low,2011.0,3.8823666666666665
0.821,111.032,0.534,ambient,-7.463,0.078,0.509,JayO,5.0,0.107,63,22,Meditative Vibes,22,2023-02-22,1.02e-05,1.0,5.0,142120.0,0.693,meditative,Low,2023.0,2.3686666666666665
0.611,94.999,0.704,ambient,-7.894,0.191,0.749,"Davido, Logos olori",4.0,0.0721,42,Timeless,Meditative Vibes,PICASSO (feat. Logos Olori),2023-03-30,0.0138,0.0,9.0,155368.0,0.58,meditative,Low,2023.0,2.5894666666666666
0.743,102.716,0.727,ambient,-7.223,0.133,0.431,Ajebo Hustlers,4.0,0.179,32,You Go Know,Meditative Vibes,You Go Know,2023-03-22,0.00447,0.0,9.0,142136.0,0.366,meditative,Low,2023.0,2.368933333333333
0.671,196.505,0.418,ambient,-4.002,0.116,0.71,"Davido, Skepta",4.0,0.104,44,Timeless,Meditative Vibes,U (JUJU) (feat. Skepta),2023-03-30,1.68e-06,0.0,4.0,193273.0,0.0473,meditative,Low,2023.0,3.221216666666667
0.779,93.564,0.69,ambient,-6.113,0.0867,0.633,ODUMODUBLVCK,4.0,0.231,44,DECLAN RICE,Meditative Vibes,DECLAN RICE,2023-03-23,0.00587,1.0,7.0,124000.0,0.0297,meditative,Low,2023.0,2.066666666666667
0.574,133.112,0.831,ambient,-5.329,0.175,0.579,Davido,5.0,0.119,53,Timeless,Meditative Vibes,FOR THE ROAD,2023-03-30,0.00137,1.0,0.0,147021.0,0.0644,meditative,Low,2023.0,2.45035
0.536,96.803,0.748,ambient,-4.702,0.223,0.624,Pheelz,4.0,0.0978,22,Pheelz Good,Meditative Vibes,Ballin,2023-02-10,0.000885,1.0,0.0,154645.0,0.425,meditative,Low,2023.0,2.5774166666666667
0.694,97.117,0.772,ambient,-9.426,0.143,0.529,"Young Jonn, Olamide",4.0,0.12,50,Currency,Meditative Vibes,Currency,2023-02-08,0.0147,1.0,0.0,178144.0,0.562,meditative,Low,2023.0,2.9690666666666665
0.542,109.956,0.736,ambient,-7.362,0.101,0.766,Zinoleesky,4.0,0.215,38,Personal,Meditative Vibes,Personal,2022-12-16,0.0,0.0,2.0,143453.0,0.452,meditative,Low,2022.0,2.3908833333333335
0.000947,71.912,0.158,ambient,-42.911,0.137,0.0325,Joseff Shields,3.0,0.0507,53,Doldrums,Ambient Chill,Doldrums,2024-03-08,0.969,1.0,0.0,165000.0,0.986,chill,Low,2024.0,2.75
0.00253,133.059,0.157,ambient,-38.091,0.113,0.0369,So Lis,5.0,0.0565,51,Cosmos,Ambient Chill,Cosmos,2024-08-11,0.944,1.0,1.0,178600.0,0.956,chill,Low,2024.0,2.9766666666666666
0.000778,69.847,0.133,ambient,-36.902,0.11,0.0464,n.i.g.h.t,5.0,0.0507,53,A Place For The Mind,Ambient Chill,A Place For The Mind,2023-09-21,0.869,1.0,1.0,187727.0,0.953,chill,Low,2023.0,3.1287833333333332
0.00961,64.154,0.0602,ambient,-34.583,0.0922,0.0942,Petros Idris,4.0,0.0498,52,Simien,Ambient Chill,Simien,2021-05-28,0.989,1.0,7.0,210625.0,0.923,chill,Low,2021.0,3.5104166666666665
0.0016,142.818,0.133,ambient,-40.103,0.112,0.0315,Ageena,4.0,0.0578,53,Ceres,Ambient Chill,Ceres,2024-08-15,0.929,1.0,0.0,198000.0,0.851,chill,Low,2024.0,3.3
0.00776,138.427,0.149,ambient,-40.195,0.0983,0.0409,Medi Mindler,4.0,0.0381,54,Times,Ambient Chill,Times,2024-02-02,0.952,1.0,5.0,174601.0,0.991,chill,Low,2024.0,2.9100166666666665
0.0164,138.053,0.204,ambient,-45.193,0.111,0.037,Dreamlifter,4.0,0.0433,50,Renascence,Ambient Chill,Renascence,2024-07-05,0.94,1.0,5.0,182719.0,0.911,chill,Low,2024.0,3.0453166666666664
0.0137,137.908,0.148,ambient,-37.611,0.119,0.0382,Leya Watson,5.0,0.0422,57,Leave It All Behind,Ambient Chill,Echoes,2023-04-16,0.936,1.0,7.0,209250.0,0.972,chill,Low,2023.0,3.4875
0.00478,80.186,0.0783,ambient,-37.274,0.113,0.112,Elviras,5.0,0.0539,52,Incipits,Ambient Chill,Incipits,2022-09-22,0.95,1.0,2.0,160413.0,0.961,chill,Low,2022.0,2.67355
0.0168,68.643,0.0914,ambient,-37.17,0.11,0.0296,Reso Nata,3.0,0.0406,45,Somnova,Ambient Chill,Somnova,2024-09-22,0.969,1.0,10.0,162000.0,0.913,chill,Low,2024.0,2.7
0.0152,73.503,0.188,ambient,-32.487,0.107,0.0435,Magnolia Dreams,1.0,0.038,54,Inner Self,Ambient Chill,Inner Self,2024-08-16,0.956,1.0,0.0,158343.0,0.973,chill,Low,2024.0,2.63905
0.0455,142.405,0.137,ambient,-30.204,0.11,0.0388,DEX 1200,5.0,0.0358,49,Nightlight,Ambient Chill,Nightlight,2024-09-10,0.824,1.0,3.0,164348.0,0.863,chill,Low,2024.0,2.739133333333333
0.00438,70.706,0.14,ambient,-44.145,0.114,0.0388,Sounding Cosmos,3.0,0.0425,52,Breaking Silence,Ambient Chill,Breaking Silence,2024-03-01,0.952,0.0,10.0,200000.0,0.974,chill,Low,2024.0,3.3333333333333335
0.00949,140.739,0.142,ambient,-39.818,0.0984,0.049,Nessa Wright,3.0,0.0355,50,Incipiency,Ambient Chill,Appearance,2023-04-16,0.896,0.0,2.0,130645.0,0.993,chill,Low,2023.0,2.177416666666667
0.0117,131.199,0.159,ambient,-36.805,0.105,0.035,Alembra,4.0,0.0432,49,Circuting 417 Hz,Ambient Chill,Circuting 417 Hz,2024-05-31,0.971,1.0,8.0,181750.0,0.841,chill,Low,2024.0,3.029166666666667
0.0146,139.436,0.143,ambient,-40.946,0.0849,0.0548,Solen Taylor,3.0,0.0427,49,Subdue,Ambient Chill,Subdue,2024-03-01,0.922,1.0,0.0,156081.0,0.862,chill,Low,2024.0,2.60135
0.000487,172.224,0.0823,ambient,-34.601,0.11,0.0349,Gerda Holmes,3.0,0.0505,50,Kamala Whispers,Ambient Chill,Kamala Whispers,2023-04-07,0.873,1.0,1.0,138142.0,0.976,chill,Low,2023.0,2.3023666666666665
0.00295,68.922,0.226,ambient,-36.149,0.207,0.0347,Mareina,5.0,0.0413,48,Cove,Ambient Chill,Cove,2024-03-08,0.946,1.0,1.0,167143.0,0.967,chill,Low,2024.0,2.7857166666666666
0.000835,74.578,0.0668,ambient,-38.7,0.111,0.0357,Luna Novina,3.0,0.0534,48,Eon,Ambient Chill,Eon,2024-02-02,0.957,1.0,0.0,172432.0,0.972,chill,Low,2024.0,2.873866666666667
0.00644,69.321,0.0631,ambient,-34.111,0.107,0.0639,Anders Schill Paulsen,4.0,0.0453,45,Meander,Ambient Chill,Meander,2024-05-31,0.87,1.0,2.0,190500.0,0.971,chill,Low,2024.0,3.175
0.00158,134.497,0.152,ambient,-43.541,0.116,0.04,Onedin,4.0,0.0472,60,Sapphire,Ambient Chill,Sapphire,2024-03-22,0.971,1.0,3.0,177000.0,0.969,chill,Low,2024.0,2.95
0.0217,142.924,0.137,ambient,-36.422,0.0818,0.0974,Flyndon,3.0,0.0408,47,luminesce,Ambient Chill,luminesce,2024-07-07,0.832,1.0,7.0,174625.0,0.951,chill,Low,2024.0,2.910416666666667
0.000816,136.037,0.148,ambient,-39.215,0.09,0.267,Placidous,1.0,0.0553,43,Exhale,Ambient Chill,Exhale,2024-11-01,0.964,1.0,3.0,178000.0,0.952,chill,Low,2024.0,2.966666666666667
0.0105,135.418,0.154,ambient,-38.116,0.103,0.0514,Aerial Lakes,4.0,0.038,54,Sublimity,Ambient Chill,Sublimity,2024-09-20,0.957,1.0,4.0,169055.0,0.958,chill,Low,2024.0,2.8175833333333333
0.0111,70.526,0.167,ambient,-35.209,0.092,0.0561,Astred,3.0,0.0379,28,Creation,Ambient Chill,Creation,2024-10-13,0.71,1.0,5.0,199871.0,0.971,chill,Low,2024.0,3.331183333333333
0.0113,139.355,0.143,ambient,-40.334,0.117,0.0398,Mauri Zeen,3.0,0.0462,46,Far Frontier,Ambient Chill,Far Frontier,2024-10-11,0.785,0.0,5.0,190941.0,0.962,chill,Low,2024.0,3.18235
0.00736,140.011,0.145,ambient,-36.296,0.116,0.0369,Heno,5.0,0.0403,32,Sealand,Ambient Chill,Sealand,2024-10-11,0.775,1.0,1.0,165000.0,0.99,chill,Low,2024.0,2.75
0.00587,139.301,0.145,ambient,-38.136,0.11,0.0371,Alma Meris,5.0,0.0444,47,Everlasting,Ambient Chill,Everlasting,2024-07-12,0.92,1.0,0.0,164000.0,0.95,chill,Low,2024.0,2.7333333333333334
0.00747,73.896,0.195,ambient,-38.997,0.135,0.0405,The Endity,4.0,0.0571,27,Chasing Infinity,Ambient Chill,Chasing Infinity,2024-11-01,0.945,1.0,2.0,150000.0,0.988,chill,Low,2024.0,2.5
0.0324,78.513,0.0716,ambient,-33.086,0.0939,0.0368,Slumber Boy,3.0,0.0445,30,Ancient Ruins,Ambient Chill,Ancient Ruins,2024-10-25,0.97,1.0,4.0,198000.0,0.94,chill,Low,2024.0,3.3
0.000952,69.919,0.185,ambient,-43.296,0.0966,0.0723,different spaces,3.0,0.0446,48,Expectations,Ambient Chill,Expectations,2024-02-02,0.956,1.0,2.0,167671.0,0.987,chill,Low,2024.0,2.7945166666666665
0.00725,71.939,0.121,ambient,-38.789,0.114,0.0334,Ganlas,4.0,0.0441,64,Rossø,Ambient Chill,Rossø,2024-07-05,0.971,1.0,2.0,152222.0,0.871,chill,Low,2024.0,2.5370333333333335
0.000539,134.125,0.152,ambient,-35.475,0.108,0.0371,Adrian Eden,5.0,0.0512,46,Bondade,Ambient Chill,Bondade,2024-07-12,0.934,1.0,3.0,205738.0,0.913,chill,Low,2024.0,3.4289666666666667
0.00375,65.669,0.117,ambient,-40.669,0.0778,0.0581,Calil,4.0,0.0363,27,Subdued,Ambient Chill,Subdued,2024-11-01,0.884,1.0,9.0,138000.0,0.992,chill,Low,2024.0,2.3
0.000237,73.664,0.172,ambient,-44.525,0.11,0.0383,Jan Garlow,4.0,0.0671,61,Reconcile,Ambient Chill,Reconcile,2024-05-10,0.967,1.0,0.0,195466.0,0.973,chill,Low,2024.0,3.2577666666666665
0.0294,136.585,0.159,ambient,-33.472,0.11,0.0311,Spatia Sonica,3.0,0.0371,52,Noctis,Ambient Chill,Noctis,2024-07-04,0.921,1.0,4.0,138750.0,0.855,chill,Low,2024.0,2.3125
0.00403,142.112,0.136,ambient,-37.261,0.109,0.0835,J. Cartwright,3.0,0.0411,46,Golden Light,Ambient Chill,Golden Light,2024-09-01,0.529,1.0,5.0,148542.0,0.951,chill,Low,2024.0,2.4757
0.00817,67.449,0.171,ambient,-35.99,0.0859,0.0355,Bright Lens,3.0,0.0449,63,Echoes Divided,Ambient Chill,Echoes Divided,2024-07-08,0.855,1.0,0.0,154000.0,0.99,chill,Low,2024.0,2.566666666666667
0.00081,134.584,0.151,ambient,-36.747,0.112,0.0389,So Lis,4.0,0.0552,60,Aurora,Ambient Chill,Aurora,2024-07-07,0.941,1.0,6.0,175720.0,0.94,chill,Low,2024.0,2.9286666666666665
0.0233,137.355,0.151,ambient,-34.52,0.107,0.0321,Silence Concertos,4.0,0.0449,45,Just Breath,Ambient Chill,Just Breath,2024-07-07,0.946,1.0,4.0,133250.0,0.942,chill,Low,2024.0,2.220833333333333
0.0808,61.999,0.22,ambient,-24.81,0.12,0.0345,Rosa Rogers,3.0,0.0342,45,Chimenarius,Ambient Chill,Chimenarius,2024-05-31,0.706,1.0,9.0,134535.0,0.896,chill,Low,2024.0,2.24225
0.0014,140.078,0.14,ambient,-41.294,0.111,0.112,Enma,4.0,0.0561,66,Somniantes,Ambient Chill,Somniantes,2024-05-31,0.965,1.0,5.0,161957.0,0.98,chill,Low,2024.0,2.6992833333333333
0.00898,137.553,0.148,ambient,-39.959,0.104,0.0632,Oceanic Voices,4.0,0.0446,62,Nightscape,Ambient Chill,"Nightscape, Pt. 1",2024-05-31,0.91,1.0,7.0,146400.0,0.86,chill,Low,2024.0,2.44
0.00322,69.321,0.173,ambient,-44.129,0.0938,0.0345,Nova Ambia,3.0,0.0383,45,Moments,Ambient Chill,Moments,2024-03-22,0.808,1.0,9.0,183899.0,0.938,chill,Low,2024.0,3.064983333333333
0.00379,140.649,0.14,ambient,-38.183,0.113,0.192,Aerial Lakes,1.0,0.0409,44,Everbloom,Ambient Chill,Everbloom,2024-05-31,0.972,1.0,7.0,162430.0,0.958,chill,Low,2024.0,2.7071666666666667
0.0557,71.766,0.127,ambient,-30.658,0.103,0.0644,Cosmic Nuit,4.0,0.0434,44,Yoga,Ambient Chill,Yoga,2024-05-17,0.819,1.0,2.0,228000.0,0.984,chill,Low,2024.0,3.8
0.0173,77.551,0.0913,ambient,-41.648,0.0999,0.039,Ayla Nenura,4.0,0.0478,44,Torpor Voices,Ambient Chill,Torpor Voices,2024-05-10,0.845,1.0,0.0,191571.0,0.811,chill,Low,2024.0,3.19285
0.000202,71.599,0.124,ambient,-43.713,0.11,0.0346,Matheo Lyon,4.0,0.0987,61,Foundation,Ambient Chill,Foundation,2024-01-19,0.972,1.0,0.0,186388.0,0.97,chill,Low,2024.0,3.1064666666666665
0.000546,141.408,0.135,ambient,-43.098,0.0908,0.0487,Elm Lake,5.0,0.0559,45,Timeless,Ambient Chill,Timeless,2024-09-27,0.97,1.0,3.0,180923.0,0.972,chill,Low,2024.0,3.0153833333333333
0.000642,71.7,0.0589,ambient,-38.447,0.114,0.424,Misha Burton,5.0,0.0618,44,Rosy,Ambient Chill,Rosy,2023-08-24,0.943,1.0,10.0,171750.0,0.961,chill,Low,2023.0,2.8625
0.00145,137.261,0.146,ambient,-41.989,0.155,0.0393,Castorum,3.0,0.0544,46,Moonlight Cicadas,Ambient Chill,Moonlight Cicadas,2023-08-14,0.96,1.0,2.0,216000.0,0.974,chill,Low,2023.0,3.6
0.00207,71.505,0.15,ambient,-45.66,0.117,0.149,Mellow Line,3.0,0.0411,52,Mahabharata,Ambient Chill,Mahabharata,2023-04-29,0.853,1.0,2.0,178000.0,0.993,chill,Low,2023.0,2.966666666666667
0.01,73.055,0.161,ambient,-38.885,0.0999,0.038,Evolutionists,4.0,0.039,44,Rapids,Ambient Chill,Rapids,2024-04-26,0.914,1.0,1.0,159685.0,0.948,chill,Low,2024.0,2.6614166666666668
0.00641,68.298,0.143,ambient,-39.151,0.102,0.0539,Huma,5.0,0.0414,66,Turtle tear,Ambient Chill,Animálico,2024-04-26,0.939,1.0,5.0,161355.0,0.969,chill,Low,2024.0,2.68925
0.021,71.371,0.195,ambient,-33.002,0.106,0.145,Quiet Tones,3.0,0.0328,44,Radiance,Ambient Chill,Radiance,2024-07-09,0.831,1.0,8.0,127972.0,0.978,chill,Low,2024.0,2.1328666666666667
0.00167,67.628,0.175,ambient,-40.472,0.108,0.0367,Latehours,3.0,0.0445,49,Connection,Ambient Chill,Connection,2024-04-26,0.949,1.0,1.0,156664.0,0.99,chill,Low,2024.0,2.611066666666667
0.0037,140.566,0.14,ambient,-37.4,0.112,0.141,Echoes of Embers,4.0,0.0489,43,Ascension,Ambient Chill,Ascension,2024-04-26,0.93,1.0,1.0,170082.0,0.838,chill,Low,2024.0,2.8347
0.00645,74.189,0.189,ambient,-32.299,0.112,0.0487,Whispered Dreams,5.0,0.0378,43,Aftermoon Nap,Ambient Chill,Aftermoon Nap,2024-05-31,0.833,1.0,6.0,178000.0,0.967,chill,Low,2024.0,2.966666666666667
0.003,66.701,0.19,ambient,-42.687,0.111,0.0588,Parting Clouds,3.0,0.0419,44,Gentle Insight,Ambient Chill,Gentle Insight,2024-07-09,0.845,1.0,0.0,140333.0,0.987,chill,Low,2024.0,2.3388833333333334
0.0024,137.633,0.144,ambient,-36.669,0.116,0.221,Kouyou,3.0,0.0559,62,In Vain,Ambient Chill,In Vain,2024-04-26,0.971,1.0,10.0,168000.0,0.829,chill,Low,2024.0,2.8
0.00389,138.54,0.145,ambient,-40.458,0.121,0.0407,Map Of My Mind,4.0,0.0456,48,Hyperbola,Ambient Chill,Hyperbola,2024-04-26,0.953,1.0,7.0,174000.0,0.977,chill,Low,2024.0,2.9
0.00311,76.933,0.0727,ambient,-43.06,0.109,0.0374,Darmian Coté,1.0,0.0436,47,Sogniare,Ambient Chill,Sogniare,2024-04-26,0.954,1.0,3.0,256388.0,0.944,chill,Low,2024.0,4.273133333333333
0.00223,62.672,0.0959,ambient,-37.874,0.124,0.0389,Cthulhu Ramón,4.0,0.0523,43,Evolving,Ambient Chill,Evolving,2023-09-12,0.808,1.0,11.0,205026.0,0.964,chill,Low,2023.0,3.4171
0.00991,141.278,0.153,ambient,-37.631,0.118,0.0387,Zoniacs,3.0,0.0387,43,Favaloro,Ambient Chill,Favaloro,2024-02-02,0.917,1.0,6.0,159000.0,0.977,chill,Low,2024.0,2.65
0.00911,76.362,0.0703,ambient,-36.483,0.111,0.0742,Luca Magliano,3.0,0.0443,43,Nebbia,Ambient Chill,Nebbia,2023-09-29,0.958,1.0,6.0,173333.0,0.961,chill,Low,2023.0,2.8888833333333332
0.00204,136.698,0.148,wellness,-34.403,0.108,0.117,Dominum Nominum,5.0,0.0452,55,Millenia,Yoga & Meditation,Millenia,2024-06-14,0.803,1.0,2.0,158500.0,0.986,yoga,Low,2024.0,2.6416666666666666
0.00257,138.171,0.146,wellness,-42.115,0.108,0.0358,Aitne,4.0,0.048,55,Tauri Verme,Yoga & Meditation,Tauri Verme,2024-06-14,0.965,1.0,8.0,164413.0,0.975,yoga,Low,2024.0,2.7402166666666665
0.00722,125.772,0.17,wellness,-39.846,0.108,0.0372,Yoo Woon,4.0,0.046,54,Quiescent State,Yoga & Meditation,Quiescent State,2024-05-17,0.879,1.0,6.0,179562.0,0.952,yoga,Low,2024.0,2.9927
0.00398,85.993,0.0932,wellness,-37.295,0.105,0.124,Ronja Mair,3.0,0.0425,57,Heima,Yoga & Meditation,Heima,2023-02-06,0.831,1.0,0.0,158782.0,0.987,yoga,Low,2023.0,2.6463666666666668
0.00736,139.362,0.147,wellness,-35.267,0.115,0.0399,Noah Moon,4.0,0.0414,61,Cometus,Yoga & Meditation,Cometus,2024-10-04,0.899,1.0,2.0,149792.0,0.961,yoga,Low,2024.0,2.4965333333333333
0.0121,71.632,0.234,wellness,-34.604,0.11,0.185,Zion Llama,4.0,0.0464,60,Aura,Yoga & Meditation,Restfulness,2022-01-15,0.785,1.0,1.0,175792.0,0.991,yoga,Low,2022.0,2.929866666666667
0.0198,66.825,0.178,wellness,-37.017,0.106,0.0395,Heal Divisions,4.0,0.0389,49,Beyond Sleep,Yoga & Meditation,Beyond Sleep,2024-06-14,0.963,1.0,11.0,138000.0,0.921,yoga,Low,2024.0,2.3
0.0285,73.187,0.151,wellness,-30.539,0.12,0.0871,Aidin,4.0,0.038,55,Huzurlu,Yoga & Meditation,Huzurlu,2022-02-17,0.916,0.0,11.0,183000.0,0.96,yoga,Low,2022.0,3.05
0.00214,131.992,0.154,wellness,-41.74,0.108,0.037,Julia Alvarez,5.0,0.0528,58,In Dreams,Yoga & Meditation,Desear,2023-07-02,0.973,1.0,5.0,187333.0,0.931,yoga,Low,2023.0,3.1222166666666666
0.00131,136.573,0.151,wellness,-46.911,0.104,0.0501,SWAMP&STAR,3.0,0.0455,54,One Drope On World,Yoga & Meditation,One Drope On World,2023-08-16,0.949,1.0,2.0,202000.0,0.97,yoga,Low,2023.0,3.3666666666666667
0.00913,71.341,0.179,wellness,-38.302,0.108,0.0618,Elijah Edwards,5.0,0.0363,49,Imaginations,Yoga & Meditation,Imaginations,2024-10-18,0.901,1.0,7.0,165417.0,0.964,yoga,Low,2024.0,2.75695
0.000323,73.109,0.181,wellness,-38.693,0.109,0.0335,Waneesa,4.0,0.0608,53,Pembebasan,Yoga & Meditation,Pembebasan,2023-11-03,0.972,1.0,1.0,161250.0,0.881,yoga,Low,2023.0,2.6875
0.00555,68.571,0.166,wellness,-38.28,0.0906,0.0747,Stepan Korolev,4.0,0.0344,50,Cosmic Enlightenment,Yoga & Meditation,Cosmic Enlightenment,2024-09-13,0.71,1.0,11.0,173189.0,0.994,yoga,Low,2024.0,2.8864833333333335
0.00489,143.452,0.135,wellness,-37.921,0.0842,0.089,Bright Lens,1.0,0.0467,58,Shaded Cosmos,Yoga & Meditation,Shaded Cosmos,2024-02-05,0.873,1.0,5.0,152250.0,0.976,yoga,Low,2024.0,2.5375
0.00151,173.15,0.0764,wellness,-36.955,0.106,0.0891,Counting Tides,3.0,0.0383,52,Pelagos,Yoga & Meditation,Pelagos,2023-10-13,0.922,1.0,8.0,138000.0,0.975,yoga,Low,2023.0,2.3
0.00251,136.472,0.151,wellness,-40.069,0.111,0.0546,Galactica Pivot,3.0,0.0456,58,Omegagigia,Yoga & Meditation,Omegagigia,2024-01-19,0.967,1.0,6.0,173000.0,0.977,yoga,Low,2024.0,2.8833333333333333
0.00838,67.955,0.182,wellness,-34.11,0.15,0.0327,Wicker Whales,4.0,0.0656,66,Come Wander,Yoga & Meditation,Come Wander,2024-07-21,0.785,1.0,0.0,150500.0,0.993,yoga,Low,2024.0,2.5083333333333333
0.00116,69.044,0.166,wellness,-42.865,0.111,0.0332,Aurora Dreamer,3.0,0.0505,51,Nom Mind,Yoga & Meditation,Nom Mind,2024-03-29,0.972,1.0,5.0,154800.0,0.953,yoga,Low,2024.0,2.58
0.00308,139.117,0.142,wellness,-37.775,0.112,0.072,Ookean,3.0,0.0412,51,Nightbreak,Yoga & Meditation,Nightbreak,2024-04-12,0.965,1.0,8.0,161230.0,0.939,yoga,Low,2024.0,2.6871666666666667
0.00122,139.652,0.143,wellness,-36.993,0.113,0.163,Laurent Emmmerling,4.0,0.047,49,Equinox,Yoga & Meditation,Equinox,2024-10-11,0.961,1.0,2.0,149283.0,0.968,yoga,Low,2024.0,2.48805
0.00143,137.138,0.145,wellness,-35.782,0.11,0.0336,Calmative,3.0,0.0544,51,Endlessly,Yoga & Meditation,Endlessly,2024-08-25,0.972,1.0,1.0,164250.0,0.914,yoga,Low,2024.0,2.7375
0.00218,68.426,0.137,wellness,-40.358,0.115,0.0377,Luna Novina,3.0,0.0431,50,Luminescent,Yoga & Meditation,Luminescent,2024-03-29,0.931,1.0,0.0,177000.0,0.991,yoga,Low,2024.0,2.95
0.00235,138.192,0.144,wellness,-34.679,0.116,0.146,Deep Vibrations,4.0,0.049,51,Solituda,Yoga & Meditation,Solituda,2024-08-16,0.898,1.0,8.0,177600.0,0.912,yoga,Low,2024.0,2.96
0.00203,138.376,0.143,wellness,-33.389,0.108,0.0397,SKEN,3.0,0.0465,49,The Source,Yoga & Meditation,The Source,2024-06-14,0.967,1.0,0.0,189103.0,0.882,yoga,Low,2024.0,3.1517166666666667
0.0033,72.295,0.0676,wellness,-40.803,0.106,0.0368,Admira Mara,4.0,0.0507,52,Ephemara,Yoga & Meditation,Ephemara,2024-02-09,0.963,1.0,7.0,168000.0,0.968,yoga,Low,2024.0,2.8
0.00897,72.358,0.217,wellness,-37.465,0.109,0.0379,Lavinium,3.0,0.0392,66,Hora Somni,Yoga & Meditation,Hora Somni,2024-06-14,0.89,1.0,7.0,150446.0,0.973,yoga,Low,2024.0,2.507433333333333
0.00124,71.562,0.204,wellness,-38.567,0.119,0.0738,Dhanura,5.0,0.0516,48,Earthly,Yoga & Meditation,Earthly,2024-04-26,0.953,1.0,0.0,178304.0,0.987,yoga,Low,2024.0,2.9717333333333333
0.00177,137.129,0.149,wellness,-38.076,0.111,0.0316,Two Nighthawks,3.0,0.0515,47,Villa Onieva,Yoga & Meditation,Villa Onieva,2024-09-20,0.788,1.0,0.0,178889.0,0.97,yoga,Low,2024.0,2.9814833333333333
0.00404,135.785,0.154,wellness,-41.411,0.128,0.0389,Author S,3.0,0.0493,33,Luminescence,Yoga & Meditation,Luminescence,2024-11-01,0.952,1.0,2.0,167216.0,0.972,yoga,Low,2024.0,2.7869333333333333
0.00724,72.04,0.182,wellness,-34.524,0.108,0.102,A.Z. Louna,5.0,0.0427,33,Nejma,Yoga & Meditation,Nejma,2024-10-27,0.813,0.0,4.0,159521.0,0.98,yoga,Low,2024.0,2.6586833333333333
0.00418,72.675,0.169,wellness,-38.049,0.119,0.0673,Quiet Point,4.0,0.047,41,Whispering Tides,Yoga & Meditation,Whispering Tides,2024-10-28,0.703,1.0,0.0,150000.0,0.973,yoga,Low,2024.0,2.5
0.0131,140.781,0.144,wellness,-34.0,0.109,0.0369,Georgia Vesper,3.0,0.0568,48,Beginning,Yoga & Meditation,Beginning,2024-03-05,0.859,1.0,2.0,164000.0,0.948,yoga,Low,2024.0,2.7333333333333334
0.00185,136.52,0.149,wellness,-37.398,0.105,0.0683,ZenithEcho,4.0,0.052,47,Quiet Lake,Yoga & Meditation,Quiet Lake,2024-03-29,0.948,1.0,2.0,189396.0,0.802,yoga,Low,2024.0,3.1566
0.00175,140.224,0.138,wellness,-41.831,0.15,0.0388,Tristan Axvall,3.0,0.0504,49,Dust,Yoga & Meditation,Dust,2024-03-29,0.968,0.0,0.0,179110.0,0.946,yoga,Low,2024.0,2.9851666666666667
0.0146,141.779,0.142,wellness,-33.083,0.112,0.131,Tranquomo,4.0,0.0569,47,Orbital,Yoga & Meditation,Orbital,2024-03-29,0.606,1.0,11.0,170500.0,0.809,yoga,Low,2024.0,2.841666666666667
0.000824,69.856,0.166,wellness,-42.18,0.109,0.0323,Benjin Blund,3.0,0.0564,47,Cycle of Emotions,Yoga & Meditation,Cycle of Emotions,2024-03-25,0.782,1.0,0.0,160125.0,0.991,yoga,Low,2024.0,2.66875
0.00948,67.237,0.188,wellness,-37.23,0.109,0.0738,Burgundy Skies,4.0,0.0376,46,Equilibrium,Yoga & Meditation,Equilibrium,2024-03-29,0.96,0.0,7.0,151340.0,0.971,yoga,Low,2024.0,2.5223333333333335
0.000438,137.949,0.143,wellness,-39.3,0.111,0.0418,Stormfields,3.0,0.0448,46,Isolate My Soul,Yoga & Meditation,Isolate My Soul,2023-11-29,0.88,1.0,8.0,144625.0,0.985,yoga,Low,2023.0,2.410416666666667
0.001,128.553,0.162,wellness,-43.033,0.112,0.0604,Tim Eshin,4.0,0.0479,46,Split Vision,Yoga & Meditation,Split Vision,2024-05-03,0.969,0.0,10.0,165000.0,0.974,yoga,Low,2024.0,2.75
0.0066,137.276,0.15,wellness,-39.007,0.104,0.0352,Lush Lotus,4.0,0.0455,46,Amaryllian,Yoga & Meditation,Amaryllian,2024-05-03,0.902,1.0,9.0,151625.0,0.969,yoga,Low,2024.0,2.527083333333333
0.00134,138.002,0.143,wellness,-39.304,0.103,0.0382,Miriam van Steeg,4.0,0.0517,65,Benevolent,Yoga & Meditation,Benevolent,2024-04-12,0.968,1.0,2.0,140750.0,0.948,yoga,Low,2024.0,2.345833333333333
0.000251,72.786,0.144,wellness,-37.623,0.11,0.0552,Silent Motions,5.0,0.0964,46,Aspiration,Yoga & Meditation,Aspiration,2024-04-12,0.972,1.0,9.0,172800.0,0.813,yoga,Low,2024.0,2.88
0.00106,137.063,0.183,wellness,-39.798,0.111,0.0798,Solitary Sun,3.0,0.0495,45,Pelagus,Yoga & Meditation,Pelagus,2024-04-12,0.74,1.0,0.0,164750.0,0.991,yoga,Low,2024.0,2.745833333333333
0.00165,138.002,0.144,wellness,-38.522,0.145,0.0336,Chasing Storms,3.0,0.0525,45,Tempest,Yoga & Meditation,Tempest,2024-04-12,0.925,1.0,6.0,161194.0,0.949,yoga,Low,2024.0,2.6865666666666668
0.00545,136.382,0.152,wellness,-37.562,0.1,0.0513,Escix V,5.0,0.0488,47,Tranquillo,Yoga & Meditation,Tranquillo,2024-07-21,0.839,1.0,11.0,147083.0,0.984,yoga,Low,2024.0,2.4513833333333332
0.00591,67.999,0.153,wellness,-38.108,0.13,0.0583,Drishti,4.0,0.0384,46,Abloom,Yoga & Meditation,Abloom,2024-04-12,0.851,1.0,11.0,139750.0,0.991,yoga,Low,2024.0,2.3291666666666666
0.00843,139.756,0.145,wellness,-37.593,0.148,0.0501,Space Case Travel Inc.,3.0,0.0414,50,Bountiful,Yoga & Meditation,Bountiful,2024-04-12,0.834,1.0,7.0,149356.0,0.982,yoga,Low,2024.0,2.4892666666666665
0.00511,142.247,0.138,wellness,-42.851,0.106,0.0353,Nessa Wright,4.0,0.0473,64,Let go,Yoga & Meditation,Let go,2024-02-07,0.972,1.0,0.0,141371.0,0.923,yoga,Low,2024.0,2.3561833333333335
0.00177,68.359,0.162,wellness,-38.093,0.108,0.0374,Eleonora Feldt,3.0,0.0485,45,Nattord,Yoga & Meditation,Nattord,2023-09-29,0.96,1.0,0.0,169500.0,0.987,yoga,Low,2023.0,2.825
0.0398,126.947,0.166,wellness,-31.035,0.1,0.0365,Lux Alba,5.0,0.0468,45,Cavern,Yoga & Meditation,Cavern,2024-03-08,0.974,1.0,3.0,175000.0,0.768,yoga,Low,2024.0,2.9166666666666665
0.0117,68.367,0.198,wellness,-36.387,0.101,0.0409,Månvarv,3.0,0.0398,45,Tidal Energy,Yoga & Meditation,Tidal Energy,2023-09-29,0.84,1.0,2.0,166000.0,0.976,yoga,Low,2023.0,2.7666666666666666
0.00223,134.372,0.155,wellness,-44.747,0.136,0.0362,Puddle of Head,4.0,0.044,48,Driftwood,Yoga & Meditation,Driftwood,2024-01-19,0.888,1.0,1.0,186875.0,0.957,yoga,Low,2024.0,3.1145833333333335
0.00382,136.915,0.149,wellness,-37.088,0.109,0.0423,Elvio Martín,3.0,0.0659,50,Placidus,Yoga & Meditation,Placidus,2023-09-22,0.967,1.0,2.0,195000.0,0.915,yoga,Low,2023.0,3.25
0.000522,60.37,0.148,wellness,-43.592,0.113,0.0578,Casiamty,4.0,0.0508,47,Aligne,Yoga & Meditation,Aligne,2023-07-06,0.966,1.0,2.0,186688.0,0.968,yoga,Low,2023.0,3.111466666666667
0.0243,69.172,0.131,wellness,-34.716,0.0854,0.197,Astred,4.0,0.0394,49,Quiet Dreams,Yoga & Meditation,Quiet Dreams,2024-08-04,0.714,1.0,6.0,178804.0,0.986,yoga,Low,2024.0,2.9800666666666666
0.0238,75.7,0.133,wellness,-34.081,0.0968,0.0973,Hrothgar Tarek,4.0,0.0482,55,Spirals,Yoga & Meditation,Spirals,2022-11-04,0.797,1.0,5.0,169426.0,0.984,yoga,Low,2022.0,2.8237666666666668
0.00183,133.97,0.156,wellness,-46.861,0.114,0.126,South Noon,3.0,0.0483,46,Droplet of Grace,Yoga & Meditation,Droplet of Grace,2023-08-16,0.837,1.0,10.0,186000.0,0.98,yoga,Low,2023.0,3.1
0.00186,79.471,0.131,wellness,-33.002,0.142,0.0907,Armando Mago,4.0,0.0383,49,Shelter,Yoga & Meditation,Shelter,2022-12-09,0.932,1.0,8.0,145396.0,0.994,yoga,Low,2022.0,2.4232666666666667
0.0039,63.037,0.0632,wellness,-38.529,0.124,0.0777,Ozo Nakuru,3.0,0.0472,47,Faithful,Yoga & Meditation,Faithful,2023-06-17,0.822,1.0,7.0,167000.0,0.987,yoga,Low,2023.0,2.783333333333333
0.0039,134.247,0.214,wellness,-35.794,0.0924,0.144,Carwyn,4.0,0.0466,50,Eleni,Yoga & Meditation,Eleni,2022-09-22,0.858,1.0,5.0,141134.0,0.995,yoga,Low,2022.0,2.3522333333333334
0.00389,138.012,0.148,wellness,-37.419,0.108,0.0395,Jasmine Viola,3.0,0.0425,52,Innervate,Yoga & Meditation,Innervate,2021-10-05,0.829,1.0,7.0,195600.0,0.993,yoga,Low,2021.0,3.26
0.000931,69.504,0.132,wellness,-35.376,0.125,0.183,Joseff Shields,3.0,0.0449,45,Undulating,Yoga & Meditation,Undulating,2022-11-04,0.873,0.0,0.0,187186.0,0.978,yoga,Low,2022.0,3.1197666666666666
0.017,69.119,0.147,wellness,-30.996,0.11,0.155,Michel LeBond,5.0,0.0743,44,"Floating, Flying",Yoga & Meditation,"Floating, Flying",2024-09-05,0.942,1.0,3.0,216000.0,0.995,yoga,Low,2024.0,3.6
0.000998,140.753,0.139,wellness,-48.069,0.111,0.108,Setareha,3.0,0.0523,47,Call Of Nature,Yoga & Meditation,Oscalated,2023-06-17,0.888,1.0,2.0,192000.0,0.958,yoga,Low,2023.0,3.2
0.00187,67.35,0.133,wellness,-44.115,0.111,0.038,Maximilian Sievert,5.0,0.0516,44,Listen,Yoga & Meditation,Listen,2024-06-19,0.926,1.0,0.0,181000.0,0.993,yoga,Low,2024.0,3.0166666666666666
0.0155,135.482,0.152,wellness,-37.541,0.107,0.0891,Lotus Vega,1.0,0.042,47,Dancing Thoughts,Yoga & Meditation,Dancing Thoughts,2023-01-20,0.969,0.0,3.0,202347.0,0.841,yoga,Low,2023.0,3.37245
0.00024,68.518,0.193,wellness,-37.46,0.109,0.0779,Universo,3.0,0.0469,43,Intergalactico,Yoga & Meditation,Intergalactico,2024-04-26,0.968,1.0,3.0,199968.0,0.77,yoga,Low,2024.0,3.3328
0.131,76.125,0.193,wellness,-25.534,0.106,0.0379,Pierrette Tremblay,3.0,0.0444,49,Paisible,Yoga & Meditation,Paisible,2022-01-06,0.91,1.0,3.0,159196.0,0.979,yoga,Low,2022.0,2.6532666666666667
0.00159,142.127,0.137,wellness,-38.056,0.122,0.0355,Spring Euphemia,4.0,0.0443,48,Soundbed,Yoga & Meditation,Soundbed,2023-04-06,0.967,1.0,9.0,205071.0,0.981,yoga,Low,2023.0,3.41785
0.00178,136.305,0.158,wellness,-39.647,0.11,0.0378,Paulo May,5.0,0.0497,48,Spectral Vibrations,Yoga & Meditation,Spectral Vibrations,2023-07-07,0.881,1.0,1.0,146000.0,0.995,yoga,Low,2023.0,2.433333333333333
0.00718,74.412,0.27,wellness,-19.105,0.113,0.197,Luka Vida,4.0,0.0419,44,Natural Beauty,Yoga & Meditation,Natural Beauty,2022-10-14,0.918,1.0,3.0,136963.0,0.97,yoga,Low,2022.0,2.2827166666666665
0.00109,70.223,0.0654,wellness,-46.556,0.0981,0.125,Modular 53,4.0,0.0414,47,Story Teller,Yoga & Meditation,Meteor 5,2023-01-28,0.831,1.0,9.0,175500.0,0.991,yoga,Low,2023.0,2.925
0.00759,73.841,0.182,wellness,-37.935,0.0918,0.0338,Celestial Aura,3.0,0.0425,43,Calming Eternity,Yoga & Meditation,Calming Eternity,2024-03-29,0.95,1.0,0.0,178500.0,0.932,yoga,Low,2024.0,2.975
0.00184,73.583,0.175,wellness,-41.3,0.0989,0.147,Jonas Sandberg,4.0,0.0414,62,Mosaic,Yoga & Meditation,Melancholy,2023-06-22,0.956,1.0,10.0,179294.0,0.994,yoga,Low,2023.0,2.9882333333333335
0.00229,68.712,0.15,wellness,-40.456,0.0869,0.113,Celestial Echoes,3.0,0.0506,44,Muse,Yoga & Meditation,Metamorphic,2023-08-18,0.919,1.0,10.0,170855.0,0.985,yoga,Low,2023.0,2.847583333333333
0.00514,67.551,0.195,wellness,-38.693,0.106,0.0944,Aaera Mio,3.0,0.0395,47,We Belong Here,Yoga & Meditation,We Belong Here,2023-08-11,0.917,1.0,3.0,182390.0,0.965,yoga,Low,2023.0,3.039833333333333
0.00125,72.004,0.208,wellness,-47.067,0.104,0.112,Anis Flashbacks,4.0,0.0422,45,Poets Of India,Yoga & Meditation,Soundscape lord,2023-01-28,0.843,1.0,0.0,191000.0,0.991,yoga,Low,2023.0,3.183333333333333
0.00203,141.008,0.137,wellness,-40.371,0.104,0.0968,Aasmi Jayavant,5.0,0.0438,45,Sanyog,Yoga & Meditation,Sanyog,2023-08-10,0.965,1.0,9.0,151071.0,0.904,yoga,Low,2023.0,2.51785
0.0058,109.481,0.158,wellness,-36.471,0.11,0.0329,myndstream,3.0,0.0646,48,Serenade,Yoga & Meditation,Serenede,2023-07-07,0.94,1.0,1.0,238038.0,0.952,yoga,Low,2023.0,3.9673
0.0123,89.764,0.1,wellness,-31.38,0.108,0.0379,Eternalistic,3.0,0.048,47,Aurora's Embrace,Yoga & Meditation,Aurora's Embrace,2024-02-23,0.937,1.0,2.0,179331.0,0.848,yoga,Low,2024.0,2.98885
0.428,119.985,0.32,classical,-12.204,0.11,0.0382,"Thomas Bergersen, Two Steps from Hell",4.0,0.0384,52,Invincible,Epic Film Scores,Freedom Fighters,2010-05-03,0.944,0.0,3.0,151408.0,0.00559,cinematic,Low,2010.0,2.5234666666666667
0.623,124.006,0.508,classical,-10.908,0.108,0.179,Tom Salta,4.0,0.0297,39,Welcome To My Battlegrounds (Original),Epic Film Scores,Welcome To My Battlegrounds (Original),2019-07-29,0.913,0.0,9.0,258871.0,0.0773,cinematic,Low,2019.0,4.314516666666667
0.718,140.001,0.409,classical,-8.525,0.0727,0.419,Audiomachine,3.0,0.041,37,Chronicles,Epic Film Scores,Road to Glory,2012-03-23,0.82,1.0,7.0,112245.0,0.574,cinematic,Low,2012.0,1.87075
0.375,104.682,0.153,classical,-12.276,0.0849,0.0785,"Glory Oath + Blood, Robert Leslie Bennett",3.0,0.0375,34,Live as Lions,Epic Film Scores,Live as Lions,2017-09-22,0.567,1.0,1.0,168256.0,0.0229,cinematic,Low,2017.0,2.8042666666666665
0.542,110.097,0.341,classical,-8.361,0.137,0.0635,E.S. Posthumus,3.0,0.0526,41,Makara,Epic Film Scores,Unstoppable,2010-02-02,0.956,1.0,2.0,184747.0,0.0794,cinematic,Low,2010.0,3.0791166666666667
0.742,62.192,0.0762,classical,-7.642,0.133,0.0625,NINJA TRACKS,4.0,0.0857,31,The Machination (ROGUE MIX) - Single,Epic Film Scores,The Machination (ROGUE MIX),2017-08-01,0.895,0.0,0.0,146688.0,0.0079,cinematic,Low,2017.0,2.4448
0.54,80.204,0.262,classical,-10.787,0.112,0.0506,"Brian Tyler, Transformers",4.0,0.0413,46,Transformers Prime (Music from the Animated Series),Epic Film Scores,Transformers Prime,2012-03-06,0.894,0.0,4.0,201973.0,0.877,cinematic,Low,2012.0,3.366216666666667
0.488,131.92,0.161,classical,-11.351,0.0876,0.127,Audiomachine,4.0,0.0624,39,Ascendance,Epic Film Scores,Dauntless,2018-08-17,0.912,0.0,4.0,194709.0,0.0589,cinematic,Low,2018.0,3.24515
0.861,117.961,0.216,classical,-5.872,0.186,0.429,Epic Score,4.0,0.0489,49,Vengeance - ES033,Epic Film Scores,Liberators,2015-09-04,0.781,1.0,6.0,156569.0,0.0082,cinematic,Low,2015.0,2.6094833333333334
0.475,140.035,0.317,classical,-10.762,0.107,0.079,Michael Curran,4.0,0.0347,31,Sid Meier's Civilization: Beyond Earth (Original Soundtrack from the Video Game),Epic Film Scores,Earth’s Ambassadors,2014-10-24,0.956,0.0,2.0,232325.0,0.729,cinematic,Low,2014.0,3.8720833333333333
0.572,89.956,0.215,classical,-7.539,0.0709,0.0862,"Epic North, Peter Roe",4.0,0.0384,31,Return of the Viking,Epic Film Scores,A Way to Freedom,2023-06-30,0.732,0.0,9.0,238099.0,0.0036,cinematic,Low,2023.0,3.9683166666666665
0.682,170.053,0.364,classical,-10.618,0.109,0.188,Revolt Production Music,3.0,0.0678,31,Gates of Heaven 3,Epic Film Scores,Champion of the Radiant,2018-03-12,0.894,1.0,2.0,138814.0,0.094,cinematic,Low,2018.0,2.3135666666666665
0.738,130.118,0.432,classical,-9.921,0.429,0.271,"Gregory Tan, Atom Music Audio",4.0,0.0491,28,Storm: Superhero Themes,Epic Film Scores,Spirit of Valour,2021-02-28,0.892,0.0,11.0,118533.0,0.000275,cinematic,Low,2021.0,1.97555
0.625,130.007,0.303,classical,-10.164,0.0829,0.12,Dwayne Ford,4.0,0.0417,30,Angel Warrior,Epic Film Scores,Blue Drift,2016-01-06,0.814,0.0,4.0,342858.0,0.171,cinematic,Low,2016.0,5.7143
0.522,140.011,0.3,classical,-13.177,0.144,0.222,"Iván Torrent, Julie Elven",4.0,0.0361,42,Reverie - The Compilation Album,Epic Film Scores,Icarus (feat. Julie Elven),2014-12-02,0.0897,0.0,11.0,275301.0,0.0473,cinematic,Low,2014.0,4.58835
0.539,109.769,0.36,classical,-13.352,0.157,0.199,Dmitry V. Silantyev,4.0,0.0564,31,Pathfinder: Wrath of the Righteous,Epic Film Scores,Wrath of the Righteous Main Theme,2021-09-25,0.947,0.0,4.0,145080.0,0.812,cinematic,Low,2021.0,2.418
0.906,140.021,0.478,classical,-6.781,0.115,0.59,"Thomas Bergersen, Two Steps from Hell",4.0,0.0419,56,Archangel,Epic Film Scores,Strength of a Thousand Men,2011-09-20,0.919,0.0,0.0,136892.0,0.0962,cinematic,Low,2011.0,2.2815333333333334
0.769,128.325,0.396,classical,-9.445,0.112,0.039,Zack Hemsey,4.0,0.0563,51,The Way,Epic Film Scores,See What I've Become,2011-06-30,0.752,0.0,4.0,234386.0,0.197,cinematic,Low,2011.0,3.906433333333333
0.519,94.922,0.379,classical,-12.058,0.102,0.197,"Secession Studios, Greg Dombrowski",4.0,0.0371,35,Legendary,Epic Film Scores,Born a Legend,2021-03-29,0.672,1.0,1.0,213168.0,0.0463,cinematic,Low,2021.0,3.5528
0.698,109.95,0.456,classical,-8.403,0.0877,0.577,"Two Steps from Hell, Thomas Bergersen",4.0,0.0323,38,Battlecry,Epic Film Scores,Unforgiven,2015-04-28,0.913,0.0,2.0,250497.0,0.236,cinematic,Low,2015.0,4.17495
0.562,147.025,0.43,classical,-11.001,0.117,0.325,Audio Armoury,3.0,0.0322,27,Son of War,Epic Film Scores,Son of War,2022-07-20,0.949,1.0,0.0,186122.0,0.0959,cinematic,Low,2022.0,3.1020333333333334
0.417,85.823,0.223,classical,-10.799,0.118,0.0873,Icon,4.0,0.0385,32,Dawning Promises,Epic Film Scores,A Legacy Uncovered,2013-10-08,0.745,1.0,1.0,148605.0,0.329,cinematic,Low,2013.0,2.47675
0.598,139.843,0.363,classical,-11.384,0.0951,0.203,"Ramin Djawadi, Brandon Campbell",3.0,0.0404,26,New World (Original Game Soundtrack),Epic Film Scores,Aeternum,2021-09-21,0.921,0.0,9.0,146857.0,0.342,cinematic,Low,2021.0,2.4476166666666668
0.266,109.961,0.176,classical,-14.622,0.0786,0.0577,"Andreas Waldetoft, Paradox Interactive",4.0,0.0397,30,Crusader Kings 3 (Official Game Soundtrack),Epic Film Scores,The Dynasty,2020-08-28,0.895,0.0,9.0,312619.0,0.951,cinematic,Low,2020.0,5.2103166666666665
0.467,154.636,0.587,gaming,-12.392,0.098,0.353,Gustavo Santaolalla,3.0,0.0306,60,The Last of Us,Video Game Soundtracks,The Last of Us,2013-06-07,0.928,0.0,4.0,183533.0,0.867,soundtracks,Low,2013.0,3.058883333333333
0.344,126.06,0.375,gaming,-12.561,0.0682,0.106,"Jesper Kyd, Assassin's Creed",4.0,0.0335,60,Assassin's Creed 2 (Original Game Soundtrack),Video Game Soundtracks,Ezio's Family,2009-11-16,0.776,0.0,2.0,237900.0,0.81,soundtracks,Low,2009.0,3.965
0.482,66.771,0.193,gaming,-13.311,0.111,0.121,Jeremy Soule,4.0,0.0842,57,The Elder Scrolls V: Skyrim: Original Game Soundtrack,Video Game Soundtracks,Dragonborn,2013-01-31,0.685,0.0,11.0,235636.0,0.895,soundtracks,Low,2013.0,3.9272666666666667
0.223,145.522,0.128,gaming,-16.005,0.108,0.0372,"Halo, Sean Callery, Colin Stetson",3.0,0.0356,28,Halo Season 1 Original Soundtrack,Video Game Soundtracks,Shared Vision,2024-11-12,0.952,1.0,2.0,285853.0,0.667,soundtracks,Low,2024.0,4.764216666666667
0.54,99.936,0.322,gaming,-6.223,0.127,0.311,Gerard Marino,4.0,0.0359,41,God of War II (Original Video Game Soundtrack),Video Game Soundtracks,God of War II - Main Titles,2024-10-04,0.38,1.0,7.0,175880.0,0.765,soundtracks,Low,2024.0,2.9313333333333333
0.01,87.971,0.642,gaming,-25.164,0.103,0.197,C418,4.0,0.0446,67,Minecraft - Volume Alpha,Video Game Soundtracks,Sweden,2011-03-04,0.945,1.0,2.0,215500.0,0.992,soundtracks,Low,2011.0,3.591666666666667
0.571,89.982,0.413,gaming,-7.329,0.0885,0.338,P.T. Adamczyk,4.0,0.0485,58,Cyberpunk 2077 - Original Score,Video Game Soundtracks,The Rebel Path,2020-12-11,0.126,1.0,9.0,250960.0,0.00236,soundtracks,Low,2020.0,4.182666666666667
0.937,114.996,0.561,gaming,-5.051,0.384,0.607,Brain,4.0,0.0472,31,Twisted Metal (Original Video Game Soundtrack),Video Game Soundtracks,Race To Destruction,2024-10-04,0.812,1.0,7.0,178041.0,2.04e-05,soundtracks,Low,2024.0,2.96735
0.00229,66.833,0.25,gaming,-40.887,0.0732,0.105,"Jeremy Soule, Daniil Trifonov",3.0,0.0716,52,"Soule: Secunda (Transcr. Trifonov for Piano) [From ""The Elder Scrolls: Skyrim""]",Video Game Soundtracks,"Secunda (Transcr. Trifonov for Piano) - From ""The Elder Scrolls: Skyrim""",2024-07-19,0.886,0.0,7.0,147143.0,0.995,soundtracks,Low,2024.0,2.452383333333333
0.601,121.86,0.419,gaming,-12.041,0.11,0.187,Stephen Barton,4.0,0.0518,31,SMITE 2 (Official Game Soundtrack),Video Game Soundtracks,Divine Overture (Main Theme),2024-08-20,0.948,0.0,7.0,169667.0,0.0472,soundtracks,Low,2024.0,2.8277833333333335
0.348,69.386,0.181,gaming,-12.796,0.179,0.0561,"Brendan Angelides, Assassin's Creed, Layth Sidiq",4.0,0.0361,34,Mirage Theme (From Assassin's Creed Mirage),Video Game Soundtracks,Mirage Theme - From Assassin's Creed Mirage,2023-09-29,0.938,1.0,5.0,212518.0,0.11,soundtracks,Low,2023.0,3.5419666666666667
0.132,115.897,0.171,gaming,-22.437,0.116,0.0356,Winifred Phillips,3.0,0.0449,32,God of War (2005) (Original Soundtrack from the Video Game),Video Game Soundtracks,Enthroned on Mount Olympus,2024-10-04,0.972,1.0,7.0,117625.0,0.873,soundtracks,Low,2024.0,1.9604166666666667
0.334,79.91,0.209,gaming,-15.702,0.0733,0.0383,Inon Zur,4.0,0.0482,36,Starfield: Original Game Soundtrack,Video Game Soundtracks,Into the Starfield (Main Theme),2023-09-01,0.922,0.0,6.0,169304.0,0.729,soundtracks,Low,2023.0,2.8217333333333334
0.738,143.861,0.551,gaming,-7.695,0.204,0.39,"2WEI, Joznez, Kataem",4.0,0.167,42,The Lost Crown (Original Music for Prince of Persia),Video Game Soundtracks,The Lost Crown (Prince of Persia),2023-06-09,0.0,1.0,11.0,199472.0,0.117,soundtracks,Low,2023.0,3.324533333333333
0.541,76.519,0.251,gaming,-14.774,0.104,0.078,Tsukasa Saitoh,4.0,0.0472,21,Elden Ring (Original Soundtrack),Video Game Soundtracks,Elden Ring,2022-09-09,0.682,1.0,0.0,98383.0,0.00825,soundtracks,Low,2022.0,1.6397166666666667
0.539,119.963,0.473,gaming,-12.547,0.108,0.214,"John Paesano, Ben Billions",4.0,0.0424,42,Marvel's Spider-Man 2 (Original Video Game Soundtrack),Video Game Soundtracks,Greater Together (Album Version),2023-10-20,0.896,0.0,5.0,198400.0,0.229,soundtracks,Low,2023.0,3.3066666666666666
0.267,103.837,0.262,gaming,-18.461,0.116,0.0648,TATRAN,4.0,0.0343,35,Star Wars Jedi: Survivor (Original Video Game Soundtrack),Video Game Soundtracks,Fields of Dusk - Orchestral Version,2023-04-28,0.951,1.0,1.0,281333.0,0.623,soundtracks,Low,2023.0,4.688883333333333
0.834,102.021,0.613,gaming,-8.122,0.337,0.791,Kenneth C M Young,4.0,0.0348,39,ASTRO BOT (Original Soundtrack),Video Game Soundtracks,Astro,2024-10-04,0.258,1.0,2.0,259118.0,0.000599,soundtracks,Low,2024.0,4.3186333333333335
0.621,128.025,0.32,gaming,-12.207,0.0802,0.319,"Brian Tyler, Assassin's Creed",3.0,0.0563,53,Assassin's Creed 4: Black Flag (Original Game Soundtrack),Video Game Soundtracks,Assassin's Creed IV Black Flag Main Theme,2013-10-14,0.896,1.0,7.0,133378.0,0.0429,soundtracks,Low,2013.0,2.2229666666666668
0.337,74.02,0.215,gaming,-12.91,0.0731,0.0369,"chuck e. myers 'sea', J Scott Rakozy, Peter Murray, Hogwarts Legacy",4.0,0.0373,37,Hogwarts Legacy (Original Video Game Soundtrack),Video Game Soundtracks,"Overture to the Unwritten (from ""Hogwarts Legacy"")",2023-02-10,0.749,1.0,0.0,300280.0,0.868,soundtracks,Low,2023.0,5.004666666666667
0.249,180.186,0.175,gaming,-14.043,0.0773,0.118,HOYO-MiX,3.0,0.0375,49,Genshin Impact - Fountain of Belleau (Original Game Soundtrack),Video Game Soundtracks,Fontaine,2023-10-02,0.933,0.0,4.0,273360.0,0.917,soundtracks,Low,2023.0,4.556
0.947,150.059,0.485,gaming,-9.425,0.23,0.511,P.T. Adamczyk,4.0,0.0393,46,Cyberpunk 2077: Phantom Liberty (Original Score),Video Game Soundtracks,Force Projection,2023-09-14,0.923,0.0,7.0,166400.0,6.63e-05,soundtracks,Low,2023.0,2.7733333333333334
0.0457,128.594,0.451,gaming,-18.026,0.102,0.128,Gustavo Santaolalla,3.0,0.0423,48,The Last of Us Part II (Original Soundtrack),Video Game Soundtracks,The Last of Us Part II,2020-06-19,0.783,0.0,2.0,172560.0,0.904,soundtracks,Low,2020.0,2.876
0.535,94.965,0.219,gaming,-13.862,0.0863,0.0788,Nick Arundel,4.0,0.0516,46,Batman: Arkham City (Original Video Game Score),Video Game Soundtracks,Arkham City Main Theme,2011-10-18,0.667,1.0,1.0,167560.0,0.449,soundtracks,Low,2011.0,2.792666666666667
0.608,158.641,0.463,gaming,-11.931,0.12,0.284,John Paesano,4.0,0.0435,40,Marvel’s Spider-Man: Miles Morales (Original Video Game Soundtrack),Video Game Soundtracks,New York's Only Spider-Man,2020-11-10,0.951,1.0,8.0,173227.0,0.243,soundtracks,Low,2020.0,2.8871166666666666
0.353,79.416,0.1,gaming,-11.679,0.104,0.0399,SIE Sound Team,3.0,0.0347,47,Bloodborne Original Soundtrack,Video Game Soundtracks,The First Hunter,2015-04-22,0.776,0.0,2.0,311747.0,0.2,soundtracks,Low,2015.0,5.195783333333333
0.186,72.162,0.0664,gaming,-17.679,0.108,0.0363,Jeremy Soule,3.0,0.0346,59,The Elder Scrolls V: Skyrim: Original Game Soundtrack,Video Game Soundtracks,The Streets of Whiterun,2013-01-31,0.887,0.0,1.0,244842.0,0.943,soundtracks,Low,2013.0,4.0807
0.162,114.473,0.171,gaming,-15.387,0.149,0.0368,Ilan Eshkeri,4.0,0.0432,43,Ghost of Tsushima (Music from the Video Game),Video Game Soundtracks,The Way of the Ghost,2020-07-17,0.921,0.0,7.0,254880.0,0.709,soundtracks,Low,2020.0,4.248
0.187,132.679,0.303,ambient,-16.757,0.102,0.212,Patrick Watson,4.0,0.0356,24,Je te laisserai des mots,Dark Academia,Je te laisserai des mots,2010-09-10,0.499,1.0,2.0,160853.0,0.989,academic,Low,2010.0,2.6808833333333335
0.426,98.062,0.354,ambient,-8.704,0.115,0.185,Hozier,3.0,0.0295,53,Hozier (Expanded Edition),Dark Academia,In the Woods Somewhere,2014-09-19,0.11,0.0,6.0,331400.0,0.782,academic,Low,2014.0,5.523333333333333
0.413,95.989,0.686,ambient,-6.332,0.122,0.595,Lord Huron,3.0,0.0263,58,Vide Noir,Dark Academia,When the Night is Over,2018-04-20,0.115,0.0,6.0,311227.0,0.103,academic,Low,2018.0,5.187116666666666
0.125,106.107,0.466,ambient,-11.579,0.114,0.108,The Tragic Thrills,4.0,0.0307,33,On Florence Street,Dark Academia,Persephone,2017-01-31,0.0,1.0,2.0,150293.0,0.708,academic,Low,2017.0,2.5048833333333334
0.256,79.81,0.542,ambient,-15.161,0.13,0.334,Kathleen Regan,4.0,0.0419,33,Good Place,Dark Academia,Good Place,2022-02-18,0.0,1.0,0.0,162000.0,0.903,academic,Low,2022.0,2.7
0.318,137.983,0.478,ambient,-16.528,0.394,0.192,Abbey Glover,4.0,0.035,38,Everybody Leaves,Dark Academia,Please Don't Go,2020-04-03,4.35e-05,1.0,1.0,281662.0,0.197,academic,Low,2020.0,4.694366666666666
0.271,71.855,0.325,ambient,-8.069,0.301,0.279,Lorde,4.0,0.0418,61,Melodrama,Dark Academia,Writer In The Dark,2017-06-16,0.0,1.0,7.0,216611.0,0.73,academic,Low,2017.0,3.6101833333333335
0.433,179.789,0.284,ambient,-10.01,0.114,0.193,kaido,3.0,0.0365,29,toler,Dark Academia,toler,2023-08-26,0.00386,1.0,4.0,105005.0,0.742,academic,Low,2023.0,1.7500833333333334
0.373,175.854,0.391,ambient,-12.171,0.115,0.347,Hozier,1.0,0.0306,44,Nina Cried Power - EP,Dark Academia,NFWMB,2018-09-06,0.0694,0.0,3.0,259253.0,0.894,academic,Low,2018.0,4.320883333333334
0.281,131.039,0.516,ambient,-10.991,0.0871,0.152,Rusty Clanton,4.0,0.0333,36,Calm & Normal,Dark Academia,Novels,2016-10-28,0.00861,1.0,9.0,352079.0,0.172,academic,Low,2016.0,5.867983333333333
0.36,95.204,0.454,ambient,-14.11,0.102,0.26,"Bobby, I Miss You",4.0,0.029,39,Scared of You,Dark Academia,Scared of You,2018-02-20,0.636,1.0,4.0,199628.0,0.969,academic,Low,2018.0,3.3271333333333333
0.429,146.054,0.338,ambient,-8.517,0.122,0.167,Chase Holfelder,4.0,0.033,40,"Major to Minor, Vol.1",Dark Academia,Every Breath You Take,2015-09-08,2.59e-06,0.0,11.0,166315.0,0.103,academic,Low,2015.0,2.771916666666667
0.0116,65.057,0.0623,classical,-27.893,0.0816,0.0331,"Morten Lauridsen, Chamber Choir Of Europe, Nicol Matt",3.0,0.0567,49,Lauridsen: O Magnum Mysterium / Lux Aeterna / Madrigali / Les Chansons Des Roses,Choral Classics,O Magnum Mysterium: O magnum mysterium,2006-01-01,0.445,1.0,2.0,415800.0,0.991,choral,Low,2006.0,6.93
0.0218,72.808,0.104,classical,-29.785,0.0836,0.0664,"Eric Whitacre, Eric Whitacre Singers",3.0,0.0468,44,Light & Gold,Choral Classics,Whitacre: The Seal Lullaby,2010-01-01,0.825,1.0,1.0,253293.0,0.988,choral,Low,2010.0,4.22155
0.0539,132.747,0.196,classical,-28.217,0.116,0.0482,"Stephen Paulus, Conspirare, Craig Hella Johnson",3.0,0.0438,39,"Requiem - Howells & Pizzetti: Requiems / Whitacre, Grantham, Paulus & Gilkyson",Choral Classics,The Road Home,2006-03-28,0.0316,1.0,5.0,236907.0,0.993,choral,Low,2006.0,3.94845
0.0949,77.314,0.178,classical,-21.002,0.0847,0.0366,"Edward Elgar, VOCES8",3.0,0.0399,42,Lux,Choral Classics,Nimrod (Lux Aeterna),2015-01-01,0.369,1.0,1.0,232667.0,0.993,choral,Low,2015.0,3.8777833333333334
0.0846,78.633,0.0902,classical,-20.056,0.0674,0.0345,"Wolfgang Amadeus Mozart, Franz Xaver Süssmayr, Ensemble Pygmalion, Raphael Pichon",4.0,0.0341,37,Mozart: Requiem,Choral Classics,"Requiem in D Minor, K .626: III. Sequentia: 6. Lacrimosa - Amen, appendix",2024-10-04,0.0291,1.0,9.0,238787.0,0.946,choral,Low,2024.0,3.9797833333333332
0.0759,142.767,0.137,classical,-25.74,0.105,0.0363,"Kerensa Briggs, Anna Lapwood, The Chapel Choir of Pembroke College, Cambridge",4.0,0.0401,35,Media Vita,Choral Classics,Media Vita,2020-03-06,0.263,0.0,11.0,180000.0,0.975,choral,Low,2020.0,3.0
0.118,135.276,0.155,classical,-22.038,0.0867,0.0386,"Alonso Lobo, Tenebrae, Nigel Short",4.0,0.0423,35,"Victoria: Requiem Mass, 1605",Choral Classics,Versa est in luctum,2011-03-28,0.927,0.0,7.0,332440.0,0.995,choral,Low,2011.0,5.540666666666667
0.0151,68.649,0.2,classical,-35.53,0.103,0.0656,"Veljo Tormis, Mikrokosmos, Loïc Pierre",3.0,0.037,32,Mikrokosmos,Choral Classics,La Kanteletar: I. Herkä neito,1997-07-01,0.413,1.0,6.0,131333.0,0.991,choral,Low,1997.0,2.1888833333333335
0.115,70.782,0.123,classical,-22.439,0.168,0.0389,"Eleanor Daley, The Chapel Choir of Pembroke College, Cambridge, The Pembroke College Girls’ Choir, Anna Lapwood",1.0,0.0541,33,Upon Your Heart,Choral Classics,Upon Your Heart,2020-09-16,0.633,1.0,4.0,233987.0,0.987,choral,Low,2020.0,3.899783333333333
0.0422,134.837,0.156,classical,-28.174,0.113,0.0392,"Stephen Paulus, Stephen Layton, The Choir Of Trinity College, Cambridge",5.0,0.0456,28,Beyond All Mortal Dreams – American A Cappella Choral Works,Choral Classics,The Day Is Done (2006),2011-06-27,0.00136,1.0,2.0,320707.0,0.985,choral,Low,2011.0,5.345116666666667
0.0476,131.97,0.162,classical,-24.307,0.107,0.0538,"Jónsi, Georg Holm, Kjartan Sveinsson, Orri Pall Dyrason, VOCES8, Thomas Gould, Emma Denton, Sam Becker",4.0,0.0426,32,Nightfall,Choral Classics,Fljótavík (Arr. Lawson for Ensemble),2024-09-27,0.943,1.0,8.0,251573.0,0.941,choral,Low,2024.0,4.1928833333333335
0.104,132.766,0.164,classical,-21.526,0.105,0.0461,"Max Janowski, Sheku Kanneh-Mason, VOCES8",4.0,0.0401,30,Janowski: Avinu Malkeinu (Arr. Clements for Cello & Vocal Ensemble),Choral Classics,Avinu Malkeinu (Arr. Clements for Cello & Vocal Ensemble),2024-11-01,0.799,0.0,5.0,233272.0,0.977,choral,Low,2024.0,3.8878666666666666
0.0611,79.45,0.0873,classical,-24.177,0.0942,0.0344,"Rebecca Dale, Robert Frost, Tenebrae, Nigel Short",4.0,0.0372,28,Stopping by Woods on a Snowy Evening,Choral Classics,Stopping by Woods on a Snowy Evening,2024-02-21,0.57,0.0,2.0,307280.0,0.994,choral,Low,2024.0,5.121333333333333
0.105,74.721,0.128,classical,-21.612,0.0962,0.0406,"Kenneth Leighton, David Cuthbert, The Choir of The Queen's College Oxford, Owen Rees, Britten Sinfonia",4.0,0.0516,19,"Veris gratia, Op. 6: VII. Hymn to Cypris",Choral Classics,"Veris gratia, Op. 6: VII. Hymn to Cypris",2024-10-08,0.00768,0.0,0.0,253760.0,0.973,choral,Low,2024.0,4.229333333333333
0.00683,73.135,0.191,classical,-33.714,0.0917,0.0359,"jung jaeil, VOCES8",4.0,0.0363,30,Nightfall,Choral Classics,Psalm 22.21,2024-09-27,0.991,1.0,0.0,90093.0,0.99,choral,Low,2024.0,1.50155
0.17,128.137,0.208,classical,-21.811,0.0785,0.038,"Jonathan Dove, The Choir of Magdalen College, Oxford, Edward Byrne, Mark Williams",4.0,0.0466,18,Seek Him That Maketh The Seven Stars,Choral Classics,Seek Him That Maketh The Seven Stars,2024-10-11,0.332,1.0,0.0,396453.0,0.948,choral,Low,2024.0,6.60755
0.0144,82.646,0.161,classical,-30.883,0.0836,0.0336,"Paul Mealor, Tenebrae, Nigel Short",4.0,0.0365,34,A Tender Light,Choral Classics,Now Sleeps The Crimson Petal (Four Madrigals On Rose Texts): Now Sleeps The Crimson Petal,2011-01-01,0.117,1.0,6.0,197400.0,0.986,choral,Low,2011.0,3.29
0.105,122.977,0.196,classical,-23.818,0.193,0.0731,"Ola Gjeilo, The Choir of Royal Holloway, Royal Philharmonic Orchestra, Rupert Gough",3.0,0.0418,28,Gjeilo: Dreamweaver: 1. Prologue,Choral Classics,Dreamweaver: 1. Prologue,2023-08-04,0.782,1.0,7.0,161733.0,0.986,choral,Low,2023.0,2.69555
0.0746,75.575,0.0816,classical,-25.357,0.0856,0.036,"Cyrillus Kreek, Traditional, Anna-Liisa Eller, Angela Ambrosini, Marco Ambrosini, Vox Clamantis, Jaan-Eik Tulve",3.0,0.0409,27,Cyrillus Kreek - The Suspended Harp of Babel,Choral Classics,Whilst Great Is Our Poverty,2020-05-08,0.48,1.0,1.0,317933.0,0.989,choral,Low,2020.0,5.298883333333333
0.0286,87.516,0.111,classical,-30.35,0.0671,0.0334,"Traditional, Westminster Choir, James Jordan, Gregory Stout",4.0,0.0489,32,A Serenity of Soul (Westminster Choir 100th Anniversary Recording),Choral Classics,Shenandoah,2024-05-03,0.835,1.0,4.0,275402.0,0.991,choral,Low,2024.0,4.590033333333333
0.0997,71.775,0.14,classical,-24.394,0.0651,0.0465,"Ēriks Ešenvalds, Stephen Layton, The Choir Of Trinity College, Cambridge",3.0,0.045,31,"Ešenvalds: Northern Lights, Stars & Other Choral Works",Choral Classics,Only in Sleep,2015-02-01,0.428,1.0,6.0,317213.0,0.989,choral,Low,2015.0,5.286883333333333
0.105,81.11,0.134,classical,-25.24,0.125,0.0388,"Härlanda Chamber Choir, David Molin",4.0,0.0423,27,A Bright Star Shineth,Choral Classics,"Heyr, himna smiður",2016-12-13,0.855,0.0,9.0,218613.0,0.994,choral,Low,2016.0,3.64355
0.0768,123.193,0.187,classical,-23.199,0.0911,0.0387,"Ēriks Ešenvalds, The Pacific Lutheran Choir Of The West, Richard Nance",4.0,0.0441,29,There Will Come Soft Rains,Choral Classics,There Will Come Soft Rains,2020-01-17,0.0475,1.0,8.0,235467.0,0.98,choral,Low,2020.0,3.92445
0.0301,104.157,0.149,classical,-25.001,0.113,0.0342,"Cheryl Frances-Hoad, Owain Park, The Gesualdo Six",3.0,0.0358,25,Christmas: A Cappella Carols and Hymns,Choral Classics,The Promised Light of Life,2019-11-01,0.00497,1.0,6.0,154760.0,0.968,choral,Low,2019.0,2.5793333333333335
0.0293,57.809,0.064,classical,-24.309,0.0978,0.0322,"Taylor Scott Davis, VOCES8",3.0,0.0415,35,Nightfall,Choral Classics,Stardust,2024-09-27,0.643,0.0,11.0,333493.0,0.986,choral,Low,2024.0,5.558216666666667
0.933,122.003,0.816,electronic,-6.973,0.1,0.763,"WUULA, Dr Feel",4.0,0.0392,36,L'Amour,Afro Tech,L'Amour,2024-05-10,0.604,1.0,4.0,279344.0,0.0181,african,Low,2024.0,4.655733333333333
0.766,118.997,0.718,electronic,-7.737,0.084,0.286,"FiNE, Lizwi, Enoo Napa",4.0,0.035,24,Nomathemba (Enoo Napa Remix),Afro Tech,Nomathemba - Enoo Napa Remix,2024-05-10,0.429,0.0,11.0,438848.0,0.00302,african,Low,2024.0,7.314133333333333
0.7,120.019,0.691,electronic,-9.648,0.111,0.0569,"Euggy, Suraj, Mumba Yachi",4.0,0.0388,22,Chuki,Afro Tech,Kolwa,2023-12-01,0.819,0.0,11.0,404125.0,0.135,african,Low,2023.0,6.735416666666667
0.751,122.062,0.872,electronic,-8.339,0.104,0.0762,"Naarly, Thabza De Soul, Idd Aziz",4.0,0.0826,37,Hajikwai,Afro Tech,Hajikwai,2024-07-19,0.296,1.0,0.0,363991.0,0.19,african,Low,2024.0,6.066516666666667
0.822,121.996,0.704,electronic,-9.628,0.0878,0.714,"Lakwister, Aweko Brian, Moses rallo",4.0,0.0545,15,Sina,Afro Tech,Sina,2024-07-26,0.723,0.0,3.0,463522.0,0.000425,african,Low,2024.0,7.725366666666667
0.739,123.024,0.635,electronic,-8.897,0.376,0.536,Drumetic Boyz,4.0,0.0354,19,Moors,Afro Tech,Moors,2024-04-25,0.775,1.0,1.0,454322.0,0.000224,african,Low,2024.0,7.572033333333334
0.706,119.98,0.533,electronic,-8.968,0.094,0.245,"Thandi Draai, Dj Beekay",4.0,0.0391,19,Letha,Afro Tech,Letha,2023-11-17,0.459,0.0,1.0,420000.0,0.0229,african,Low,2023.0,7.0
0.895,119.997,0.613,electronic,-7.223,0.111,0.0438,"Hanna Haïs, KingDonna",4.0,0.0341,23,Space Fair,Afro Tech,Space Fair,2024-06-14,0.834,1.0,0.0,417021.0,0.0106,african,Low,2024.0,6.95035
0.689,118.009,0.791,electronic,-9.959,0.0782,0.578,"Citizen Deep, Nia Pearl, Bontle Smith",4.0,0.0536,29,Nomvula (feat. Nia Pearl & Bontle Smith),Afro Tech,Nomvula (feat. Nia Pearl & Bontle Smith),2024-09-20,0.318,0.0,0.0,262380.0,0.111,african,Low,2024.0,4.373
0.784,149.61,0.425,electronic,-11.272,0.185,0.549,Afro Swanky,5.0,0.0735,17,Jozi II,Afro Tech,Don't Give Up,2024-03-15,0.911,0.0,1.0,360255.0,0.185,african,Low,2024.0,6.00425
0.799,121.011,0.772,electronic,-7.74,0.0903,0.157,"DJ Leo Cris, Dr. Victor",4.0,0.0522,14,Tsoang Tsoang (Remix),Afro Tech,Tsoang Tsoang - Remix,2024-03-23,0.363,1.0,1.0,316637.0,0.00128,african,Low,2024.0,5.277283333333333
0.817,116.007,0.762,electronic,-11.339,0.0769,0.653,Muzari,4.0,0.0498,20,Udokotela,Afro Tech,Udokotela,2024-05-31,0.893,0.0,10.0,322430.0,0.00271,african,Low,2024.0,5.373833333333334
0.643,147.247,0.409,electronic,-8.591,0.0943,0.323,"NAAK, Atmos Blaq",5.0,0.0525,25,FIND A WAY,Afro Tech,FIND A WAY,2024-06-14,0.46,0.0,5.0,278512.0,0.323,african,Low,2024.0,4.641866666666667
0.728,153.07,0.788,hip-hop,-3.765,0.11,0.287,"Gunna, Roddy Ricch",1.0,0.261,66,One of Wun,Melodic Rap,let it breathe (feat. Roddy Ricch),2024-05-10,4.82e-06,0.0,1.0,200787.0,0.17,melodic,Low,2024.0,3.34645
0.729,124.013,0.602,hip-hop,-5.306,0.156,0.302,Lil Uzi Vert,4.0,0.172,66,Eternal Atake 2,Melodic Rap,Goddard Song,2024-11-01,0.0,1.0,2.0,139501.0,0.084,melodic,Low,2024.0,2.3250166666666665
0.616,105.952,0.753,hip-hop,-8.245,0.109,0.0388,Trippie Redd,4.0,0.0495,65,A Love Letter To You 3,Melodic Rap,Topanga,2018-11-09,1.77e-06,1.0,4.0,215364.0,0.00583,melodic,Low,2018.0,3.5894
0.768,90.146,0.389,hip-hop,-4.765,0.119,0.334,"The Kid LAROI, Lil Mosey",4.0,0.256,58,F*CK LOVE 3+: OVER YOU,Melodic Rap,WRONG (feat. Lil Mosey),2021-07-27,0.0,1.0,1.0,183567.0,0.038,melodic,Low,2021.0,3.05945
0.482,140.064,0.736,hip-hop,-8.242,0.229,0.608,"Future, Juice WRLD",4.0,0.196,60,Future & Juice WRLD Present... WRLD ON DRUGS,Melodic Rap,Hard Work Pays Off,2018-10-19,0.0,1.0,4.0,224507.0,0.327,melodic,Low,2018.0,3.7417833333333332
0.604,128.845,0.41,korean,-3.453,0.312,0.28,YOON MIRAE,4.0,0.0331,60,Descendants Of The Sun Pt.1 (Original Television Soundtrack),K-Drama OSTs,ALWAYS,2016-02-18,0.0,1.0,10.0,205193.0,0.777,drama,Low,2016.0,3.4198833333333334
0.41,110.252,0.416,korean,-6.146,0.107,0.219,Crush,4.0,0.0292,65,"Guardian (Original Television Soundtrack), Pt. 4",K-Drama OSTs,Beautiful,2016-12-17,0.0,1.0,10.0,227584.0,0.843,drama,Low,2016.0,3.793066666666667
0.778,94.996,0.696,korean,-4.653,0.329,0.41,"Loco, Punch",4.0,0.0585,67,"Moonlovers - Scarlet Heart Ryeo (Original Television Soundtrack), Pt. 2",K-Drama OSTs,Say Yes,2016-08-29,0.0,0.0,1.0,218897.0,0.352,drama,Low,2016.0,3.6482833333333335
0.76,130.096,0.512,korean,-5.889,0.103,0.495,Jung Kook,4.0,0.0682,68,Stay Alive (Prod. SUGA of BTS),K-Drama OSTs,Stay Alive (Prod. SUGA of BTS),2022-02-11,0.0,0.0,2.0,210928.0,0.299,drama,Low,2022.0,3.5154666666666667
0.736,90.002,0.514,korean,-4.364,0.18,0.495,"CHEN, Punch",4.0,0.0321,64,Descendants Of The Sun Pt.2 (Original Television Soundtrack),K-Drama OSTs,Everytime,2016-02-25,0.0,1.0,10.0,189356.0,0.483,drama,Low,2016.0,3.1559333333333335
0.426,149.898,0.532,korean,-6.117,0.134,0.137,"Jimin, HA SUNG WOON",3.0,0.0288,64,"Our Blues, Pt. 4 (Original Television Soundtrack)",K-Drama OSTs,With you,2022-04-24,0.0,1.0,3.0,201905.0,0.639,drama,Low,2022.0,3.365083333333333
0.294,87.895,0.59,korean,-8.125,0.0873,0.461,Sam Kim,4.0,0.0654,63,"Nevertheless, (Original Television Soundtrack, Pt. 6)",K-Drama OSTs,Love Me Like That,2021-07-24,0.0,1.0,9.0,211364.0,0.854,drama,Low,2021.0,3.5227333333333335
0.499,131.076,0.343,korean,-5.121,0.119,0.104,Gummy,4.0,0.0387,61,Descendants Of The Sun Pt.4 (Original Television Soundtrack),K-Drama OSTs,You Are My Everything,2016-03-10,0.0,1.0,6.0,240590.0,0.665,drama,Low,2016.0,4.009833333333333
0.431,133.675,0.497,korean,-4.755,0.153,0.167,AILEE,4.0,0.0287,63,"Guardian (Original Television Soundtrack), Pt. 9",K-Drama OSTs,I Will Go To You Like the First Snow,2017-01-07,0.0,0.0,5.0,229678.0,0.66,drama,Low,2017.0,3.8279666666666667
0.446,138.66,0.406,korean,-4.306,0.194,0.214,DAVICHI,4.0,0.0335,62,Descendants Of The Sun Pt.3 (Original Television Soundtrack),K-Drama OSTs,This Love,2016-03-03,0.0,1.0,9.0,225171.0,0.739,drama,Low,2016.0,3.75285
0.517,132.319,0.539,korean,-5.244,0.181,0.217,MINNIE,4.0,0.0282,61,"Lovely Runner, Pt. 3 (Original Soundtrack)",K-Drama OSTs,Like A Dream,2024-04-16,0.0,1.0,7.0,249217.0,0.321,drama,Low,2024.0,4.153616666666666
0.817,131.985,0.604,korean,-3.24,0.419,0.625,ECLIPSE,4.0,0.0452,60,"Lovely Runner, Pt. 1 (Original Soundtrack)",K-Drama OSTs,Run Run,2024-04-08,0.0,0.0,9.0,214681.0,0.016,drama,Low,2024.0,3.5780166666666666
0.603,100.171,0.418,korean,-9.379,0.11,0.657,Wonstein,4.0,0.204,60,Twenty-Five Twenty-One OST Part 4,K-Drama OSTs,Your Existence,2022-02-26,2.52e-05,1.0,7.0,204229.0,0.536,drama,Low,2022.0,3.4038166666666667
0.838,75.021,0.533,korean,-3.723,0.394,0.449,"CHEN, BAEKHYUN, XIUMIN",4.0,0.0319,59,"Moonlovers - Scarlet Heart Ryeo (Original Television Soundtrack), Pt. 1",K-Drama OSTs,For You,2016-08-25,0.0,1.0,0.0,196549.0,0.102,drama,Low,2016.0,3.2758166666666666
0.344,133.499,0.482,korean,-6.002,0.129,0.211,SOYOU,4.0,0.0318,59,"Guardian (Original Television Soundtrack), Pt. 7",K-Drama OSTs,I Miss You,2016-12-31,0.0,1.0,5.0,169449.0,0.901,drama,Low,2016.0,2.82415
0.834,102.038,0.603,korean,-2.339,0.0989,0.555,K.Will,4.0,0.0287,58,Descendants Of The Sun (Original Television Soundtrack) Pt.6 - Talk Love,K-Drama OSTs,Descendants Of The Sun (Original Television Soundtrack) Pt.6 - Talk Love,2016-03-18,0.0,0.0,1.0,216556.0,0.353,drama,Low,2016.0,3.6092666666666666
0.366,81.943,0.565,korean,-8.611,0.131,0.385,HAECHAN,4.0,0.0278,58,Good Person (2022),K-Drama OSTs,Good Person (2022),2022-03-05,1.21e-05,1.0,11.0,280000.0,0.657,drama,Low,2022.0,4.666666666666667
0.515,135.221,0.387,korean,-5.529,0.16,0.199,Jung Seung Hwan,4.0,0.0338,58,"Another Miss Oh, Pt. 5 (Original Television Soundtrack)",K-Drama OSTs,If It Is You,2016-05-31,0.0,1.0,2.0,272847.0,0.686,drama,Low,2016.0,4.54745
0.687,119.992,0.604,korean,-5.13,0.0718,0.504,"HEIZE, Han Suji",4.0,0.0327,56,"Guardian (Original Television Soundtrack), Pt. 14",K-Drama OSTs,Round And Round,2017-01-21,0.234,0.0,0.0,201659.0,0.757,drama,Low,2017.0,3.3609833333333334
0.839,110.989,0.756,korean,-3.994,0.101,0.702,SHINee,4.0,0.0299,56,꽃보다 남자 (Original Television Soundtrack),K-Drama OSTs,Stand By Me,2009-01-08,0.0,1.0,0.0,247107.0,0.193,drama,Low,2009.0,4.11845
0.343,121.879,0.375,korean,-7.224,0.134,0.158,LeeHi,4.0,0.0345,56,"Moonlovers: Scarlet Heart Ryeo (Original Television Soundtrack), Pt 10",K-Drama OSTs,MY LOVE,2016-10-04,0.0,1.0,11.0,220929.0,0.859,drama,Low,2016.0,3.68215
0.592,95.047,0.694,korean,-6.406,0.124,0.305,"Epik High, LeeHi",4.0,0.0367,56,"Moonlovers: Scarlet Heart Ryeo (Original Television Soundtrack), Pt 6",K-Drama OSTs,Can You Hear My Heart (feat. LEE HI),2016-09-20,0.0,1.0,7.0,248144.0,0.742,drama,Low,2016.0,4.1357333333333335
0.423,135.917,0.528,korean,-7.381,0.167,0.249,BIBI,4.0,0.0264,55,Twenty-Five Twenty-One OST Part 3,K-Drama OSTs,"Very, Slowly",2022-02-20,0.00148,1.0,8.0,214852.0,0.678,drama,Low,2022.0,3.5808666666666666
0.501,122.973,0.642,korean,-6.643,0.0914,0.298,Sam Kim,4.0,0.0324,55,"It's Okay to Not Be Okay (Original Television Soundtrack), Pt.2",K-Drama OSTs,Breath,2020-06-28,1.8e-05,1.0,6.0,253173.0,0.837,drama,Low,2020.0,4.21955
0.39,82.035,0.573,korean,-8.017,0.104,0.118,Seungmin,4.0,0.0272,55,"Hometown Cha-Cha-Cha, Pt. 7 (Original Television Soundtrack)",K-Drama OSTs,Here Always,2021-10-10,2.64e-06,1.0,2.0,254772.0,0.345,drama,Low,2021.0,4.2462
0.735,111.961,0.643,korean,-3.703,0.101,0.502,TAEIL,4.0,0.0302,55,Twenty-Five Twenty-One OST Part 1,K-Drama OSTs,Starlight,2022-02-13,0.0,1.0,2.0,225817.0,0.0786,drama,Low,2022.0,3.7636166666666666
0.48,92.157,0.853,world,-9.052,0.0323,0.815,Los Cafres,4.0,0.0512,66,Suena la Alarma,Tuvan Throat Singing,Tus Ojos,1997-09-01,0.000618,1.0,8.0,254865.0,0.0234,throat singing,Low,1997.0,4.24775
0.515,169.874,0.669,world,-6.064,0.105,0.289,Micro TDH,4.0,0.284,66,Inefable,Tuvan Throat Singing,Confianza,2017-06-16,0.0,0.0,4.0,207879.0,0.746,throat singing,Low,2017.0,3.46465
0.487,170.285,0.592,world,-9.052,0.0768,0.638,Gepe,4.0,0.251,64,Ciencia Exacta,Tuvan Throat Singing,Hablar de Ti,2017-05-26,0.0,1.0,9.0,205569.0,0.485,throat singing,Low,2017.0,3.42615
0.434,80.015,0.851,world,-9.551,0.171,0.926,Koino Yokan,4.0,0.072,64,Lo Que Hoy Quieras,Tuvan Throat Singing,Lo Que Hoy Quieras,2022-03-17,0.0,1.0,0.0,175219.0,0.52,throat singing,Low,2022.0,2.9203166666666664
0.559,126.046,0.835,world,-8.09,0.0881,0.751,"Vicente Garcia, Cultura Profética",4.0,0.0438,58,Melodrama,Tuvan Throat Singing,Mi Balcon,2011-01-01,2.16e-06,1.0,0.0,259063.0,0.202,throat singing,Low,2011.0,4.317716666666667
0.731,150.151,0.676,world,-5.253,0.624,0.812,"Los Pericos, The Original Wailers",4.0,0.0368,58,Pericos & Friends,Tuvan Throat Singing,Runaway,2010-09-28,1.26e-05,1.0,9.0,233268.0,0.0438,throat singing,Low,2010.0,3.8878
0.448,145.997,0.789,world,-7.514,0.178,0.727,Dread Mar I,4.0,0.0441,58,Caminarás Caminos,Tuvan Throat Singing,Decide Tú,2018-05-24,0.0,1.0,0.0,248467.0,0.126,throat singing,Low,2018.0,4.141116666666667
0.638,165.929,0.697,world,-5.246,0.103,0.598,Los Cafres,4.0,0.091,63,El Paso Gigante,Tuvan Throat Singing,Casi q' me pierdo,2011-09-27,0.00286,1.0,8.0,265691.0,0.0216,throat singing,Low,2011.0,4.428183333333333
0.731,85.183,0.543,world,-6.736,0.314,0.636,"Rawayana, Jambene",4.0,0.189,56,Caney,Tuvan Throat Singing,Caney,2021-11-22,0.00523,1.0,7.0,230187.0,0.257,throat singing,Low,2021.0,3.83645
0.647,149.877,0.732,world,-7.031,0.0788,0.82,Mora Navarro,4.0,0.109,27,AMORA,Tuvan Throat Singing,BSOS,2022-09-30,8.12e-05,1.0,1.0,186245.0,0.654,throat singing,Low,2022.0,3.1040833333333335
0.324,95.961,0.881,world,-10.11,0.292,0.78,Abril Olivera,4.0,0.196,31,Abril,Tuvan Throat Singing,Por el Bien de los Dos,2023-04-21,0.00516,0.0,7.0,159742.0,0.353,throat singing,Low,2023.0,2.6623666666666668
0.668,150.043,0.773,world,-4.254,0.0763,0.741,"Nicki Nicole, Dread Mar I, Bizarrap",4.0,0.366,56,Verte,Tuvan Throat Singing,Verte,2020-12-10,0.0,0.0,4.0,157419.0,0.374,throat singing,Low,2020.0,2.62365
0.603,144.018,0.717,world,-7.108,0.0854,0.808,"Los Pericos, Carla Morrison",4.0,0.0334,54,Soundamerica,Tuvan Throat Singing,Anónimos (feat. Carla Morrison),2016-10-28,6.43e-05,0.0,6.0,315933.0,0.277,throat singing,Low,2016.0,5.26555
0.687,126.956,0.883,world,-7.862,0.0955,0.716,Vicente Garcia,4.0,0.0894,54,Candela,Tuvan Throat Singing,San Bá,2019-05-24,0.000336,0.0,4.0,194213.0,0.647,throat singing,Low,2019.0,3.236883333333333
0.614,105.071,0.72,world,-7.877,0.159,0.53,Connie Isla,4.0,0.0405,18,Isla Mater,Tuvan Throat Singing,Fugaz,2023-04-13,0.000778,0.0,9.0,191429.0,0.142,throat singing,Low,2023.0,3.1904833333333333
0.815,93.984,0.751,world,-6.996,0.136,0.52,"Pahua, Eva de Marce",4.0,0.102,34,Porque Yo,Tuvan Throat Singing,Porque Yo,2023-01-27,0.0271,0.0,9.0,181915.0,0.345,throat singing,Low,2023.0,3.0319166666666666
0.702,97.514,0.77,world,-7.898,0.327,0.536,Ritmo Machine,4.0,0.0467,24,Isla del Ritmo,Tuvan Throat Singing,Isla del Ritmo,2023-01-27,0.834,0.0,3.0,196850.0,0.434,throat singing,Low,2023.0,3.2808333333333333
0.785,91.986,0.781,world,-6.773,0.134,0.644,Rels B,4.0,0.257,53,LA ISLA LP,Tuvan Throat Singing,Una Cumbia Triste,2020-12-26,0.0,0.0,4.0,211974.0,0.264,throat singing,Low,2020.0,3.5329
0.21,147.92,0.514,folk,-15.23,0.109,0.38,The Mayries,4.0,0.0326,34,9 to 5,Nordic Folk,9 to 5,2024-10-18,0.0,1.0,3.0,201182.0,0.903,nordic,Low,2024.0,3.3530333333333333
0.342,87.479,0.478,folk,-13.648,0.134,0.206,"Rhys, AKA lisa",4.0,0.0358,43,Cult to A Saint,Nordic Folk,Cult to A Saint,2024-05-17,0.00654,1.0,2.0,218400.0,0.871,nordic,Low,2024.0,3.64
0.254,143.916,0.504,folk,-12.507,0.0969,0.388,Arny Margret,4.0,0.0329,34,"I Miss You, I Do",Nordic Folk,"I Miss You, I Do",2024-10-16,0.00627,1.0,9.0,246898.0,0.886,nordic,Low,2024.0,4.114966666666667
0.23,87.492,0.754,folk,-13.228,0.107,0.418,Malen,4.0,0.0759,30,i don’t know what i saw in you,Nordic Folk,i don’t know what i saw in you,2024-05-24,0.000228,1.0,3.0,129867.0,0.693,nordic,Low,2024.0,2.16445
0.0697,75.447,0.528,folk,-11.051,0.111,0.25,Malin Pettersen,4.0,0.0535,29,The Speed of Life,Nordic Folk,The Speed of Life,2024-05-02,2.24e-05,1.0,1.0,201720.0,0.921,nordic,Low,2024.0,3.362
0.55,143.885,0.534,folk,-8.047,0.0958,0.434,NOEL,4.0,0.0673,34,Flowers at a Funeral,Nordic Folk,Flowers at a Funeral,2024-08-23,0.0,1.0,10.0,207360.0,0.188,nordic,Low,2024.0,3.456
0.426,137.989,0.618,folk,-12.846,0.146,0.173,AKA lisa,4.0,0.0403,31,codepending,Nordic Folk,codepending,2024-06-14,0.0268,1.0,3.0,194942.0,0.723,nordic,Low,2024.0,3.249033333333333
0.634,159.896,0.558,folk,-5.629,0.0896,0.796,First Aid Kit,4.0,0.0325,30,Turning Onto You,Nordic Folk,Turning Onto You,2022-09-30,7.71e-05,1.0,10.0,201827.0,0.114,nordic,Low,2022.0,3.363783333333333
0.226,131.052,0.507,folk,-11.126,0.108,0.246,Sarah Klang,4.0,0.0325,42,Beautiful Woman,Nordic Folk,Beautiful Woman,2024-08-02,0.000197,1.0,2.0,213115.0,0.804,nordic,Low,2024.0,3.5519166666666666
0.782,173.582,0.418,folk,-5.281,0.364,0.173,Smith & Thell,4.0,0.0569,36,A Chosen Family,Nordic Folk,I Let the Good Ones Go,2024-08-23,1.54e-05,1.0,7.0,235392.0,0.59,nordic,Low,2024.0,3.9232
0.337,90.007,0.565,folk,-10.716,0.405,0.35,Alexander Grandjean,4.0,0.0302,14,Bloom,Nordic Folk,Bloom,2024-04-18,0.00409,1.0,9.0,221167.0,0.919,nordic,Low,2024.0,3.6861166666666665
0.443,114.735,0.472,folk,-8.325,0.0981,0.148,Emmelie de Forest,4.0,0.0307,26,Love Songs,Nordic Folk,Love Songs,2024-10-18,0.003,1.0,10.0,175173.0,0.767,nordic,Low,2024.0,2.91955
0.484,87.993,0.525,folk,-10.562,0.123,0.247,Oklahoma,4.0,0.04,29,Animal,Nordic Folk,Animal,2024-08-23,0.00016,0.0,8.0,176133.0,0.587,nordic,Low,2024.0,2.93555
0.355,157.959,0.64,folk,-12.288,0.118,0.306,Malen,4.0,0.0313,44,anywhere,Nordic Folk,anywhere,2024-08-30,0.000644,1.0,11.0,151139.0,0.808,nordic,Low,2024.0,2.5189833333333334
0.101,75.478,0.568,folk,-10.487,0.113,0.309,Malin Pettersen,1.0,0.0662,28,Fear/Hope,Nordic Folk,Fear/Hope,2024-11-08,0.0,1.0,0.0,175010.0,0.899,nordic,Low,2024.0,2.9168333333333334
0.439,116.143,0.698,folk,-9.737,0.636,0.33,Crying Day Care Choir,4.0,0.0795,28,Atmosphere,Nordic Folk,Atmosphere,2024-11-08,0.0,0.0,11.0,215000.0,0.343,nordic,Low,2024.0,3.5833333333333335
0.707,119.946,0.414,folk,-4.651,0.0984,0.273,"Gunnhild Sundli, Ski-VM Trondheim 2025",4.0,0.0379,27,For What We Love,Nordic Folk,For What We Love,2024-11-01,0.0,0.0,11.0,179773.0,0.0264,nordic,Low,2024.0,2.9962166666666668
0.717,130.004,0.704,gospel,-5.831,0.487,0.394,Anendlessocean,4.0,0.104,50,OCTAGON,African Gospel,JUBA,2024-10-31,0.0,1.0,8.0,181000.0,0.333,african,Low,2024.0,3.0166666666666666
0.765,112.972,0.782,gospel,-5.309,0.262,0.771,"Moses Bliss, Neeja, Ajay Asika, Festizie, S.O.N Music, Chizie",4.0,0.0445,56,E Dey Flow,African Gospel,E Dey Flow,2024-06-28,0.0,1.0,5.0,156109.0,0.714,african,Low,2024.0,2.6018166666666667
0.941,117.978,0.701,gospel,-5.114,0.134,0.72,"Tim Godfrey, Fearless Community, Anderson",4.0,0.0347,52,Chapter Two,African Gospel,Big God,2023-10-06,0.00217,1.0,1.0,657912.0,0.0249,african,Low,2023.0,10.9652
0.543,143.869,0.33,gospel,-8.617,0.338,0.241,Sunmisola Agbebi,4.0,0.0322,47,Holy Spirit,African Gospel,Holy Spirit,2024-11-15,0.0,1.0,10.0,351667.0,0.0983,african,Low,2024.0,5.861116666666667
0.85,118.174,0.64,gospel,-5.519,0.148,0.698,"Moses Bliss, Festizie, Chizie, Neeja, S.O.N Music, Ajay Asika",4.0,0.18,59,You Are Great,African Gospel,You Are Great,2024-01-26,0.0,0.0,6.0,183051.0,0.1,african,Low,2024.0,3.05085
0.81,139.892,0.517,gospel,-6.569,0.115,0.301,Team Eternity Ghana,4.0,0.0729,55,Testimony,African Gospel,Defe Defe,2024-05-01,0.0,1.0,8.0,406680.0,0.0806,african,Low,2024.0,6.778
0.79,126.993,0.392,gospel,-5.402,0.562,0.305,Ebuka Songs,4.0,0.0876,54,Calling My Name (I'm A Soldier) [Live],African Gospel,Calling My Name (I'm A Soldier) - Live,2023-09-29,0.0,0.0,6.0,638798.0,0.00662,african,Low,2023.0,10.646633333333334
0.624,143.853,0.464,gospel,-4.771,0.144,0.481,"Grace Lokwa, Moses Bliss, Prinx Emmanuel",4.0,0.0617,55,Kumama,African Gospel,Kumama Papa,2022-06-03,1.79e-06,0.0,0.0,260064.0,0.83,african,Low,2022.0,4.3344
0.781,72.397,0.465,gospel,-7.564,0.0921,0.659,"EmmaOMG, The OhEmGee Choir, Pelumi Deborah, BBO",4.0,0.081,51,E Ti Tobi to (Live),African Gospel,E Ti Tobi to (Live),2024-08-11,0.0,1.0,5.0,826096.0,0.386,african,Low,2024.0,13.768266666666667
0.688,112.891,0.772,gospel,-9.39,0.274,0.785,"S.O.N Music, Neeja",4.0,0.103,57,Darling Jesus,African Gospel,Darling Jesus,2023-08-25,0.000258,1.0,9.0,121171.0,0.201,african,Low,2023.0,2.0195166666666666
0.555,148.166,0.303,gospel,-4.734,0.0719,0.284,Sunmisola Agbebi,4.0,0.0323,53,B'Ola (Honour),African Gospel,B'Ola - Honour,2023-05-19,0.0,1.0,9.0,324703.0,0.736,african,Low,2023.0,5.411716666666667
0.82,144.058,0.422,gospel,-5.148,0.617,0.331,"Dunsin Oyekan, Lawrence Oyor",4.0,0.0444,56,The Great Commission,African Gospel,Worthy of My Praise,2024-04-12,0.00174,1.0,10.0,808678.0,0.00432,african,Low,2024.0,13.477966666666667
0.524,81.999,0.579,gospel,-7.764,0.11,0.787,Anendlessocean,4.0,0.0584,52,Gratitude,African Gospel,Gratitude,2023-12-01,0.0,1.0,10.0,275000.0,0.296,african,Low,2023.0,4.583333333333333
0.61,139.456,0.313,gospel,-9.305,0.0889,0.273,Greatman Takit,4.0,0.0383,42,Look what you've done,Modern Gospel,Look what you've done,2022-12-02,0.0,1.0,4.0,528000.0,0.295,modern,Low,2022.0,8.8
0.534,137.092,0.168,gospel,-7.976,0.564,0.115,Jesus Image,4.0,0.0384,58,JESUS (Live),Modern Gospel,Yeshua - Live,2022-04-15,0.197,1.0,6.0,717000.0,0.115,modern,Low,2022.0,11.95
0.713,153.999,0.419,gospel,-8.021,0.16,0.396,Okunade Adedeji,4.0,0.0848,36,Worship Medley I,Modern Gospel,Worship Medley I,2023-10-20,0.0,1.0,7.0,974283.0,0.465,modern,Low,2023.0,16.23805
0.524,81.999,0.579,gospel,-7.764,0.11,0.787,Anendlessocean,4.0,0.0584,52,Gratitude,Modern Gospel,Gratitude,2023-12-01,0.0,1.0,10.0,275000.0,0.296,modern,Low,2023.0,4.583333333333333
0.754,137.762,0.43,gospel,-7.088,0.567,0.12,"Elevation Worship, Chris Brown",4.0,0.0619,54,Another One (feat. Chris Brown),Modern Gospel,Another One (feat. Chris Brown),2024-02-09,0.0,1.0,2.0,392308.0,0.00463,modern,Low,2024.0,6.538466666666666
0.642,149.791,0.53,gospel,-7.103,0.13,0.387,Biola Yakubu,4.0,0.05,33,PRAYER (ADURA),Modern Gospel,PRAYER (ADURA),2024-03-21,1.99e-06,1.0,11.0,305575.0,0.171,modern,Low,2024.0,5.0929166666666665
0.525,112.944,0.858,gospel,-13.455,0.365,0.469,Prinx Emmanuel,4.0,0.374,48,Bigger (odogwu),Modern Gospel,Bigger - odogwu,2023-08-18,0.000293,0.0,2.0,176082.0,0.616,modern,Low,2023.0,2.9347
0.742,159.983,0.333,gospel,-9.271,0.483,0.389,Okunade Adedeji,4.0,0.117,32,Worship Medley II,Modern Gospel,Worship Medley II,2023-10-20,0.0,0.0,1.0,1241063.0,0.109,modern,Low,2023.0,20.684383333333333
0.829,103.792,0.472,gospel,-4.615,0.255,0.342,"Maverick City Music, Naomi Raine, Chandler Moore, Tasha Cobbs Leonard",4.0,0.0634,44,The Maverick Way Complete,Modern Gospel,In The Room (feat. Tasha Cobbs Leonard),2023-10-27,0.0,1.0,11.0,597481.0,0.0991,modern,Low,2023.0,9.958016666666667
0.836,130.627,0.656,gospel,-4.44,0.143,0.612,Big Bolaji,4.0,0.201,31,Turn It Up / No Longer a Slave / Made a Way / Ekwueme (Medley) [Live],Modern Gospel,Turn It Up / No Longer a Slave / Made a Way / Ekwueme (Medley) [Live],2020-05-14,0.0,1.0,5.0,1355260.0,0.0186,modern,Low,2020.0,22.587666666666667
0.898,132.027,0.779,gospel,-4.589,0.182,0.675,Olamilekan Akamo,4.0,0.085,30,Praise Combo,Modern Gospel,Praise Combo,2023-09-24,0.142,1.0,8.0,1034000.0,0.022,modern,Low,2023.0,17.233333333333334
0.785,113.012,0.718,gospel,-8.343,0.0807,0.471,"Oba Reengy, Limoblaze, Gaise Baba",4.0,0.0516,41,Altar (Hosanna),Modern Gospel,Altar (Hosanna),2024-01-26,0.000666,1.0,7.0,172035.0,0.118,modern,Low,2024.0,2.86725
0.897,124.92,0.725,gospel,-3.521,0.311,0.707,Blessing Lopez,4.0,0.123,37,Praise Fest 1.0,Modern Gospel,Praise Fest 1.0,2023-11-13,1.23e-06,0.0,11.0,788898.0,0.487,modern,Low,2023.0,13.1483
0.79,126.993,0.392,gospel,-5.402,0.562,0.305,Ebuka Songs,4.0,0.0876,54,Calling My Name (I'm A Soldier) [Live],Modern Gospel,Calling My Name (I'm A Soldier) - Live,2023-09-29,0.0,0.0,6.0,638798.0,0.00662,modern,Low,2023.0,10.646633333333334
0.477,69.982,0.651,gospel,-12.015,0.235,0.263,Ibquake,4.0,0.547,33,Today,Modern Gospel,Today,2023-08-30,0.0,0.0,9.0,82296.0,0.682,modern,Low,2023.0,1.3716
0.941,117.978,0.701,gospel,-5.114,0.134,0.72,"Tim Godfrey, Fearless Community, Anderson",4.0,0.0347,52,Chapter Two,Modern Gospel,Big God,2023-10-06,0.00217,1.0,1.0,657912.0,0.0249,modern,Low,2023.0,10.9652
0.81,93.068,0.682,gospel,-5.25,0.157,0.867,Mazi Floss,3.0,0.069,28,Kelechi,Modern Gospel,Kelechi,2023-12-08,0.0,1.0,11.0,186004.0,0.235,modern,Low,2023.0,3.1000666666666667
0.688,112.891,0.772,gospel,-9.39,0.274,0.785,"S.O.N Music, Neeja",4.0,0.103,57,Darling Jesus,Modern Gospel,Darling Jesus,2023-08-25,0.000258,1.0,9.0,121171.0,0.201,modern,Low,2023.0,2.0195166666666666
0.929,127.003,0.813,gospel,-4.813,0.0922,0.855,Eben,4.0,0.163,50,Oil on My Head,Modern Gospel,Oil on My Head,2022-12-01,0.0,1.0,7.0,215510.0,0.156,modern,Low,2022.0,3.591833333333333
0.604,125.085,0.264,gospel,-6.828,0.381,0.155,"Sunmisola Agbebi, Lawrence Oyor",4.0,0.0436,46,"My Daddy, My Daddy (Live at AiiiH - As It Is In Heaven)",Modern Gospel,"My Daddy, My Daddy - Live at AiiiH - As It Is In Heaven",2022-12-23,0.00146,1.0,0.0,812625.0,0.0221,modern,Low,2022.0,13.54375
0.802,80.872,0.26,gospel,-5.649,0.489,0.377,"Veekee James, Shallom Matthew, OBA",3.0,0.137,37,OLÙGBÈJÀ,Modern Gospel,OLÙGBÈJÀ,2023-09-29,0.0,1.0,10.0,888000.0,0.013,modern,Low,2023.0,14.8
0.86,143.586,0.4,gospel,-4.899,0.108,0.434,Victoria Orenze,4.0,0.0533,50,Truth in Sounds,Modern Gospel,I Get Backing,2022-09-30,5.69e-06,1.0,8.0,546156.0,0.139,modern,Low,2022.0,9.1026
0.496,89.853,0.591,gospel,-8.431,0.332,0.295,"Prinx Emmanuel, Limoblaze",4.0,0.339,43,Ifunanya,Modern Gospel,Ifunanya,2023-01-30,1.07e-06,0.0,2.0,218167.0,0.501,modern,Low,2023.0,3.6361166666666667
0.641,80.052,0.509,gospel,-4.837,0.117,0.44,Mercy Chinwo,4.0,0.073,48,SATISFIED,Modern Gospel,Obinasom,2020-07-03,0.0,1.0,11.0,300878.0,0.455,modern,Low,2020.0,5.014633333333333
0.612,148.008,0.311,gospel,-5.944,0.113,0.117,"Maverick City Music, Chandler Moore, Jonathan McReynolds, DOE, Mav City Gospel Choir",4.0,0.038,47,Breathe - EP,Modern Gospel,"Breathe (feat. Jonathan McReynolds, DOE & Mav City Gospel Choir) - Studio Version",2022-02-11,0.0,1.0,1.0,326500.0,0.00377,modern,Low,2022.0,5.441666666666666
0.624,143.853,0.464,gospel,-4.771,0.144,0.481,"Grace Lokwa, Moses Bliss, Prinx Emmanuel",4.0,0.0617,55,Kumama,Modern Gospel,Kumama Papa,2022-06-03,1.79e-06,0.0,0.0,260064.0,0.83,modern,Low,2022.0,4.3344
0.868,127.939,0.777,hip-hop,-6.726,0.511,0.486,"Young Stunners, Bohemia",4.0,0.129,17,Daaku,Desi Hip-Hop,Daaku,2024-10-01,0.0,1.0,5.0,166021.0,0.381,desi,Low,2024.0,2.7670166666666667
0.864,129.933,0.787,hip-hop,-4.665,0.107,0.877,"KR$NA, Mukesh, Shankar Jaikishan",4.0,0.0926,41,Joota Japani,Desi Hip-Hop,Joota Japani,2024-01-17,8.97e-05,1.0,7.0,155077.0,0.232,desi,Low,2024.0,2.584616666666667
0.588,97.026,0.669,hip-hop,-6.902,0.179,0.237,DIVINE,4.0,0.339,62,Punya Paap,Desi Hip-Hop,3:59 AM,2020-12-03,0.0,1.0,2.0,272197.0,0.177,desi,Low,2020.0,4.536616666666666
0.663,98.022,0.819,hip-hop,-6.976,0.202,0.736,"Yo Yo Honey Singh, Paradox",4.0,0.1,66,GLORY,Desi Hip-Hop,Payal,2024-08-26,0.00012,0.0,10.0,226752.0,0.643,desi,Low,2024.0,3.7792
0.606,175.917,0.656,hip-hop,-5.948,0.105,0.38,Dhanda Nyoliwala,4.0,0.363,68,DNW Vol. 1,Desi Hip-Hop,Knife Brows,2024-10-19,0.0,1.0,9.0,175909.0,0.335,desi,Low,2024.0,2.9318166666666667
0.702,180.219,0.711,hip-hop,-10.048,0.0932,0.674,"Shubh, Ikky",4.0,0.233,68,Baller,Desi Hip-Hop,Baller,2022-09-09,0.0163,1.0,5.0,148188.0,0.00487,desi,Low,2022.0,2.4698
0.737,140.055,0.858,hip-hop,-7.077,0.117,0.717,"Seedhe Maut, KR$NA",4.0,0.266,61,Lunch Break,Desi Hip-Hop,Khatta Flow,2023-08-19,0.0,1.0,9.0,152415.0,0.284,desi,Low,2023.0,2.54025
0.703,90.012,0.816,hip-hop,-7.642,0.12,0.591,Dhanda Nyoliwala,4.0,0.322,60,DNW Vol. 1,Desi Hip-Hop,Illegal,2024-10-19,0.0,1.0,9.0,173333.0,0.121,desi,Low,2024.0,2.8888833333333332
0.905,137.953,0.83,hip-hop,-5.018,0.153,0.926,KR$NA,4.0,0.237,59,I Guess,Desi Hip-Hop,I Guess,2022-10-26,0.0,0.0,8.0,186087.0,0.172,desi,Low,2022.0,3.10145
0.568,95.251,0.928,hip-hop,-4.022,0.129,0.513,"Real Boss, BIG KAY SMG",4.0,0.315,65,Murder,Desi Hip-Hop,Murder,2022-10-21,0.0,1.0,0.0,182763.0,0.182,desi,Low,2022.0,3.04605
0.837,85.075,0.598,hip-hop,-4.83,0.191,0.893,"DIVINE, Karan Aujla",4.0,0.299,58,100 Million,Desi Hip-Hop,100 Million,2024-01-18,1.83e-06,0.0,10.0,192479.0,0.185,desi,Low,2024.0,3.2079833333333334
0.693,141.794,0.706,hip-hop,-5.502,0.346,0.838,Varinder Brar,4.0,0.259,67,12 Bande,Desi Hip-Hop,12 Bande,2021-10-11,0.0,1.0,0.0,204507.0,0.0123,desi,Low,2021.0,3.40845
0.46,149.909,0.636,hip-hop,-8.036,0.114,0.474,"Umair, Talha Anjum",4.0,0.306,64,"ghosts, and goodbyes",Desi Hip-Hop,love lost,2024-08-08,0.0,0.0,3.0,180800.0,0.745,desi,Low,2024.0,3.013333333333333
0.456,95.992,0.816,hip-hop,-8.281,0.189,0.534,"Young Stunners, Talha Anjum, Talhah Yunus",4.0,0.569,62,Afsanay,Desi Hip-Hop,Afsanay,2021-03-29,0.0,0.0,9.0,343118.0,0.529,desi,Low,2021.0,5.718633333333333
0.548,129.972,0.871,hip-hop,-8.912,0.12,0.652,"MC SQUARE, Hiten",4.0,0.186,62,Laado,Desi Hip-Hop,Laado,2023-08-30,0.000157,1.0,2.0,148615.0,0.669,desi,Low,2023.0,2.476916666666667
0.447,120.069,0.856,hip-hop,-7.86,0.108,0.391,"Talha Anjum, Umair",4.0,0.102,59,Open Letter,Desi Hip-Hop,Downers At Dusk,2023-02-18,0.0,1.0,9.0,256000.0,0.744,desi,Low,2023.0,4.266666666666667
0.472,149.97,0.748,hip-hop,-9.266,0.102,0.364,King,4.0,0.125,60,Ektarfa,Desi Hip-Hop,Ektarfa,2022-05-20,1.1e-05,0.0,0.0,230904.0,0.596,desi,Low,2022.0,3.8484
0.644,150.015,0.749,hip-hop,-6.558,0.12,0.446,"Sidhu Moose Wala, Mxrci, AR Paisley",4.0,0.336,64,Drippy,Desi Hip-Hop,Drippy,2024-02-02,0.0,1.0,9.0,195200.0,0.0435,desi,Low,2024.0,3.2533333333333334
0.684,100.042,0.769,hip-hop,-6.113,0.18,0.483,"Sukha, Chani Nattan, Prodgk, Gurlez Akhtar",4.0,0.148,68,UNDISPUTED,Desi Hip-Hop,8 ASLE,2023-11-17,0.0,0.0,10.0,161000.0,0.0977,desi,Low,2023.0,2.683333333333333
0.752,140.032,0.788,hip-hop,-3.823,0.61,0.236,"AP Dhillon, Gurinder Gill, Money Musik, AR Paisley",4.0,0.0843,58,Not by Chance,Desi Hip-Hop,Takeover,2020-12-23,0.0,1.0,1.0,209143.0,0.0711,desi,Low,2020.0,3.485716666666667
0.622,144.005,0.715,hip-hop,-6.318,0.253,0.644,Irshad Khan,4.0,0.213,65,Haryana Hood,Desi Hip-Hop,Haryana Hood,2022-12-27,0.0,0.0,8.0,211480.0,0.237,desi,Low,2022.0,3.5246666666666666
0.745,139.9,0.868,hip-hop,-5.82,0.431,0.762,"Laddi Chahal, Parmish Verma, Gurlez Akhtar",4.0,0.268,67,Forever,Desi Hip-Hop,Rubicon Drill,2022-11-16,0.000342,0.0,11.0,188571.0,0.187,desi,Low,2022.0,3.14285
0.558,112.617,0.683,hip-hop,-7.947,0.128,0.362,"Talha Anjum, Umair",5.0,0.313,58,Kaun Talha,Desi Hip-Hop,Kaun Talha,2024-06-10,1.66e-05,1.0,8.0,269409.0,0.0561,desi,Low,2024.0,4.49015
0.928,129.188,0.452,punk,-3.133,0.226,0.6,Dropkick Murphys,4.0,0.079,67,The Warrior's Code,Celtic Punk,I'm Shipping Up To Boston,2005-07-19,0.000637,1.0,2.0,153600.0,0.000706,celtic,Low,2005.0,2.56
0.848,147.009,0.63,punk,-3.463,0.37,0.738,The Rumjacks,4.0,0.0373,50,Gangs of New Holland,Celtic Punk,An Irish Pub Song,2010-09-22,3.99e-06,1.0,2.0,202133.0,0.075,celtic,Low,2010.0,3.3688833333333332
0.957,155.06,0.209,punk,-4.336,0.315,0.578,Flogging Molly,4.0,0.0921,49,Drunken Lullabies,Celtic Punk,What's Left of the Flag,2002-03-19,3.38e-05,1.0,7.0,218960.0,0.00306,celtic,Low,2002.0,3.6493333333333333
0.506,113.77,0.828,punk,-10.297,0.318,0.897,Smokey Bastard,3.0,0.485,49,Tales from the Wasteland,Celtic Punk,My Son John,2011-02-16,0.0,0.0,5.0,100573.0,0.87,celtic,Low,2011.0,1.6762166666666667
0.482,104.717,0.83,punk,-9.063,0.131,0.741,The Dreadnoughts,4.0,0.202,47,Uncle Touchy Goes to College,Celtic Punk,The Cruel Wars,2011-06-08,0.0,1.0,3.0,187755.0,0.767,celtic,Low,2011.0,3.12925
0.912,108.084,0.323,punk,-2.059,0.373,0.609,Dropkick Murphys,4.0,0.0425,59,SIGNED and SEALED in BLOOD,Celtic Punk,Rose Tattoo,2013-01-08,0.0,0.0,9.0,306520.0,0.0219,celtic,Low,2013.0,5.108666666666666
0.957,144.889,0.581,punk,-2.324,0.367,0.961,Sir Reg,4.0,0.04,45,SIR REG,Celtic Punk,Arrive On St. Patrick's Day,2010-04-06,3.68e-06,0.0,9.0,196667.0,0.119,celtic,Low,2010.0,3.2777833333333333
0.934,79.949,0.373,punk,-6.581,0.398,0.776,Flogging Molly,4.0,0.085,48,Swagger,Celtic Punk,Salty Dog,2000-03-07,0.000184,1.0,7.0,141427.0,0.00742,celtic,Low,2000.0,2.3571166666666667
0.973,151.18,0.405,punk,-2.835,0.157,0.81,The Rumjacks,4.0,0.0485,44,Sleepin' Rough,Celtic Punk,A Fistful O' Roses,2016-08-05,0.0495,1.0,7.0,287187.0,0.00292,celtic,Low,2016.0,4.78645
0.752,141.085,0.461,punk,-8.738,0.116,0.897,Blaggards,4.0,0.0606,43,Standards,Celtic Punk,Drunken Sailor,2005-01-01,0.00043,1.0,7.0,158213.0,0.0211,celtic,Low,2005.0,2.6368833333333335
0.967,111.676,0.398,punk,-3.232,0.18,0.611,Dropkick Murphys,4.0,0.0611,55,The Meanest Of Times,Celtic Punk,The State Of Massachusetts,2007-09-18,5.71e-06,0.0,2.0,232187.0,0.000945,celtic,Low,2007.0,3.8697833333333334
0.903,149.881,0.461,punk,-6.124,0.0825,0.828,The Stanfields,4.0,0.0436,43,Modem Operandi,Celtic Punk,Fight Song,2015-09-18,0.00623,1.0,2.0,167440.0,0.00538,celtic,Low,2015.0,2.7906666666666666
0.489,136.16,0.347,punk,-7.662,0.221,0.361,Flogging Molly,4.0,0.0341,44,Swagger,Celtic Punk,The Worst Day Since Yesterday,2000-03-07,2.09e-06,1.0,2.0,218787.0,0.287,celtic,Low,2000.0,3.64645
0.906,89.963,0.576,punk,-5.483,0.393,0.801,Smokey Bastard,4.0,0.0744,42,Tales from the Wasteland,Celtic Punk,"Cheer Up Love (Worse Things Happen at Sea), Pt. 3",2011-02-16,0.0,0.0,6.0,151560.0,0.0507,celtic,Low,2011.0,2.526
0.644,151.065,0.677,reggae,-9.337,0.106,0.536,Sticky Fingers,4.0,0.0971,67,Caress Your Soul,Reggae Fusion,How To Fly,2013-03-08,0.00178,0.0,8.0,202187.0,0.161,fusion,Low,2013.0,3.3697833333333334
0.624,82.524,0.763,reggae,-7.454,0.104,0.851,"Stick Figure, Collie Buddz",4.0,0.0736,65,Set in Stone,Reggae Fusion,Smokin' Love (with Collie Buddz),2015-11-13,0.00131,0.0,7.0,214206.0,0.408,fusion,Low,2015.0,3.5701
0.757,80.976,0.708,reggae,-5.121,0.17,0.552,Sublime,4.0,0.0791,66,Sublime,Reggae Fusion,Doin' Time,1996-07-30,0.0,1.0,7.0,253840.0,0.0362,fusion,Low,1996.0,4.230666666666667
0.651,85.091,0.677,reggae,-7.245,0.198,0.434,"ANORA, Stick Figure, Walshy Fire",4.0,0.0538,49,Love Me Easy,Reggae Fusion,Love Me Easy,2022-03-04,0.0327,0.0,1.0,170017.0,0.0706,fusion,Low,2022.0,2.8336166666666665
0.728,133.999,0.71,reggae,-4.736,0.145,0.859,"Skip Marley, Damian Marley",4.0,0.0873,50,Higher Place,Reggae Fusion,That's Not True,2020-08-28,0.0,0.0,6.0,208893.0,0.153,fusion,Low,2020.0,3.48155
0.771,139.989,0.655,reggae,-4.606,0.0825,0.703,"Tropidelic, 311",4.0,0.0334,48,All The Colors,Reggae Fusion,Falling Down (with Nick Hexum of 311),2022-08-05,0.0,1.0,0.0,198282.0,0.0924,fusion,Low,2022.0,3.3047
0.726,74.995,0.781,reggae,-5.733,0.0764,0.961,Slightly Stoopid,4.0,0.102,50,Closer to the Sun,Reggae Fusion,This Joint,2005-04-19,0.00204,0.0,10.0,247720.0,0.241,fusion,Low,2005.0,4.128666666666667
0.527,76.022,0.801,reggae,-7.191,0.131,0.52,"Pepper, Stick Figure",4.0,0.118,50,Local Motion,Reggae Fusion,Warning (feat. Stick Figure),2019-06-28,0.118,0.0,1.0,232160.0,0.0192,fusion,Low,2019.0,3.8693333333333335
0.803,96.014,0.624,reggae,-4.704,0.361,0.846,Dirty Heads,4.0,0.0343,45,Dirty Heads,Reggae Fusion,Feeling Good,2016-07-15,2.15e-06,1.0,0.0,201847.0,0.0154,fusion,Low,2016.0,3.364116666666667
0.849,102.003,0.66,reggae,-5.97,0.0878,0.839,Sticky Fingers,4.0,0.029,60,Land Of Pleasure,Reggae Fusion,Gold Snafu,2014-08-01,0.000107,1.0,0.0,218903.0,0.00458,fusion,Low,2014.0,3.6483833333333333
0.538,141.017,0.869,reggae,-6.239,0.162,0.742,"Stick Figure, Slightly Stoopid",4.0,0.0437,62,World on Fire,Reggae Fusion,World on Fire (feat. Slightly Stoopid),2019-08-30,0.128,0.0,2.0,238810.0,0.333,fusion,Low,2019.0,3.980166666666667
0.65,77.6,0.674,reggae,-6.021,0.0953,0.793,"The Movement, Slightly Stoopid",4.0,0.213,50,Always With Me,Reggae Fusion,Sounds Of Summer (with Slightly Stoopid),2022-07-29,6.21e-05,1.0,9.0,221627.0,0.0323,fusion,Low,2022.0,3.693783333333333
0.392,117.644,0.774,jazz,-12.751,0.0669,0.963,"Putumayo, Cuba Quartet",4.0,0.0669,37,Tropical Party by Putumayo,Latin Jazz,Guajira Linda,2024-01-12,0.947,0.0,7.0,71361.0,0.406,latin,Low,2024.0,1.18935
0.477,117.403,0.802,jazz,-12.882,0.112,0.785,"Machito & His Orchestra, Candido Camero, Paul Cohen, Curtis Fuller, Joe Newman, Herbie Mann, Cannonball Adderley, Doc Cheatham",4.0,0.0608,31,A Man And His Music: El Padrino,Latin Jazz,Congo Mulence,2011-04-05,0.728,1.0,5.0,180720.0,0.823,latin,Low,2011.0,3.012
0.531,123.195,0.707,jazz,-9.62,0.0762,0.947,Los Poboycitos,4.0,0.0378,29,Putumayo Presents New Orleans Mambo,Latin Jazz,Jive Samba,2020-10-23,0.724,0.0,0.0,156053.0,0.0172,latin,Low,2020.0,2.6008833333333334
0.449,120.753,0.634,jazz,-13.302,0.318,0.791,Poncho Sanchez,4.0,0.0432,34,Cambios,Latin Jazz,El Sabroson,1991-01-01,0.151,0.0,2.0,313707.0,0.565,latin,Low,1991.0,5.22845
0.485,120.001,0.847,jazz,-10.652,0.12,0.696,Jesús Alejandro El Niño,4.0,0.0341,29,Putumayo Presents Afro-Cubano,Latin Jazz,Adios Guajira,2022-07-29,0.000248,1.0,10.0,246626.0,0.472,latin,Low,2022.0,4.110433333333333
0.379,122.509,0.7,jazz,-12.316,0.229,0.545,Tito Puente,4.0,0.0351,32,Goza Mi Timbal,Latin Jazz,Cha Cha Cha,1990-01-01,0.19,0.0,2.0,397799.0,0.8,latin,Low,1990.0,6.629983333333334
0.589,120.005,0.857,jazz,-6.889,0.0993,0.925,"Putumayo, Guaschara",4.0,0.044,31,Fiesta Latina by Putumayo,Latin Jazz,La Melodía,2024-02-23,0.000607,0.0,0.0,289400.0,0.612,latin,Low,2024.0,4.823333333333333
0.47,103.728,0.779,jazz,-12.726,0.15,0.678,Manu Dibango,4.0,0.0362,28,Putumayo Presents Afro-Cubano,Latin Jazz,Bessoka - Version Courte,2022-07-29,0.703,0.0,7.0,207827.0,0.581,latin,Low,2022.0,3.463783333333333
0.423,127.942,0.799,jazz,-10.155,0.245,0.852,Tómas R. Einarsson,4.0,0.039,32,Havana,Latin Jazz,Hægt en bítandi,2003-01-01,0.746,1.0,2.0,170156.0,0.275,latin,Low,2003.0,2.835933333333333
0.412,140.046,0.73,jazz,-13.887,0.0724,0.75,Mel Malonga,4.0,0.0389,27,Putumayo Presents Afro-Cubano,Latin Jazz,Requiem de l'Amour,2022-07-29,0.00192,0.0,7.0,243695.0,0.757,latin,Low,2022.0,4.061583333333333
0.605,154.781,0.662,jazz,-10.289,0.0852,0.576,Armando Garzon,4.0,0.0458,30,Putumayo Presents Cuba! Cuba!,Latin Jazz,Chan Chan,2017-05-26,0.0128,1.0,7.0,388587.0,0.0323,latin,Low,2017.0,6.47645
0.67,163.227,0.716,jazz,-9.614,0.304,0.97,"Putumayo, Dany Martinez & His Charanga",4.0,0.0646,28,Píntame un Son,Latin Jazz,Píntame un Son,2023-09-14,0.00293,0.0,7.0,251832.0,0.512,latin,Low,2023.0,4.1972
0.209,128.222,0.662,latin,-12.024,0.0964,0.807,"Francisco Canaro, Roberto Maida",4.0,0.0979,19,(1937),Tango Classics,Condena,2016-04-26,0.0975,1.0,6.0,161000.0,0.864,tango,Low,2016.0,2.683333333333333
0.356,134.7,0.524,latin,-6.831,0.332,0.696,"Francisco Canaro, Orquesta Francisco Canaro",4.0,0.0419,14,A Media Luz,Tango Classics,La Maleva,2014-08-08,0.527,1.0,5.0,165093.0,0.889,tango,Low,2014.0,2.75155
0.399,121.014,0.645,latin,-9.095,0.245,0.849,Alfredo De Angelis,4.0,0.0322,14,Cuando Llora la Milonga,Tango Classics,Mi Dolor,2009-04-16,0.173,0.0,2.0,171040.0,0.811,tango,Low,2009.0,2.8506666666666667
0.266,116.479,0.463,latin,-11.204,0.111,0.54,Carlos Di Sarli,4.0,0.0326,21,Tango Classics 213: Indio Manso,Tango Classics,Bahia Blanca,2012-05-11,0.807,0.0,6.0,165709.0,0.849,tango,Low,2012.0,2.761816666666667
0.281,112.087,0.511,latin,-8.761,0.104,0.528,Alberto Di Paulo,4.0,0.0284,15,Orquesta Especial para Bailar Tango,Tango Classics,A la Gran Muñeca,2015-07-15,0.877,1.0,9.0,173493.0,0.911,tango,Low,2015.0,2.89155
0.257,117.325,0.527,latin,-9.949,0.108,0.488,Color Tango,4.0,0.038,23,"Tango a Pugliese Con Estilo para Bailar, Vol. 3",Tango Classics,Yunta de Oro,2005-03-22,0.53,0.0,0.0,204591.0,0.742,tango,Low,2005.0,3.40985
0.359,121.875,0.53,latin,-8.459,0.114,0.724,Romántica Milonguera,4.0,0.037,26,Romántica Milonguera,Tango Classics,Buscándote,2017-04-28,0.0014,1.0,7.0,175747.0,0.783,tango,Low,2017.0,2.929116666666667
0.339,123.064,0.593,latin,-6.827,0.177,0.602,Romántica Milonguera,4.0,0.0501,26,Romántica Milonguera,Tango Classics,Oigo Tu Voz,2017-04-28,0.00106,0.0,0.0,194827.0,0.837,tango,Low,2017.0,3.247116666666667
0.244,157.413,0.36,latin,-14.016,0.101,0.538,Orchestra Eleni Karaindrou,3.0,0.0397,40,O Melissokomos,Tango Classics,To Vals Tou Gamou - Remastered,2006-04-14,0.0,0.0,11.0,254760.0,0.297,tango,Low,2006.0,4.246
0.664,101.9,0.914,world,-10.437,0.168,0.946,The Dixie Cups,4.0,0.229,51,The Very Best of The Dixie Cups: Chapel of Love,Cajun Zydeco,Iko Iko,2006-12-13,0.000186,0.0,9.0,126500.0,0.431,cajun,Low,2006.0,2.1083333333333334
0.264,90.895,0.56,world,-16.773,0.43,0.916,The Balfa Brothers,4.0,0.0325,33,"The Balfa Brothers Play Traditional Cajun Music, Vol. 1 & 2",Cajun Zydeco,La danse de Mardi Gras,1990-07-18,0.0,1.0,7.0,142240.0,0.531,cajun,Low,1990.0,2.3706666666666667
0.377,96.105,0.7,world,-7.258,0.0807,0.319,Tab Benoit,3.0,0.0468,39,Medicine,Cajun Zydeco,Sunrise,2011-01-01,0.189,1.0,0.0,225520.0,0.201,cajun,Low,2011.0,3.7586666666666666
0.428,67.559,0.307,world,-8.418,0.125,0.403,Clifton Chenier,4.0,0.0334,26,The Best of Clifton Chenier: The King of Zydeco & Louisiana Blues,Cajun Zydeco,I'm Coming Home (To See My Mother),2003-01-01,0.0,0.0,2.0,199893.0,0.0578,cajun,Low,2003.0,3.33155
0.778,149.956,0.693,world,-7.807,0.0327,0.976,Chris Ardoin,4.0,0.038,30,Back Home,Cajun Zydeco,Put n' Work,2014-02-25,0.00193,0.0,1.0,248064.0,0.11,cajun,Low,2014.0,4.1344
0.649,167.366,0.789,world,-10.496,0.0997,0.973,Rockin' Sidney,4.0,0.055,26,My Toot Toot,Cajun Zydeco,My Toot Toot,1991-02-13,2.17e-06,1.0,5.0,229760.0,0.29,cajun,Low,1991.0,3.8293333333333335
0.89,77.278,0.76,world,-5.152,0.118,0.931,"Keith Frank, The Soileau Zydeco Band",4.0,0.0563,26,Loved. Feared. Respected.,Cajun Zydeco,Overcome,2009-05-26,0.00189,1.0,7.0,289307.0,0.115,cajun,Low,2009.0,4.821783333333333
0.393,172.226,0.414,world,-12.353,0.155,0.517,Buckwheat Zydeco,3.0,0.033,23,Where There's Smoke There's Fire,Cajun Zydeco,Beast Of Burden,1990-01-01,1.55e-06,1.0,2.0,222653.0,0.215,cajun,Low,1990.0,3.7108833333333333
0.33,177.976,0.536,world,-13.939,0.531,0.961,Lil' Bob & the Lollipops,4.0,0.0398,31,"Swamp Gold, Vol. 1",Cajun Zydeco,I Got Loaded,1991-06-17,0.845,1.0,7.0,149674.0,0.822,cajun,Low,1991.0,2.4945666666666666
0.337,96.059,0.776,world,-7.236,0.189,0.734,Latché Swing,4.0,0.0505,40,Latché Swing,Klezmer Traditions,Valse a Bamboula,2014-02-14,0.931,0.0,2.0,141733.0,0.96,klezmer,Low,2014.0,2.362216666666667
0.384,145.408,0.436,world,-13.446,0.155,0.704,Cafe Accordion Orchestra,3.0,0.0326,44,Dancing On the Moon,Klezmer Traditions,Amor del Bajo Corrales,1996-01-01,0.823,1.0,9.0,208320.0,0.505,klezmer,Low,1996.0,3.472
0.34,121.01,0.85,world,-12.183,0.115,0.781,Patrick Saussois,4.0,0.0454,40,Alma Sinti,Klezmer Traditions,Lucciola,1996-03-01,0.869,1.0,9.0,147373.0,0.807,klezmer,Low,1996.0,2.4562166666666667
0.0987,78.926,0.497,world,-18.567,0.244,0.412,Gus Viseur,4.0,0.0442,29,De Clichy A Broadway,Klezmer Traditions,Quel temps fait-il à Paris ?,2002-01-01,0.891,1.0,7.0,103240.0,0.989,klezmer,Low,2002.0,1.7206666666666666
0.675,105.138,0.804,world,-8.997,0.108,0.821,Riccardo Tesi,4.0,0.0584,30,Un ballo liscio,Klezmer Traditions,Il battagliero - Valzer,1997-01-01,0.75,1.0,5.0,157267.0,0.792,klezmer,Low,1997.0,2.6211166666666665
0.619,99.444,0.6,world,-10.252,0.067,0.889,Lucho Bermúdez,4.0,0.0556,48,Fiesta de negritos (Remastered),Klezmer Traditions,Fiesta de negritos - Remastered,2023-12-31,0.000146,0.0,9.0,151651.0,0.0982,klezmer,Low,2023.0,2.5275166666666666
0.338,105.677,0.368,world,-11.419,0.109,0.202,Stars Of St. Petersburg,4.0,0.0283,29,Russia's Most Beautiful Tunes: The Stars of St. Petersburg,Klezmer Traditions,To Nie Vetier,2012-02-07,0.924,0.0,6.0,178640.0,0.872,klezmer,Low,2012.0,2.977333333333333
0.394,82.643,0.696,world,-7.454,0.0992,0.543,"Sofia Vebo, Imam Baildi",4.0,0.0902,29,Imam Baildi,Klezmer Traditions,Poso Lipame - Remix,2007-01-01,0.0194,0.0,1.0,258080.0,0.0554,klezmer,Low,2007.0,4.301333333333333
0.394,197.358,0.436,world,-7.924,0.547,0.829,Dave Tarras,4.0,0.102,11,Yiddish-American Klezmer Music - 1925-1956,Klezmer Traditions,A Vaibele A Tsnien,2005-06-20,0.0,1.0,11.0,163960.0,0.961,klezmer,Low,2005.0,2.732666666666667
0.309,131.552,0.62,world,-14.296,0.1,0.595,Tatiana Eva-Marie,4.0,0.0414,23,Paris,Klezmer Traditions,Paris au mois de Septembre,2019-07-14,0.0376,1.0,10.0,193229.0,0.91,klezmer,Low,2019.0,3.220483333333333
0.478,142.934,0.472,world,-5.847,0.226,0.724,Cafe Accordion Orchestra,3.0,0.0313,26,La Zingara,Klezmer Traditions,La Zingara,2013-01-02,0.213,0.0,9.0,198347.0,0.617,klezmer,Low,2013.0,3.3057833333333333
0.782,119.992,0.727,electronic,-8.529,0.225,0.655,"Adam Port, Stryv, Keinemusik, Orso, Malachiii",4.0,0.042,68,Move,Afro House,Move,2024-06-07,0.336,0.0,8.0,177599.0,0.0563,afro house,Low,2024.0,2.959983333333333
0.721,119.995,0.756,electronic,-9.453,0.225,0.571,"Rampa, Adam Port, &ME, chuala, Keinemusik",4.0,0.0405,60,Say What,Afro House,Say What,2024-10-25,0.251,1.0,7.0,181594.0,0.0965,afro house,Low,2024.0,3.0265666666666666
0.851,122.971,0.669,electronic,-5.008,0.118,0.0825,"Hydawai, CMC$, Benji (UK)",4.0,0.0383,63,Gabriel,Afro House,Gabriel,2024-06-28,0.0377,0.0,10.0,197073.0,0.0913,afro house,Low,2024.0,3.28455
0.865,125.997,0.764,electronic,-6.907,0.0617,0.177,"Jerry Ropero, HUGEL, Mijangos, Jesús Fernández",4.0,0.109,63,CORAÇAO (20th Anniversary Mix),Afro House,CORAÇAO - 20th Anniversary Mix,2024-08-09,0.722,0.0,6.0,175714.0,0.0118,afro house,Low,2024.0,2.9285666666666668
0.826,121.009,0.642,electronic,-5.247,0.092,0.501,"Naomi Sharon, Marten Lou",4.0,0.0522,61,Another Life (Remixes),Afro House,Another Life - Marten Lou Remix,2023-08-24,0.727,0.0,11.0,303068.0,0.00406,afro house,Low,2023.0,5.0511333333333335
0.879,123.004,0.741,electronic,-6.132,0.126,0.362,"James Mac, Vall, Rosalie",4.0,0.0425,68,The Boy Is Mine,Afro House,The Boy Is Mine,2023-06-23,0.0433,0.0,1.0,201713.0,0.0841,afro house,Low,2023.0,3.361883333333333
0.954,123.943,0.772,electronic,-6.176,0.193,0.396,"HUGEL, Totó La Momposina",4.0,0.0801,62,La Verdolaga (feat. Totó La Momposina),Afro House,La Verdolaga (feat. Totó La Momposina),2024-06-28,0.521,1.0,4.0,150988.0,0.00444,afro house,Low,2024.0,2.5164666666666666
0.755,120.036,0.597,electronic,-7.341,0.205,0.114,"Nitefreak, Emmanuel Jal",4.0,0.0336,67,Gorah,Afro House,Gorah,2023-11-03,0.885,0.0,1.0,246000.0,0.000135,afro house,Low,2023.0,4.1
0.783,127.01,0.714,electronic,-5.979,0.0841,0.539,"Afro Medusa, Knee Deep",4.0,0.0383,64,Pasilda,Afro House,Pasilda - Knee Deep Mix,1999-01-29,0.881,0.0,5.0,209500.0,0.000178,afro house,Low,1999.0,3.4916666666666667
0.656,119.003,0.672,electronic,-8.313,0.0756,0.338,Eden Shalev,4.0,0.0426,59,Papi (Bhabi),Afro House,Papi (Bhabi),2022-12-02,0.538,1.0,8.0,346125.0,0.000577,afro house,Low,2022.0,5.76875
0.745,122.015,0.692,electronic,-7.785,0.131,0.302,"Maz, APACHE (FR), MAXI MERAKI, Tabia",4.0,0.0519,59,Nothing On Me,Afro House,Nothing On Me,2023-07-14,0.879,0.0,6.0,242295.0,0.00184,afro house,Low,2023.0,4.03825
0.739,122.986,0.578,electronic,-9.019,0.148,0.123,Alice DiMar,4.0,0.0312,57,Makeda,Afro House,Makeda,2024-08-02,0.634,1.0,7.0,239878.0,0.000969,afro house,Low,2024.0,3.9979666666666667
0.812,119.994,0.662,electronic,-7.719,0.234,0.0977,"HUGEL, GROSSOMODDO",4.0,0.0451,62,Andalucia,Afro House,Andalucia,2024-05-31,0.763,0.0,1.0,229000.0,0.00396,afro house,Low,2024.0,3.816666666666667
0.873,121.999,0.735,electronic,-3.971,0.348,0.348,Space Motion,4.0,0.0459,56,Baiana,Afro House,Baiana - Radio Edit,2024-02-16,0.164,1.0,2.0,208525.0,0.00273,afro house,Low,2024.0,3.475416666666667
0.777,122.021,0.672,electronic,-7.994,0.0751,0.446,"Dennis Ferrer, Jack Back, David Guetta",4.0,0.0443,55,Hey Hey (Jack Back Remix),Afro House,Hey Hey - Jack Back Remix,2024-02-02,0.174,0.0,1.0,149528.0,0.00535,afro house,Low,2024.0,2.4921333333333333
0.708,119.988,0.675,electronic,-7.42,0.0898,0.586,"&friends, Nitefreak, eL-Jay, Oluwadamvic",4.0,0.0325,59,Ode Ireti (Nitefreak Remix),Afro House,Ode Ireti - Nitefreak Remix,2022-10-07,0.0841,0.0,8.0,239926.0,0.0132,afro house,Low,2022.0,3.9987666666666666
0.714,123.946,0.696,electronic,-9.122,0.137,0.067,"Ahmed Spins, Idd Aziz",4.0,0.0547,51,Sawa,Afro House,Sawa,2020-07-10,0.00837,1.0,5.0,287419.0,0.0991,afro house,Low,2020.0,4.790316666666667
0.811,122.013,0.645,electronic,-6.177,0.0983,0.196,Notre Dame,4.0,0.0284,50,Yumi (edit),Afro House,Yumi - edit,2023-06-23,0.377,0.0,5.0,197213.0,0.00822,afro house,Low,2023.0,3.2868833333333334
0.901,118.006,0.625,electronic,-9.194,0.148,0.12,"Kelis, Alex Wann",4.0,0.0429,63,Milkshake 20 (Alex Wann Remix),Afro House,Milkshake 20 - Alex Wann Remix,2023-09-12,0.929,1.0,10.0,176949.0,0.486,afro house,Low,2023.0,2.94915
0.914,126.001,0.754,electronic,-8.151,0.0994,0.346,"Luedji Luna, Maz",4.0,0.0413,59,Banho de Folhas (Maz Remix),Afro House,Banho de Folhas - Maz Remix,2022-04-06,0.764,0.0,6.0,215476.0,0.0275,afro house,Low,2022.0,3.591266666666667
0.911,119.998,0.617,electronic,-7.846,0.0911,0.454,"&friends, Samuel Cosmic, Oluwadamvic, Alex Wann",4.0,0.0496,57,Ominira Remix EP,Afro House,Halele - Alex Wann Remix,2023-10-27,0.231,0.0,7.0,228000.0,0.161,afro house,Low,2023.0,3.8
0.653,120.051,0.652,electronic,-9.869,0.138,0.0745,"ItsArius, Lynnic, Dinia",4.0,0.0704,54,Somebody’s Watching Me,Afro House,Somebody’s Watching Me,2024-07-26,0.0273,0.0,11.0,169380.0,0.428,afro house,Low,2024.0,2.823
0.726,122.978,0.7,electronic,-9.583,0.115,0.122,"Gianni Romano, Emanuele Esposito, Helen Tesfazghi",4.0,0.0358,50,It's Not Right (Remixes Part I),Afro House,It's Not Right - Radio Edit,2023-01-13,0.046,1.0,1.0,195122.0,0.132,afro house,Low,2023.0,3.2520333333333333
0.816,121.983,0.701,electronic,-10.55,0.123,0.207,"Caiiro, AWEN, Adam Port",4.0,0.0355,63,Your Voice (Adam Port Remix),Afro House,Your Voice - Adam Port Remix,2022-08-19,0.413,0.0,11.0,260656.0,0.0112,afro house,Low,2022.0,4.344266666666667
0.794,123.025,0.679,electronic,-9.803,0.0928,0.389,"Ahmed Spins, Stevo Atambire",4.0,0.0353,66,Anchor Point EP,Afro House,Anchor Point,2022-06-03,0.51,1.0,2.0,359024.0,0.389,afro house,Low,2022.0,5.983733333333333
0.878,129.996,0.521,electronic,-4.424,0.124,0.563,Pathetic,4.0,0.0273,48,Dancing Nihilist,Experimental Electronic,Dancing Nihilist,2023-08-25,0.000299,1.0,7.0,219723.0,0.158,experimental,Low,2023.0,3.66205
0.505,114.532,0.51,electronic,-13.053,0.117,0.318,Aphex Twin,4.0,0.0344,62,Selected Ambient Works 85-92,Experimental Electronic,Xtal,1992-02-10,0.96,0.0,9.0,293752.0,0.342,experimental,Low,1992.0,4.895866666666667
0.8,121.873,0.655,electronic,-11.549,0.0927,0.108,⣎⡇ꉺლ༽இ•̛)ྀ◞ ༎ຶ ༽ৣৢ؞ৢ؞ؖ ꉺლ,4.0,0.0541,35,̸ ̡ ҉ ҉.·๑ඕั ҉ ̸ ̡ ҉ ҉.·๑ඕั ҉ ̸ ̡ ҉ ҉.·๑ඕั ҉ ̸ ̡ ҉ ҉.·๑ඕั ҉ ̸ ̡ ҉ ҉.·๑ඕั ҉ ̸ ̡ ҉ ҉.·๑ඕั ҉ ̸ ̡ ҉ ҉.·๑ඕั ҉,Experimental Electronic,̸ ̡ ҉ ҉.·๑ඕั ҉ ̸ ̡ ҉ ҉.·๑ඕั ҉ ̸ ̡ ҉ ҉.·๑ඕั ҉ ̸ ̡ ҉ ҉.·๑ඕั ҉ ̸ ̡ ҉ ҉.·๑ඕั ҉ ̸ ̡ ҉ ҉.·๑ඕั ҉ ̸ ̡ ҉ ҉.·๑ඕั ҉,2018-03-15,0.888,0.0,11.0,362359.0,0.0337,experimental,Low,2018.0,6.039316666666667
0.128,129.995,0.571,electronic,-18.872,0.107,0.263,Yamaneko,4.0,0.0422,37,Pixel Wave Embrace,Experimental Electronic,Adrift,2014-11-24,0.955,1.0,7.0,119812.0,0.949,experimental,Low,2014.0,1.9968666666666666
0.444,177.954,0.465,electronic,-23.11,0.123,0.957,RAMZi,4.0,0.0332,36,hyphea,Experimental Electronic,awakenin,2022-11-28,0.932,1.0,5.0,179806.0,0.907,experimental,Low,2022.0,2.996766666666667
0.306,120.024,0.643,electronic,-18.385,0.0999,0.211,Indian Wells,4.0,0.0504,36,New Ruins,Experimental Electronic,Night Arp Blues,2020-10-22,0.909,0.0,10.0,241500.0,0.958,experimental,Low,2020.0,4.025
0.237,76.739,0.365,electronic,-28.82,0.106,0.796,7038634357,5.0,0.0689,32,Electric,Experimental Electronic,Sink,2022-09-22,0.964,0.0,0.0,183990.0,0.985,experimental,Low,2022.0,3.0665
0.665,179.42,0.265,electronic,-9.731,0.38,0.188,Teebs,3.0,0.0472,32,Collections 01,Experimental Electronic,Red Curbs Loop (Stuff I Dream About),2011-11-07,0.855,1.0,8.0,124144.0,0.107,experimental,Low,2011.0,2.0690666666666666
0.404,149.846,0.254,electronic,-14.197,0.0789,0.112,Machinedrum,3.0,0.0299,35,Vapor City Archives,Experimental Electronic,Vizion - Centered,2014-11-17,0.929,1.0,0.0,141755.0,0.889,experimental,Low,2014.0,2.3625833333333333
0.204,79.158,0.126,electronic,-21.014,0.091,0.0393,Rival Consoles,3.0,0.0381,48,Persona,Experimental Electronic,Memory Arc,2018-04-13,0.834,0.0,6.0,133206.0,0.811,experimental,Low,2018.0,2.2201
0.923,94.989,0.633,electronic,-3.974,0.113,0.199,Dinamarca,4.0,0.0418,27,Sol De Mi Vida,Experimental Electronic,Sol,2018-06-15,0.746,0.0,2.0,187594.0,0.474,experimental,Low,2018.0,3.1265666666666667
0.914,134.994,0.525,electronic,-4.964,0.444,0.96,Pathetic,4.0,0.0283,46,2008,Experimental Electronic,2008,2023-01-20,0.926,1.0,5.0,224000.0,0.00679,experimental,Low,2023.0,3.7333333333333334
0.486,119.319,0.765,electronic,-14.671,0.332,0.303,Aphex Twin,4.0,0.0724,55,Selected Ambient Works 85-92,Experimental Electronic,Pulsewidth,1992-02-10,0.876,1.0,1.0,228053.0,0.42,experimental,Low,1992.0,3.800883333333333
0.93,129.028,0.852,electronic,-7.02,0.0573,0.236,⣎⡇ꉺლ༽இ•̛)ྀ◞ ༎ຶ ༽ৣৢ؞ৢ؞ؖ ꉺლ,4.0,0.209,37,()vȯ)) ̷̨ʅ(۝ʅ(Ɵʅ():::()̵̳̗̊(Ɵʅ()vȯ)) ̷̨ʅ,Experimental Electronic,()vȯ)) ̷̨ʅ(۝ʅ(Ɵʅ():::()̵̳̗̊(Ɵʅ()vȯ)) ̷̨ʅ,2022-08-19,0.494,1.0,1.0,271642.0,0.0127,experimental,Low,2022.0,4.5273666666666665
0.988,79.147,0.508,electronic,-4.262,0.288,0.273,Dimitri Vegas & Like Mike,4.0,0.121,59,Heroine,Hardstyle Bangers,Heroine,2024-10-11,0.804,1.0,1.0,123197.0,0.0933,hardstyle,Low,2024.0,2.0532833333333333
0.851,159.957,0.219,electronic,-3.706,0.0984,0.152,"Hardwell, Outsiders",4.0,0.0534,62,Falling In Love,Hardstyle Bangers,Falling In Love,2024-10-11,0.132,1.0,8.0,181875.0,0.1,hardstyle,Low,2024.0,3.03125
0.992,159.991,0.574,electronic,-2.363,0.229,0.41,Rooler,4.0,0.327,56,WELCOME 2 DA RECORDSHOP,Hardstyle Bangers,WELCOME 2 DA RECORDSHOP,2024-11-07,0.0001,0.0,11.0,153375.0,0.0129,hardstyle,Low,2024.0,2.55625
0.898,169.913,0.531,electronic,-0.892,0.61,0.297,"Slaughterhouse, N-Vitral, Deadly Guns",4.0,0.327,61,DON'T SLEEP,Hardstyle Bangers,DON'T SLEEP,2024-09-20,0.00012,1.0,0.0,116250.0,0.0761,hardstyle,Low,2024.0,1.9375
0.974,150.008,0.495,electronic,-2.801,0.369,0.316,"Age Of Love, Brennan Heart, ANDY SVGE",4.0,0.0642,52,The Age Of Love (Brennan Heart & ANDY SVGE Remix),Hardstyle Bangers,The Age Of Love - Brennan Heart & ANDY SVGE Remix,2024-11-01,1.19e-06,1.0,1.0,187200.0,0.000396,hardstyle,Low,2024.0,3.12
0.911,154.986,0.427,electronic,-1.028,0.18,0.227,"Frontliner, The Prophet",4.0,0.0598,46,New Perspective,Hardstyle Bangers,New Perspective,2024-11-15,0.00525,1.0,6.0,152400.0,0.0289,hardstyle,Low,2024.0,2.54
0.951,155.01,0.422,electronic,-1.785,0.111,0.263,"Ran-D, Rebelion",4.0,0.397,55,Ride Or Die,Hardstyle Bangers,Ride Or Die,2024-11-07,0.0,0.0,8.0,264222.0,0.00552,hardstyle,Low,2024.0,4.4037
0.935,157.992,0.529,electronic,-0.993,0.63,0.699,"Radical Redemption, Act of Rage, GLDY LX",1.0,0.193,53,Redemption & Rage,Hardstyle Bangers,Redemption & Rage,2024-10-25,0.0,1.0,8.0,140506.0,0.0279,hardstyle,Low,2024.0,2.3417666666666666
0.895,154.999,0.695,electronic,-4.263,0.0452,0.776,"Toneshifterz, Colin Hennerz, Audiofreq, Code Black, 3Blokes",4.0,0.0873,41,Off My Face,Hardstyle Bangers,Off My Face,2024-11-14,0.601,0.0,9.0,167226.0,0.00125,hardstyle,Low,2024.0,2.7871
0.96,156.952,0.598,electronic,-1.194,0.247,0.0903,"LNY TNZ, Lil Jon",4.0,0.165,46,Do What I Wanna Do (EP),Hardstyle Bangers,Do What I Wanna Do - Rave Mix,2024-10-18,0.0,1.0,5.0,152834.0,0.0273,hardstyle,Low,2024.0,2.5472333333333332
0.726,154.984,0.342,electronic,-6.274,0.102,0.155,"Wildstylez, Sound Rush",4.0,0.0507,52,Defiance,Hardstyle Bangers,Defiance,2024-10-25,1.06e-06,0.0,4.0,204774.0,0.00756,hardstyle,Low,2024.0,3.4129
0.996,100.02,0.569,electronic,-0.45,0.707,0.461,The Prophet,3.0,0.224,60,Wanna Play?,Hardstyle Bangers,Wanna Play?,2019-05-22,0.0114,1.0,5.0,201452.0,0.198,hardstyle,Low,2019.0,3.3575333333333335
0.977,92.5,0.633,electronic,1.075,0.448,0.404,Lil Texas,4.0,0.0513,50,Drop That,Hardstyle Bangers,Drop That,2024-10-25,0.000351,1.0,2.0,124541.0,0.00131,hardstyle,Low,2024.0,2.0756833333333335
0.877,155.063,0.337,electronic,-5.74,0.104,0.125,Headhunterz,4.0,0.126,57,Live Forever,Hardstyle Bangers,Live Forever,2024-11-01,0.0306,0.0,11.0,210581.0,0.00575,hardstyle,Low,2024.0,3.5096833333333333
0.902,153.064,0.432,electronic,-5.566,0.124,0.211,"Sub Zero Project, Rebelion",4.0,0.0752,57,Save Me,Hardstyle Bangers,Save Me,2024-10-03,0.00748,0.0,3.0,223213.0,0.00253,hardstyle,Low,2024.0,3.7202166666666665
0.917,150.086,0.584,electronic,-4.989,0.801,0.411,"Felix Harrer, Jerome",4.0,0.061,60,Turn The Tide,Hardstyle Bangers,Turn The Tide,2024-05-31,0.000481,0.0,9.0,179938.0,0.0156,hardstyle,Low,2024.0,2.9989666666666666
0.987,157.275,0.688,electronic,-6.85,0.116,0.276,"Dj Bountyhunter, Dimitri Vegas, Junkie Kid",4.0,0.0771,52,Woops (Dimitri Vegas & Junkie Kid Remix),Hardstyle Bangers,Woops - Dimitri Vegas & Junkie Kid Remix,2024-10-18,0.871,1.0,7.0,158700.0,0.104,hardstyle,Low,2024.0,2.645
0.95,150.024,0.497,electronic,-2.087,0.22,0.557,Jordiz,4.0,0.0336,59,Keep on Moving,Hardstyle Bangers,Keep on Moving,2021-06-25,0.000129,1.0,10.0,180821.0,0.0699,hardstyle,Low,2021.0,3.0136833333333333
0.966,154.973,0.402,electronic,-2.273,0.0809,0.781,"Da Tweekaz, Used, LePrince",4.0,0.0857,53,Crossover,Hardstyle Bangers,Crossover,2024-10-18,1.91e-05,1.0,1.0,211416.0,0.00482,hardstyle,Low,2024.0,3.5236
0.682,149.996,0.237,electronic,-5.343,0.111,0.0856,"Brennan Heart, Timmy Trumpet, Blademasterz",4.0,0.048,55,Now We Are Free,Hardstyle Bangers,Now We Are Free,2024-09-20,0.872,0.0,6.0,190600.0,0.00351,hardstyle,Low,2024.0,3.1766666666666667
0.995,155.046,0.544,electronic,-2.918,0.642,0.0782,"Maddix, Leila K, D-Block & S-te-Fan",3.0,0.362,52,Open Sesame (Abracadabra) [D-Block & S-te-Fan Remix],Hardstyle Bangers,Open Sesame (Abracadabra) - D-Block & S-te-Fan Remix,2024-05-03,0.000336,0.0,11.0,182710.0,0.0323,hardstyle,Low,2024.0,3.045166666666667
0.91,180.059,0.432,electronic,-3.902,0.772,0.249,"Rooler, Sickmode, Paul Elstak",4.0,0.0636,59,TAKE ME AWAY,Hardstyle Bangers,TAKE ME AWAY,2024-05-23,0.0838,1.0,1.0,200333.0,0.000751,hardstyle,Low,2024.0,3.3388833333333334
0.92,145.176,0.457,electronic,-4.309,0.133,0.39,"W&W, Groove Coverage",4.0,0.102,59,Moonlight Shadow,Hardstyle Bangers,Moonlight Shadow,2021-11-26,3.43e-05,1.0,5.0,179586.0,0.0137,hardstyle,Low,2021.0,2.9931
0.991,160.029,0.624,electronic,-1.28,0.371,0.301,"La Fuente, Outsiders",4.0,0.207,58,Ratata (Outsiders Remix),Hardstyle Bangers,Ratata - Outsiders Remix,2024-06-07,0.00169,0.0,1.0,175500.0,0.00869,hardstyle,Low,2024.0,2.925
0.959,159.97,0.771,electronic,-0.75,0.321,0.361,"Basswell, So Juice",4.0,0.37,58,Dangerous,Hardstyle Bangers,Dangerous,2024-04-19,0.213,1.0,4.0,127500.0,0.129,hardstyle,Low,2024.0,2.125
0.998,160.02,0.522,electronic,-3.728,0.375,0.124,"TNT, Darren Styles, Technoboy, Tuneboy",4.0,0.262,57,Hard Beat,Hardstyle Bangers,Hard Beat,2024-07-11,0.564,1.0,1.0,188703.0,0.000894,hardstyle,Low,2024.0,3.14505
0.963,154.974,0.452,electronic,-2.786,0.426,0.154,"Ran-D, D-Block & S-te-Fan",4.0,0.114,57,Behind Enemy Lines,Hardstyle Bangers,Behind Enemy Lines,2024-10-25,3.39e-05,0.0,4.0,222581.0,0.0164,hardstyle,Low,2024.0,3.7096833333333334
0.944,150.065,0.5,electronic,-1.975,0.638,0.404,Jordiz,4.0,0.0373,57,Weekend!,Hardstyle Bangers,Weekend!,2021-03-26,0.148,1.0,8.0,186992.0,0.0378,hardstyle,Low,2021.0,3.1165333333333334
0.97,159.944,0.533,electronic,-0.317,0.309,0.386,Dual Damage,4.0,0.352,56,Burning Down,Hardstyle Bangers,Burning Down,2024-07-25,0.001,0.0,5.0,199941.0,0.06,hardstyle,Low,2024.0,3.33235
0.909,159.898,0.577,electronic,-3.746,0.957,0.929,"Sickmode, Rooler",4.0,0.279,56,WELCOME TO THE GANG VOL. 2,Hardstyle Bangers,DOWN DOWN,2022-12-08,0.0,1.0,6.0,206438.0,0.141,hardstyle,Low,2022.0,3.4406333333333334
0.993,159.915,0.599,electronic,-1.494,0.0654,0.182,"Bloodlust, Holy Priest",4.0,0.28,56,Hit The Floor,Hardstyle Bangers,Hit The Floor,2024-06-20,0.00823,1.0,11.0,169500.0,0.0894,hardstyle,Low,2024.0,2.825
0.914,154.955,0.394,electronic,-3.048,0.335,0.0864,Outsiders,4.0,0.0856,56,Gimme Bass,Hardstyle Bangers,Gimme Bass,2022-10-27,0.000539,0.0,9.0,164129.0,0.00732,hardstyle,Low,2022.0,2.7354833333333333
0.98,159.991,0.445,electronic,-2.042,0.975,0.209,"Rooler, Kronos",4.0,0.398,56,FCK DAT!,Hardstyle Bangers,FCK DAT!,2023-06-08,0.000473,0.0,10.0,167379.0,0.00321,hardstyle,Low,2023.0,2.78965
0.966,89.72,0.3,electronic,-3.671,0.574,0.17,Yosuf,4.0,0.102,56,Anadrol,Hardstyle Bangers,Anadrol,2022-03-17,0.333,1.0,7.0,139948.0,0.00106,hardstyle,Low,2022.0,2.3324666666666665
0.99,160.046,0.487,electronic,-2.282,0.331,0.161,"Darren Styles, TNT, Technoboy, Tuneboy",4.0,0.094,55,DLMD,Hardstyle Bangers,DLMD,2020-04-16,0.843,1.0,0.0,160212.0,0.000595,hardstyle,Low,2020.0,2.6702
0.905,149.965,0.509,electronic,-3.696,0.623,0.217,"AXMO, le Shuuk, LePrince",4.0,0.0661,55,I Like To Move It,Hardstyle Bangers,I Like To Move It,2023-06-23,5.54e-05,0.0,0.0,138000.0,0.00573,hardstyle,Low,2023.0,2.3
0.936,160.04,0.636,electronic,-6.463,0.164,0.141,"W&W, Vini Vici",4.0,0.32,55,Rave Mozart,Hardstyle Bangers,Rave Mozart,2024-05-03,0.925,1.0,7.0,126000.0,0.0198,hardstyle,Low,2024.0,2.1
0.988,100.025,0.567,electronic,-2.879,0.149,0.0634,Dr. Peacock,4.0,0.187,54,Trip to Valhalla,Hardstyle Bangers,Trip to Valhalla,2021-02-19,0.0351,1.0,1.0,232950.0,0.0232,hardstyle,Low,2021.0,3.8825
0.896,165.054,0.332,electronic,-4.649,0.379,0.173,"Dimitri Vegas & Like Mike, Loic D, Ronald-V",4.0,0.226,54,Melody Of The World,Hardstyle Bangers,Melody Of The World,2024-09-06,0.0146,0.0,11.0,151993.0,0.0218,hardstyle,Low,2024.0,2.5332166666666667
0.864,160.04,0.557,electronic,-4.574,0.878,0.464,Sickmode,4.0,0.0702,54,GO STUPID,Hardstyle Bangers,GO STUPID,2022-04-07,0.0084,0.0,11.0,217500.0,0.0151,hardstyle,Low,2022.0,3.625
0.925,154.915,0.498,electronic,-4.161,0.282,0.585,Da Tweekaz,4.0,0.0653,54,I Want It All,Hardstyle Bangers,I Want It All,2023-10-27,0.0,1.0,2.0,182853.0,0.0284,hardstyle,Low,2023.0,3.04755
0.803,154.952,0.553,electronic,-5.066,0.27,0.368,"AXMO, DJ Junior (TW)",4.0,0.0973,54,I Like To Party,Hardstyle Bangers,I Like To Party,2022-09-16,1.06e-06,0.0,6.0,159484.0,0.00232,hardstyle,Low,2022.0,2.6580666666666666
0.989,145.019,0.676,electronic,-2.731,0.311,0.553,"W&W, Harris & Ford, Special D.",4.0,0.13,54,Come With Me,Hardstyle Bangers,Come With Me,2022-07-08,0.0022,1.0,8.0,161589.0,0.0442,hardstyle,Low,2022.0,2.69315
0.341,105.513,0.701,classical,-12.26,0.359,0.163,"Max Richter, Daniel Hope, Konzerthaus Kammerorchester Berlin, Andre de Ridder",3.0,0.0418,62,"Recomposed By Max Richter: Vivaldi, The Four Seasons",Neo-Classical,Spring 1 - 2012,2014-01-01,0.903,0.0,1.0,151507.0,0.499,neo-classical,Low,2014.0,2.5251166666666665
0.028,130.02,0.639,classical,-29.729,0.116,0.4,Evgeny Grinko,3.0,0.039,67,Orange Marmalade,Neo-Classical,See You Tomorrow,2021-10-29,0.397,0.0,6.0,91303.0,0.971,neo-classical,Low,2021.0,1.5217166666666666
0.107,129.368,0.367,classical,-20.273,0.107,0.146,Jóhann Jóhannsson,3.0,0.0471,64,The Theory of Everything (Original Motion Picture Soundtrack),Neo-Classical,Camping,2014-11-04,0.926,0.0,9.0,78875.0,0.862,neo-classical,Low,2014.0,1.3145833333333334
0.0621,68.537,0.248,classical,-31.174,0.144,0.0398,James Heather,5.0,0.0362,62,Invisible Forces,Neo-Classical,Ultraviolet,2022-04-22,0.873,1.0,5.0,93657.0,0.988,neo-classical,Low,2022.0,1.56095
0.0217,104.541,0.278,classical,-37.438,0.0926,0.223,Tony Anderson,1.0,0.0327,61,Nuit,Neo-Classical,Éphémère,2021-03-26,0.919,0.0,9.0,103091.0,0.98,neo-classical,Low,2021.0,1.7181833333333334
0.0696,95.193,0.495,classical,-31.384,0.119,0.276,Hania Rani,3.0,0.0296,57,On Giacometti,Neo-Classical,Dreamy,2023-02-17,0.898,0.0,7.0,179800.0,0.96,neo-classical,Low,2023.0,2.9966666666666666
0.134,134.986,0.567,classical,-25.988,0.107,0.0642,Borrtex,4.0,0.0339,60,Reflections,Neo-Classical,Reflections,2019-12-15,0.921,0.0,9.0,137615.0,0.99,neo-classical,Low,2019.0,2.2935833333333333
0.116,79.487,0.324,classical,-22.841,0.113,0.299,Joep Beving,1.0,0.0348,64,Trilogy,Neo-Classical,Beving: Ala,2021-08-06,0.926,0.0,7.0,120853.0,0.986,neo-classical,Low,2021.0,2.0142166666666665
0.216,99.635,0.325,classical,-17.214,0.128,0.109,"Michael Forster, Anna Stevens",3.0,0.0352,55,Piano Chill,Neo-Classical,Cornfield Chase - Piano-Cello Version,2018-02-23,0.861,0.0,9.0,124453.0,0.977,neo-classical,Low,2018.0,2.0742166666666666
0.232,171.226,0.287,classical,-15.804,0.108,0.47,Daprinski,3.0,0.0336,60,Chorégraphies de l'ordinaire (Instrumentals),Neo-Classical,Le début du bonheur - Instrumental,2017-07-12,0.947,0.0,8.0,107442.0,0.904,neo-classical,Low,2017.0,1.7907
0.154,123.077,0.242,classical,-26.525,0.0964,0.0489,Ludovico Einaudi,3.0,0.0564,55,Le Onde,Neo-Classical,Le Onde,1994-10-01,0.897,1.0,2.0,324016.0,0.975,neo-classical,Low,1994.0,5.400266666666667
0.341,107.098,0.374,jazz,-17.532,0.105,0.288,Pharoah Sanders,4.0,0.0416,15,Tauhid,Avant-Garde Jazz,Upper Egypt & Lower Egypt - Medley,1993-01-01,0.561,0.0,1.0,975800.0,0.576,avant-garde,Low,1993.0,16.263333333333332
0.563,108.622,0.333,jazz,-11.324,0.118,0.158,Alice Coltrane,3.0,0.0359,22,Ptah The El Daoud,Avant-Garde Jazz,Mantra,1996-01-01,0.723,1.0,9.0,995573.0,0.645,avant-garde,Low,1996.0,16.592883333333333
0.838,125.006,0.672,funk,-10.685,0.116,0.812,"Neon Vectors, Macross 82-99",4.0,0.0566,40,CLUB 84,Future Funk,Been So Long,2023-01-20,0.413,0.0,8.0,187200.0,0.148,future,Low,2023.0,3.12
0.846,122.433,0.742,funk,-7.296,0.536,0.481,Remlarr,4.0,0.276,36,FUTURE//PAST,Future Funk,FUTURE//PAST,2023-06-23,0.0104,0.0,10.0,260784.0,0.0296,future,Low,2023.0,4.3464
0.901,120.002,0.598,funk,-5.332,0.704,0.656,BarbWalters,4.0,0.367,33,Love,Future Funk,Love,2023-07-14,0.335,0.0,10.0,240000.0,0.00447,future,Low,2023.0,4.0
0.771,125.021,0.726,funk,-7.76,0.568,0.251,ED.,4.0,0.206,32,I'm Attached To You,Future Funk,I'm Attached To You,2023-05-19,0.0691,1.0,1.0,231365.0,0.000145,future,Low,2023.0,3.8560833333333333
0.947,123.825,0.513,funk,-6.678,0.386,0.36,CHANCE デラソウル,4.0,0.572,33,Whateversides,Future Funk,Whatever Man,2023-06-02,0.0477,0.0,5.0,185806.0,0.000598,future,Low,2023.0,3.0967666666666664
0.553,101.018,0.846,funk,-7.653,0.0778,0.463,"Tupperwave, Meltnet",4.0,0.279,29,"To You Baby, With Love (2023 Remaster)",Future Funk,Excuses - 2023 Remaster,2023-04-11,1.16e-06,0.0,11.0,181523.0,0.392,future,Low,2023.0,3.0253833333333335
0.789,139.918,0.734,funk,-8.474,0.559,0.652,yuugen,4.0,0.359,20,CITY FUNK! (シティファンク！),Future Funk,HELLO TODAY!!,2022-01-07,0.00708,1.0,1.0,167415.0,0.0345,future,Low,2022.0,2.79025
0.921,121.008,0.78,funk,-7.219,0.666,0.823,Engelwood,4.0,0.248,28,They Should've Let Me Host Family Feud,Future Funk,They Should've Let Me Host Family Feud,2023-07-07,0.87,1.0,7.0,201767.0,0.00954,future,Low,2023.0,3.3627833333333332
0.835,119.002,0.88,funk,-9.271,0.293,0.622,サクラSAKURA-LEE,4.0,0.262,37,Star Virgin III Deluxe,Future Funk,Fly with Me,2023-06-28,0.0,0.0,4.0,169543.0,0.000374,future,Low,2023.0,2.8257166666666667
0.581,123.952,0.936,funk,-10.544,0.301,0.828,SUPERCAT64 ビンクス猫,4.0,0.327,31,The Poolside EP,Future Funk,So Sunny,2023-07-21,0.409,0.0,11.0,168744.0,0.000779,future,Low,2023.0,2.8124
0.846,108.01,0.685,funk,-6.108,0.315,0.765,"Vantage, Milk Talk",4.0,0.0385,31,Million Miles Away (Edit),Future Funk,Million Miles Away - Edit,2023-07-05,0.00917,0.0,1.0,211996.0,0.0154,future,Low,2023.0,3.5332666666666666
0.732,128.05,0.732,funk,-9.566,0.369,0.374,"Zai Kowen, Brayan Rojitas",4.0,0.272,27,Night Cross,Future Funk,Night Cross,2023-07-10,0.926,0.0,6.0,166787.0,0.0011,future,Low,2023.0,2.7797833333333335
0.893,123.798,0.649,funk,-9.227,0.746,0.813,"Neon Vectors, Macross 82-99, Vantage",4.0,0.0492,31,CLUB 84,Future Funk,There's Something,2023-01-20,0.62,0.0,11.0,202380.0,0.00368,future,Low,2023.0,3.373
0.93,123.982,0.707,funk,-8.479,0.134,0.964,"Night Tempo, Maki Nomiya",4.0,0.054,29,New Romantic (feat. Maki Nomiya),Future Funk,New Romantic (feat. Maki Nomiya),2023-05-31,0.44,0.0,3.0,193017.0,0.114,future,Low,2023.0,3.21695
0.935,118.022,0.666,funk,-4.99,0.465,0.822,BarbWalters,4.0,0.371,27,Love,Future Funk,Stasis,2023-07-14,0.000128,0.0,10.0,199322.0,0.0334,future,Low,2023.0,3.322033333333333
0.841,108.082,0.854,funk,-7.504,0.173,0.139,Flammy,4.0,0.0867,25,Lvst,Future Funk,Lvst,2023-07-04,0.655,1.0,7.0,128814.0,0.00753,future,Low,2023.0,2.1469
0.581,123.844,0.651,funk,-8.5,0.529,0.681,Kouek,4.0,0.432,31,Downtown,Future Funk,Downtown,2023-07-07,0.138,1.0,1.0,187742.0,0.00118,future,Low,2023.0,3.1290333333333336
0.628,120.013,0.679,funk,-9.078,0.0622,0.744,DUCAT,4.0,0.0467,25,Nu Diskette,Future Funk,Nu Diskette,2020-03-27,0.83,1.0,1.0,208620.0,0.000978,future,Low,2020.0,3.477
0.864,110.104,0.773,funk,-8.639,0.113,0.759,"Night Tempo, JEF",4.0,0.277,28,Moonrise,Future Funk,Yuu-Huu,2018-05-20,0.0505,1.0,1.0,174545.0,0.0677,future,Low,2018.0,2.9090833333333332
0.719,115.0,0.71,funk,-4.868,0.0675,0.857,Rhodes Rodosu,4.0,0.133,29,Green Path,Future Funk,Green Path,2021-07-30,0.00665,1.0,4.0,185739.0,0.00155,future,Low,2021.0,3.09565
0.938,129.994,0.612,funk,-7.253,0.329,0.595,Macross 82-99,4.0,0.0562,51,CHAM!,Future Funk,Fun Tonight,2015-10-21,0.717,0.0,10.0,162462.0,2.51e-05,future,Low,2015.0,2.7077
0.676,124.013,0.809,funk,-7.803,0.064,0.548,Vantage,4.0,0.0498,46,50//50,Future Funk,50//50 - Edit,2020-08-21,0.879,0.0,7.0,129059.0,0.0561,future,Low,2020.0,2.1509833333333335
0.866,110.038,0.633,funk,-6.025,0.184,0.825,TANUKI,4.0,0.11,37,Kanji Title,Future Funk,Radiant Memories,2018-06-30,0.835,1.0,6.0,199262.0,0.00587,future,Low,2018.0,3.3210333333333333
0.757,124.986,0.707,funk,-9.052,0.108,0.905,Adrianwave,4.0,0.316,37,Take Care of Yourself,Future Funk,It's Good to See You Again!!,2016-06-09,0.000294,1.0,1.0,234240.0,0.00345,future,Low,2016.0,3.904
0.937,119.961,0.53,funk,-5.143,0.093,0.301,"architecture in tokyo, Macross 82-99",4.0,0.197,35,"Royal Club, Vol. 3",Future Funk,City Nightlife - Original Mix,2014-03-10,0.0408,0.0,8.0,216000.0,0.0025,future,Low,2014.0,3.6
0.907,128.012,0.617,funk,-4.58,0.103,0.607,Andora,4.0,0.0329,34,Starlight,Future Funk,Starlight,2021-07-21,0.838,0.0,0.0,183750.0,0.000245,future,Low,2021.0,3.0625
0.689,125.941,0.696,funk,-8.777,0.166,0.968,Android Apartment,4.0,0.294,34,DaFuture Is Now,Future Funk,Sunset On The Shore,2016-11-08,0.82,0.0,5.0,171429.0,0.000325,future,Low,2016.0,2.85715
0.923,115.984,0.738,funk,-4.88,0.101,0.435,Superflat,4.0,0.0414,25,Meant To be Superfluous,Future Funk,Dolce Disco,2023-07-14,0.916,1.0,10.0,306724.0,0.173,future,Low,2023.0,5.112066666666666
0.457,113.974,0.652,electronic,-13.775,0.157,0.0733,noturgf,3.0,0.0294,62,Resonance (Slowed & Reverb),Vaporwave Essentials,Resonance - Slowed & Reverb,2023-01-07,0.913,1.0,1.0,318170.0,0.841,vaporwave,Low,2023.0,5.302833333333333
0.375,169.951,0.661,electronic,-10.134,0.105,0.645,FrankJavCee,3.0,0.0432,65,"FrankJavCee Collection, Vol. 1, Pt. II",Vaporwave Essentials,SimpsonWave1995,2016-06-05,0.555,0.0,3.0,142603.0,0.0566,vaporwave,Low,2016.0,2.376716666666667
0.515,105.001,0.671,electronic,-16.738,0.11,0.0984,admo,4.0,0.0388,52,Stratford Ct. | Sonus Auri,Vaporwave Essentials,Equinox,2019-06-28,0.932,1.0,1.0,162500.0,0.815,vaporwave,Low,2019.0,2.7083333333333335
0.255,142.568,0.74,electronic,-7.293,0.105,0.231,"Hisohkah, WMD",4.0,0.0534,62,School Rooftop (Slowed Down Version),Vaporwave Essentials,School Rooftop - Slowed Down Version,2021-01-01,0.894,1.0,10.0,193732.0,0.275,vaporwave,Low,2021.0,3.2288666666666668
0.754,170.084,0.564,electronic,-8.849,0.224,0.457,Home,5.0,0.0646,68,Odyssey,Vaporwave Essentials,Resonance,2014-07-01,0.84,1.0,8.0,212939.0,0.0424,vaporwave,Low,2014.0,3.548983333333333
0.181,86.393,0.686,electronic,-14.133,0.0772,0.647,The Deli,4.0,0.049,59,Vibes 2,Vaporwave Essentials,5:32pm,2016-10-17,0.934,1.0,1.0,136914.0,0.652,vaporwave,Low,2016.0,2.2819
0.599,94.322,0.377,electronic,-10.281,0.0857,0.0545,Sidewalks and Skeletons,4.0,0.0293,67,Goth (Slowed + Reverb),Vaporwave Essentials,Goth (Slowed + Reverb),2023-07-28,0.475,0.0,5.0,252628.0,0.00303,vaporwave,Low,2023.0,4.210466666666667
0.487,139.914,0.655,electronic,-7.988,0.271,0.0454,RŮDE,4.0,0.033,61,Eternal Youth,Vaporwave Essentials,Eternal Youth,2017-08-07,0.897,1.0,6.0,205766.0,0.0347,vaporwave,Low,2017.0,3.4294333333333333
0.855,142.026,0.606,electronic,-8.923,0.082,0.422,Øfdream,3.0,0.0383,59,"Øfdream: Anthology, Pt. 1",Vaporwave Essentials,Thelema,2017-10-20,0.889,1.0,1.0,209577.0,0.447,vaporwave,Low,2017.0,3.49295
0.118,139.688,0.251,electronic,-22.077,0.0988,0.049,Scizzie,4.0,0.0346,57,aquatic ambience,Vaporwave Essentials,aquatic ambience,2022-10-15,0.93,0.0,6.0,123536.0,0.898,vaporwave,Low,2022.0,2.0589333333333335
0.894,81.377,0.469,electronic,-6.341,0.125,0.456,"VØJ, Narvent",4.0,0.0428,61,Memory Reboot,Vaporwave Essentials,Memory Reboot,2023-09-01,0.000194,1.0,8.0,209416.0,0.00024,vaporwave,Low,2023.0,3.490266666666667
0.222,75.048,0.382,electronic,-24.021,0.0863,0.212,"Øneheart, reidenshi",4.0,0.0325,67,distorted memories,Vaporwave Essentials,distorted memories,2022-07-01,0.901,0.0,8.0,110571.0,0.929,vaporwave,Low,2022.0,1.84285
0.705,119.942,0.543,electronic,-5.779,0.21,0.163,Crystal Castles,4.0,0.0296,68,Crystal Castles (II),Vaporwave Essentials,Suffocation,2010-01-01,0.0341,1.0,11.0,242293.0,0.00251,vaporwave,Low,2010.0,4.038216666666667
0.68,130.019,0.729,latin,-5.502,0.246,0.504,"Eladio Carrion, Future",4.0,0.0762,47,Mbappe (Remix),Latin Trap,Mbappe - Remix,2023-03-09,0.0,1.0,7.0,237345.0,0.219,trap,Low,2023.0,3.95575
0.721,138.591,0.596,latin,-6.611,0.129,0.841,YOVNGCHIMI,4.0,0.288,37,Full of Diamonds,Latin Trap,Full of Diamonds,2023-07-14,1.52e-05,1.0,3.0,264250.0,0.829,trap,Low,2023.0,4.404166666666667
0.651,139.927,0.741,latin,-7.241,0.972,0.36,Tempo,4.0,0.299,23,Demasia’o de Grande,Latin Trap,Demasia’o de Grande,2024-03-29,0.0,0.0,11.0,187714.0,0.154,trap,Low,2024.0,3.1285666666666665
0.541,140.021,0.662,latin,-7.236,0.208,0.167,Eladio Carrion,4.0,0.0663,50,6PM EN MALLORCA,Latin Trap,6PM EN MALLORCA,2023-07-26,0.0,1.0,6.0,144583.0,0.449,trap,Low,2023.0,2.4097166666666667
0.648,140.819,0.593,latin,-6.84,0.249,0.665,"YOVNGCHIMI, DJ Drama, G Herbo, Sugarhill Ddot",4.0,0.381,31,Gangsta Grillz: Mvrda Gvng,Latin Trap,"Danger (with DJ Drama, G Herbo & Sugarhill Ddot)",2023-05-19,0.000273,1.0,2.0,232433.0,0.233,trap,Low,2023.0,3.873883333333333
0.684,139.654,0.795,latin,-4.413,0.087,0.571,"Cazzu, Brray, Luar La L, Ankhal",4.0,0.206,35,Nena Trampa (Deluxe Edition),Latin Trap,Fulete,2023-04-13,1.65e-06,1.0,2.0,275568.0,0.425,trap,Low,2023.0,4.5928
0.712,143.989,0.495,latin,-6.509,0.318,0.386,Anuel AA,4.0,0.18,51,La 2blea,Latin Trap,La 2blea,2022-09-30,0.0,0.0,10.0,325563.0,0.414,trap,Low,2022.0,5.42605
0.801,121.804,0.829,latin,-3.4,0.349,0.692,"De La Ghetto, Luar La L, YOVNGCHIMI",4.0,0.202,39,Los Palos,Latin Trap,Los Palos,2023-01-13,0.0,1.0,7.0,280205.0,0.415,trap,Low,2023.0,4.670083333333333
0.73,140.041,0.83,latin,-5.616,0.242,0.734,"Jovaan, KEVVO, Ñengo Flow, Brray, YOVNGCHIMI, Jon Z",4.0,0.326,28,Bape (Remix),Latin Trap,Bape (Remix),2022-07-01,0.0,0.0,10.0,362571.0,0.187,trap,Low,2022.0,6.04285
0.559,140.083,0.801,latin,-9.192,0.0956,0.755,"Eladio Carrion, Beny Jr",4.0,0.39,49,REDBULL,Latin Trap,REDBULL,2021-11-24,0.0,0.0,6.0,192653.0,0.502,trap,Low,2021.0,3.2108833333333333
0.636,141.903,0.802,latin,-7.35,0.124,0.482,Eladio Carrion,4.0,0.303,41,AL CAPONE,Latin Trap,AL CAPONE,2021-06-25,4.25e-05,0.0,0.0,162305.0,0.462,trap,Low,2021.0,2.7050833333333335
0.659,142.044,0.689,latin,-7.974,0.159,0.441,"Ankhal, JHAYCO",4.0,0.195,41,Holy Shit (Remix),Latin Trap,Holy Shit - Remix,2021-10-29,0.0,0.0,4.0,207887.0,0.221,trap,Low,2021.0,3.4647833333333335
0.49,111.976,0.87,latin,-10.947,0.111,0.528,"Shake Da Block, 0contactos",4.0,0.376,18,IVIMA,Latin Trap,IVIMA,2024-10-10,0.000257,1.0,2.0,189643.0,0.0558,trap,Low,2024.0,3.1607166666666666
0.78,139.849,0.733,latin,-5.986,0.335,0.558,"Pablo Chill-E, Piero47",4.0,0.33,41,El Duende Verde,Latin Trap,Verde Y Azul (feat. Piero47),2023-03-29,0.0,1.0,9.0,144000.0,0.459,trap,Low,2023.0,2.4
0.641,150.058,0.732,latin,-7.627,0.112,0.747,Brytiago,4.0,0.253,26,Trap Vibes,Latin Trap,Dame Luz,2023-05-18,5.57e-05,1.0,2.0,227200.0,0.271,trap,Low,2023.0,3.7866666666666666
0.84,141.958,0.728,latin,-4.575,0.0972,0.598,Akapellah,4.0,0.0813,39,Wag1,Latin Trap,Wag1,2022-10-23,0.0,1.0,2.0,116901.0,0.164,trap,Low,2022.0,1.94835
0.624,154.992,0.467,latin,-6.804,0.387,0.107,"Eladio Carrion, Morad",4.0,0.0552,46,PA' LA VUELTA,Latin Trap,PA' LA VUELTA,2023-08-04,0.0,0.0,11.0,224042.0,0.101,trap,Low,2023.0,3.7340333333333335
0.786,140.042,0.737,latin,-5.268,0.369,0.643,"Eladio Carrion, J Balvin, Daddy Yankee, Bobby Shmurda",4.0,0.126,43,TATA (Remix),Latin Trap,TATA - Remix,2021-07-28,0.0,0.0,0.0,264385.0,0.683,trap,Low,2021.0,4.406416666666667
0.755,139.923,0.786,latin,-2.827,0.227,0.469,"Big Soto, Neutro Shorty, De La Ghetto, Noriel",4.0,0.266,32,Apokalypsis 2,Latin Trap,Patrón,2021-12-09,0.0,1.0,11.0,330196.0,0.28,trap,Low,2021.0,5.503266666666667
0.864,142.689,0.621,hip-hop,-5.91,0.0882,0.897,"Milli Major, Jme, Scorcher, SeriousXSyikes, Crazy Titch",4.0,0.376,36,"Skeem Set, Pt. 2",Grime Shutdown,"Skeem Set, Pt. 2",2024-07-10,0.0,1.0,6.0,277028.0,0.099,grime,Low,2024.0,4.617133333333333
0.741,108.088,0.542,hip-hop,-7.875,0.538,0.189,"Bashy, GRM Daily",3.0,0.345,38,Being Poor is Expensive,Grime Shutdown,Sticky,2024-07-11,0.0,1.0,1.0,192205.0,0.0643,grime,Low,2024.0,3.2034166666666666
0.735,93.374,0.566,hip-hop,-9.475,0.0931,0.71,"Big Zuu, D7, Crafty 893, Drifter",5.0,0.352,28,Must Be Bored,Grime Shutdown,Must Be Bored,2024-06-07,2.22e-05,0.0,11.0,183429.0,0.342,grime,Low,2024.0,3.05715
0.622,138.054,0.794,hip-hop,-10.931,0.225,0.658,"Ryder, Skepta",4.0,0.311,48,48 Hours,Grime Shutdown,#skeptacore pt.2,2023-11-24,0.0,1.0,6.0,114348.0,0.315,grime,Low,2023.0,1.9058
0.785,137.056,0.86,hip-hop,-4.633,0.0603,0.856,Skepta,4.0,0.218,40,All In,Grime Shutdown,Eyes on Me,2021-07-30,0.0,1.0,8.0,187445.0,0.0348,grime,Low,2021.0,3.1240833333333335
0.882,140.029,0.865,hip-hop,-6.341,0.134,0.719,"Duke & Jones, Flowdan",4.0,0.196,38,Trenches,Grime Shutdown,Trenches,2021-08-13,0.00037,0.0,1.0,169714.0,0.116,grime,Low,2021.0,2.8285666666666667
0.74,135.026,0.767,hip-hop,-11.585,0.242,0.946,LZee,4.0,0.109,37,Young Money,Grime Shutdown,Young Money,2023-05-19,8.4e-05,0.0,9.0,188089.0,0.0724,grime,Low,2023.0,3.1348166666666666
0.613,140.434,0.563,hip-hop,-10.245,0.106,0.42,"namesbliss, scruz",4.0,0.393,37,Iniesta Flow,Grime Shutdown,Iniesta Flow,2023-07-21,0.0,0.0,10.0,139200.0,0.813,grime,Low,2023.0,2.32
0.922,140.009,0.708,hip-hop,-2.978,0.395,0.669,"Jme, Giggs",4.0,0.171,34,Grime MC,Grime Shutdown,Knock Your Block Off,2020-06-01,0.0,0.0,10.0,210857.0,0.0439,grime,Low,2020.0,3.514283333333333
0.798,140.198,0.713,hip-hop,-5.072,0.331,0.655,"D Double E, Sir Spyro",4.0,0.298,28,Energy Gang,Grime Shutdown,Energy Gang,2024-06-07,0.0,1.0,0.0,235714.0,0.00452,grime,Low,2024.0,3.9285666666666668
0.754,140.04,0.751,hip-hop,-3.677,0.0921,0.508,"P Money, Silencer, Chip, Dizzee Rascal, D Double E",4.0,0.282,34,Untraditional EP,Grime Shutdown,Stuttering,2021-10-01,0.0,1.0,1.0,249926.0,0.125,grime,Low,2021.0,4.1654333333333335
0.708,90.999,0.652,hip-hop,-6.616,0.0813,0.859,"ROMderful, KayFaraway",5.0,0.321,19,MYWAY!,Grime Shutdown,MYWAY!,2024-07-06,0.0,0.0,6.0,113333.0,0.055,grime,Low,2024.0,1.8888833333333332
0.805,140.023,0.625,hip-hop,-7.213,0.656,0.647,slowthai,4.0,0.244,34,TYRON,Grime Shutdown,VEX,2021-02-12,0.34,1.0,7.0,138613.0,0.00649,grime,Low,2021.0,2.310216666666667
0.595,90.328,0.789,hip-hop,-7.188,0.113,0.406,"Big Narstie, Sir Spyro",5.0,0.499,33,Hurdy Gurdy,Grime Shutdown,Hurdy Gurdy,2020-10-23,0.0,1.0,4.0,158304.0,0.052,grime,Low,2020.0,2.6384
0.811,171.723,0.435,hip-hop,-2.969,0.0861,0.487,"Silencer, Lil ambush, Lil Shakz, YaroAlways, Kai Nero, Shakes",5.0,0.243,25,Who's Dat,Grime Shutdown,Who's Dat,2024-07-05,0.0,1.0,1.0,270866.0,0.0659,grime,Low,2024.0,4.514433333333334
0.722,141.999,0.891,hip-hop,-8.2,0.164,0.395,"Chip, Frisco, K-Trap, Krept",4.0,0.286,33,Tekky,Grime Shutdown,Tekky,2023-04-27,6.34e-06,1.0,1.0,118387.0,0.0145,grime,Low,2023.0,1.9731166666666666
0.604,135.144,0.898,hip-hop,-4.184,0.0876,0.492,"Ezra Collective, Jme, Swindle",4.0,0.377,32,Quest for Coin II,Grime Shutdown,Quest For Coin II,2020-11-17,8.91e-05,1.0,1.0,176760.0,0.0413,grime,Low,2020.0,2.946
0.891,138.878,0.395,hip-hop,-9.04,0.4,0.612,"Snowy, LVNDLXRD",4.0,0.138,17,LEON EDWARDS,Grime Shutdown,LEON EDWARDS,2024-07-26,0.00337,1.0,0.0,154286.0,0.0126,grime,Low,2024.0,2.5714333333333332
0.733,139.969,0.839,hip-hop,-5.36,0.11,0.633,Jaykae,4.0,0.35,32,On Top,Grime Shutdown,On Top,2020-04-02,0.0,0.0,6.0,192682.0,0.063,grime,Low,2020.0,3.2113666666666667
0.607,140.043,0.678,hip-hop,-5.331,0.354,0.756,Preditah,4.0,0.0489,16,Circles24,Grime Shutdown,Circles24,2024-03-29,0.85,1.0,11.0,209143.0,0.0751,grime,Low,2024.0,3.485716666666667
0.634,139.975,0.824,hip-hop,-8.894,0.12,0.229,"P Money, Silencer, Tobi",4.0,0.164,33,This Year,Grime Shutdown,This Year,2021-03-19,0.0,1.0,2.0,178639.0,0.0193,grime,Low,2021.0,2.977316666666667
0.832,135.835,0.673,hip-hop,-7.273,0.0926,0.73,Trillary Banks,4.0,0.316,17,Shake It,Grime Shutdown,Shake It,2024-08-04,2.85e-05,0.0,4.0,133015.0,0.137,grime,Low,2024.0,2.2169166666666666
0.645,128.023,0.663,hip-hop,-7.977,0.166,0.394,"Ghetts, Skepta",4.0,0.398,31,IC3 (feat. Skepta),Grime Shutdown,IC3 (feat. Skepta) - Single Version,2020-10-07,0.0,1.0,8.0,231107.0,0.443,grime,Low,2020.0,3.851783333333333
0.68,144.006,0.85,hip-hop,-6.18,0.0964,0.694,Central Cee,1.0,0.338,55,Loading,UK Drill,Loading,2020-10-22,0.0,0.0,3.0,173333.0,0.732,drill,Low,2020.0,2.8888833333333332
0.471,140.969,0.863,hip-hop,-9.545,0.121,0.644,"Russ Millions, Tion Wayne, Aitch, Swarmz, Sav'o, JAY1",4.0,0.478,59,Keisha & Becky (Remix),UK Drill,Keisha & Becky - Remix,2019-04-11,0.0,1.0,6.0,252907.0,0.251,drill,Low,2019.0,4.215116666666667
0.825,143.062,0.746,hip-hop,-4.457,0.365,0.904,Central Cee,4.0,0.0435,42,"Eurovision (feat. Rondodasosa, Baby Gang, A2 Anti, Morad, Beny Jr, Ashe 22 & Freeze corleone)",UK Drill,Obsessed With You,2022-02-23,0.0,1.0,3.0,108651.0,0.192,drill,Low,2022.0,1.81085
0.75,141.176,0.807,hip-hop,-4.396,0.164,0.961,Benzz,4.0,0.237,44,Rap Gym Drip,UK Drill,Je M'appelle,2023-07-26,0.0,1.0,11.0,139574.0,0.17,drill,Low,2023.0,2.326233333333333
0.519,140.013,0.871,hip-hop,-6.549,0.0869,0.532,"Dave, Stormzy",4.0,0.258,57,Clash (feat. Stormzy),UK Drill,Clash (feat. Stormzy),2021-07-08,8.14e-06,1.0,2.0,251733.0,0.313,drill,Low,2021.0,4.19555
0.71,147.171,0.8,hip-hop,-6.403,0.339,0.795,Central Cee,4.0,0.295,52,Commitment Issues,UK Drill,Commitment Issues,2021-02-11,0.0,0.0,5.0,150664.0,0.463,drill,Low,2021.0,2.511066666666667
0.807,140.045,0.725,hip-hop,-4.332,0.462,0.848,ArrDee,4.0,0.315,55,Oliver Twist,UK Drill,Oliver Twist,2021-06-03,0.0,1.0,11.0,174857.0,0.352,drill,Low,2021.0,2.914283333333333
0.792,142.965,0.855,hip-hop,-4.949,0.17,0.623,Central Cee,4.0,0.143,61,Wild West,UK Drill,6 For 6,2021-03-12,0.0,1.0,2.0,148750.0,0.552,drill,Low,2021.0,2.4791666666666665
0.666,145.066,0.821,hip-hop,-7.237,0.319,0.739,"Tion Wayne, dutchavelli, Stormzy",4.0,0.342,58,I Dunno (feat. Dutchavelli & Stormzy),UK Drill,I Dunno (feat. Dutchavelli & Stormzy),2020-05-29,0.0,1.0,1.0,178138.0,0.0954,drill,Low,2020.0,2.9689666666666668
0.766,144.105,0.816,hip-hop,-4.759,0.0943,0.349,dutchavelli,4.0,0.31,40,Only If You Knew,UK Drill,Only If You Knew,2020-08-07,3.34e-05,1.0,1.0,176667.0,0.192,drill,Low,2020.0,2.94445
0.713,143.052,0.723,hip-hop,-6.879,0.513,0.803,ArrDee,4.0,0.241,54,Flowers (Say My Name),UK Drill,Flowers (Say My Name),2021-11-04,0.0,0.0,2.0,158601.0,0.495,drill,Low,2021.0,2.64335
0.569,77.052,0.767,hip-hop,-6.805,0.109,0.524,"Headie One, AJ Tracey, Stormzy",4.0,0.216,55,Ain't It Different (feat. AJ Tracey & Stormzy),UK Drill,Ain't It Different (feat. AJ Tracey & Stormzy),2020-08-20,1.45e-05,0.0,4.0,196363.0,0.00988,drill,Low,2020.0,3.2727166666666667
0.481,140.122,0.813,hip-hop,-6.71,0.0931,0.842,"SwitchOTR, A1 x J1",4.0,0.231,59,Coming for You (feat. A1 x J1),UK Drill,Coming for You (feat. A1 x J1),2021-10-29,0.0,1.0,1.0,178286.0,0.217,drill,Low,2021.0,2.971433333333333
0.419,140.012,0.877,hip-hop,-14.419,0.12,0.255,"Fumez The Engineer, OTP, BM, BM X MINI",4.0,0.512,56,TPL x Fumez The Engineer - Plugged In Freestyle,UK Drill,TPL x Fumez The Engineer - Plugged In Freestyle,2020-10-01,0.0,0.0,10.0,217714.0,0.0837,drill,Low,2020.0,3.6285666666666665
0.62,139.927,0.811,hip-hop,-4.82,0.211,0.638,Tion Wayne,4.0,0.43,48,Wow,UK Drill,Wow,2021-06-03,0.0,0.0,10.0,173571.0,0.1,drill,Low,2021.0,2.89285
0.826,146.95,0.68,hip-hop,-2.561,0.254,0.804,"Headie One, Drake",4.0,0.27,56,Only You Freestyle,UK Drill,Only You Freestyle,2020-07-20,0.0,1.0,5.0,248937.0,0.562,drill,Low,2020.0,4.14895
0.596,150.035,0.848,hip-hop,-8.043,0.0853,0.793,D-Block Europe,4.0,0.235,63,PTSD,UK Drill,Darling,2019-09-27,0.0,0.0,2.0,143200.0,0.5,drill,Low,2019.0,2.3866666666666667
0.93,139.995,0.81,hip-hop,-5.857,0.0796,0.936,Russ Millions,4.0,0.294,56,Big Shark,UK Drill,Big Shark,2021-07-01,3.32e-06,0.0,10.0,192000.0,0.398,drill,Low,2021.0,3.2
0.621,124.015,0.892,hip-hop,-7.67,0.109,0.638,Dave,4.0,0.0949,63,PSYCHODRAMA,UK Drill,Streatham,2019-03-08,0.0,1.0,2.0,205720.0,0.496,drill,Low,2019.0,3.4286666666666665
0.673,142.031,0.855,hip-hop,-7.58,0.385,0.66,DigDat,4.0,0.373,51,AirForce,UK Drill,AirForce,2018-11-09,0.0,1.0,1.0,221467.0,0.45,drill,Low,2018.0,3.691116666666667
0.803,140.994,0.759,hip-hop,-6.77,0.362,0.895,"Russ Millions, Buni, YV",4.0,0.277,59,One Of A Kind Music Presents: Reggae & Calypso (Russ Millions x Buni x YV),UK Drill,Reggae & Calypso (Russ Millions x Buni x YV),2022-02-10,0.0,0.0,1.0,141277.0,0.413,drill,Low,2022.0,2.354616666666667
0.672,145.014,0.773,hip-hop,-5.885,0.0851,0.624,Central Cee,4.0,0.225,38,"Eurovision (feat. Rondodasosa, Baby Gang, A2 Anti, Morad, Beny Jr, Ashe 22 & Freeze corleone)",UK Drill,Khabib,2022-02-23,0.0,0.0,4.0,201169.0,0.522,drill,Low,2022.0,3.3528166666666666
0.616,143.176,0.826,hip-hop,-7.3,0.0601,0.782,Central Cee,4.0,0.394,54,23,UK Drill,Ungrateful,2022-02-25,0.0,1.0,2.0,173868.0,0.313,drill,Low,2022.0,2.8978
0.738,141.067,0.875,hip-hop,-6.205,0.393,0.659,Russ Millions,4.0,0.332,54,6:30,UK Drill,6:30,2021-10-07,0.000119,1.0,8.0,137077.0,0.492,drill,Low,2021.0,2.2846166666666665
0.651,127.054,0.66,afrobeats,-6.306,0.456,0.161,Mr Thela,4.0,0.0691,40,Thula Moya Wami,Gqom Nation,Thula Moya Wami,2024-09-13,0.84,1.0,1.0,485719.0,0.000244,gqom,Low,2024.0,8.095316666666667
0.66,127.008,0.795,afrobeats,-11.93,0.177,0.489,"Jabs CPT, Sangzin",4.0,0.0399,11,Izinto Zam,Gqom Nation,Izinto Zam,2024-05-22,0.0456,0.0,6.0,349701.0,0.173,gqom,Low,2024.0,5.82835
0.852,122.035,0.751,afrobeats,-8.238,0.454,0.413,"Mr Thela, Peace",4.0,0.0456,38,Buya Nini,Gqom Nation,Buya Nini,2024-05-03,0.00662,0.0,10.0,379703.0,0.0469,gqom,Low,2024.0,6.328383333333333
0.722,125.018,0.685,afrobeats,-7.223,0.0696,0.516,Assertive Fam,4.0,0.0349,11,Chilled Rhythms,Gqom Nation,Street Fighter,2024-05-01,0.108,0.0,1.0,391540.0,0.0017,gqom,Low,2024.0,6.525666666666667
0.783,120.02,0.718,afrobeats,-7.71,0.103,0.344,"Cairo CPT, Don Vino",4.0,0.0322,33,Oh My Sax,Gqom Nation,Oh My Sax,2024-03-22,0.763,1.0,2.0,323952.0,0.000912,gqom,Low,2024.0,5.3992
0.5,121.999,0.843,afrobeats,-10.155,0.112,0.189,"Goldmax, Dlala Thukzin, Funky Qla, Zee Nxumalo, Beast Rsa",4.0,0.0435,49,FOMO,Gqom Nation,FOMO,2024-03-08,0.799,1.0,11.0,273350.0,0.0258,gqom,Low,2024.0,4.555833333333333
0.799,126.027,0.805,afrobeats,-11.008,0.144,0.269,"Rhass, Mapressa, Dj Ndista, Luzzar",4.0,0.0399,21,Ngenyimini,Gqom Nation,Ngenyimini,2024-02-29,0.00613,0.0,1.0,369084.0,0.0253,gqom,Low,2024.0,6.1514
0.928,127.023,0.787,afrobeats,-9.052,0.065,0.612,Cairo CPT,4.0,0.0339,32,Cheers To Good Music,Gqom Nation,Sicel'Imithandazo,2021-06-27,0.775,1.0,11.0,368086.0,0.0391,gqom,Low,2021.0,6.134766666666667
0.987,127.009,0.782,afrobeats,-8.221,0.0697,0.756,"Cairo CPT, Xola Sofuthe",4.0,0.0391,28,The Sunday School,Gqom Nation,Sinomhlobo,2023-03-26,0.723,1.0,1.0,373416.0,0.0358,gqom,Low,2023.0,6.2236
0.891,123.992,0.701,afrobeats,-7.501,0.119,0.26,"Mr Thela, Njelic",4.0,0.0722,41,Tronics Land Series 2,Gqom Nation,Kwandonga Ziyaduma,2023-11-17,0.0844,1.0,8.0,435504.0,0.00621,gqom,Low,2023.0,7.2584
0.903,127.002,0.675,afrobeats,-7.629,0.334,0.123,"UJeje, UBizza Wethu",4.0,0.0332,21,Musical Journey,Gqom Nation,No Contest (Broken kick),2022-12-02,0.685,1.0,2.0,357799.0,0.00103,gqom,Low,2022.0,5.963316666666667
0.739,126.024,0.716,afrobeats,-8.904,0.0956,0.394,"Rhass, Mshayi, Mr Thela",4.0,0.0327,30,S'yophanda,Gqom Nation,S'yophanda,2020-10-16,0.0864,0.0,11.0,367935.0,0.00209,gqom,Low,2020.0,6.13225
0.498,113.001,0.822,afrobeats,-12.544,0.0342,0.826,"Mas Musiq, Nia Pearl",4.0,0.0498,25,Mambisa II,Gqom Nation,Wami (feat. Nia Pearl),2020-11-06,0.0419,0.0,1.0,379082.0,0.0489,gqom,Low,2020.0,6.318033333333333
0.897,127.018,0.59,afrobeats,-5.046,0.0375,0.679,Cairo CPT,4.0,0.063,34,The Legacy Of Si Online,Gqom Nation,Ivili Liyajikeleza 2.0,2020-12-27,0.769,0.0,1.0,364739.0,0.0106,gqom,Low,2020.0,6.078983333333333
0.685,127.017,0.863,afrobeats,-9.264,0.137,0.502,"Cairo CPT, Minollar",4.0,0.0502,33,Love and Light,Gqom Nation,Izigqibo Zakho 2.0,2022-07-31,0.0382,1.0,8.0,341107.0,0.00124,gqom,Low,2022.0,5.685116666666667
0.769,125.968,0.814,afrobeats,-8.858,0.0945,0.778,"Mshayi & Mr Thela, Rhass",4.0,0.0309,29,Make Cape Town Great Again 2.0,Gqom Nation,Abathakathi,2020-12-17,0.00988,1.0,1.0,371112.0,0.0379,gqom,Low,2020.0,6.1852
0.794,125.996,0.773,afrobeats,-6.74,0.107,0.522,"Rhass, Mr Thela",4.0,0.0432,21,Marhalisburg,Gqom Nation,Bhabhalaza,2022-11-14,0.000324,1.0,8.0,398158.0,0.0164,gqom,Low,2022.0,6.635966666666667
0.716,126.99,0.78,afrobeats,-12.97,0.0783,0.53,"Mshayi, Mr Thela, Betusile",4.0,0.0398,30,Make Cape Town Great Again,Gqom Nation,Ngeke Badaniswe,2020-07-26,0.0192,0.0,8.0,372637.0,0.0162,gqom,Low,2020.0,6.210616666666667
0.866,126.038,0.648,afrobeats,-8.235,0.122,0.232,Mr Thela,4.0,0.0331,19,Sun EL Style,Gqom Nation,Sun EL Style,2023-09-29,0.855,0.0,8.0,367673.0,0.0768,gqom,Low,2023.0,6.127883333333333
0.631,115.004,0.708,afrobeats,-8.96,0.127,0.42,"Bee DeeJay, Rhass, Mshayi, Mr Thela",4.0,0.0322,26,On The Map,Gqom Nation,Ndincede,2021-03-25,0.00465,1.0,8.0,303700.0,0.0016,gqom,Low,2021.0,5.0616666666666665
0.914,149.971,0.745,soca,-4.108,0.0814,0.837,"Skinny Fabulous, Machel Montano, Bunji Garlin",4.0,0.188,47,Famalay,Carnival Soca,Famalay,2019-01-04,2.69e-06,1.0,6.0,199021.0,0.0393,carnival,Low,2019.0,3.3170166666666665
0.944,133.97,0.804,soca,-1.139,0.329,0.746,Machel Montano,4.0,0.175,41,Monk Monté,Carnival Soca,Like Ah Boss,2015-02-04,0.0,0.0,10.0,189657.0,0.105,carnival,Low,2015.0,3.16095
0.848,130.021,0.808,soca,-5.518,0.299,0.606,"Kes, Nailah Blackman",4.0,0.0979,40,Workout (feat. Nailah Blackman),Carnival Soca,Workout,2016-12-20,0.0,1.0,8.0,238154.0,0.0783,carnival,Low,2016.0,3.9692333333333334
0.797,110.034,0.792,soca,-5.748,0.091,0.351,Erphaan Alves,4.0,0.0412,45,Overdue,Carnival Soca,Overdue,2017-09-12,0.00489,1.0,0.0,177926.0,0.0123,carnival,Low,2017.0,2.9654333333333334
0.824,106.012,0.836,soca,-4.591,0.105,0.573,GBM Nutron,4.0,0.0482,43,Practice,Carnival Soca,Practice,2018-11-16,0.00534,1.0,6.0,185660.0,0.164,carnival,Low,2018.0,3.094333333333333
0.919,107.991,0.736,soca,-3.608,0.0604,0.861,Mical Teja,4.0,0.0401,39,Runaway,Carnival Soca,Runaway,2023-12-10,0.000179,1.0,6.0,226667.0,0.331,carnival,Low,2023.0,3.7777833333333333
0.943,159.996,0.666,soca,-4.474,0.31,0.897,Bunji Garlin,4.0,0.209,41,Hard Fete,Carnival Soca,Hard Fete,2022-11-25,0.0,1.0,1.0,230438.0,0.387,carnival,Low,2022.0,3.8406333333333333
0.902,116.066,0.94,soca,-3.135,0.367,0.938,Alison Hinds,4.0,0.0717,37,Born Wit It (Bumpa Riddim),Carnival Soca,Born Wit It (Bumpa Riddim),2016-07-23,0.0,1.0,4.0,202449.0,0.123,carnival,Low,2016.0,3.37415
0.951,130.207,0.682,soca,-3.957,0.068,0.821,Voice,4.0,0.191,35,Long Live Soca,Carnival Soca,Long Live Soca,2022-12-10,0.0,0.0,5.0,225252.0,0.143,carnival,Low,2022.0,3.7542
0.689,117.067,0.911,soca,-6.662,0.0893,0.389,"Problem Child, Jus Jay King, Nelieux",4.0,0.151,36,Holiday,Carnival Soca,Holiday,2023-10-24,0.0,1.0,2.0,135684.0,0.23,carnival,Low,2023.0,2.2614
0.675,105.151,0.699,soca,-5.383,0.143,0.442,"J Capri, Charly Black",4.0,0.387,61,Whine & Kotch,Carnival Soca,Whine & Kotch,2012-11-13,0.0,1.0,9.0,217200.0,0.0654,carnival,Low,2012.0,3.62
0.935,131.055,0.927,soca,-3.951,0.0728,0.912,Machel Montano,4.0,0.106,43,"Double M, Vol. 1",Carnival Soca,Mr. Fete,2012-03-10,0.0,1.0,10.0,230823.0,0.135,carnival,Low,2012.0,3.84705
0.792,119.992,0.843,soca,-3.672,0.0694,0.9,Kes,4.0,0.0542,40,Wotless Carnival Album,Carnival Soca,Wotless,2011-02-09,5.02e-05,1.0,9.0,218228.0,0.0671,carnival,Low,2011.0,3.6371333333333333
0.331,119.627,0.853,disco,-17.22,0.0713,0.804,Electra,4.0,0.0529,22,"Star Funk, Vol. 9",Italo Disco Classics,Feels Good - Carrots & Beets,1993-01-01,0.61,1.0,8.0,376000.0,0.000494,italo,Low,1993.0,6.266666666666667
0.736,107.393,0.681,disco,-14.483,0.0974,0.987,B.W.H.,4.0,0.0424,26,Livin' Up,Italo Disco Classics,Stop,2016-10-26,0.602,0.0,10.0,402768.0,0.0588,italo,Low,2016.0,6.7128
0.761,112.979,0.775,disco,-10.463,0.0549,0.431,N.O.I.A.,4.0,0.0482,19,Stranger in a Strange Land,Italo Disco Classics,Stranger in a Strange Land - Club Mix 1983,2015-02-16,0.776,1.0,1.0,451500.0,0.0413,italo,Low,2015.0,7.525
0.823,125.237,0.569,disco,-8.555,0.202,0.811,Lectric Workers,4.0,0.0381,14,Robot Is Systematic,Italo Disco Classics,Robot Is Systematic (Vocal Version),2021-04-16,0.00723,1.0,7.0,532373.0,3.81e-05,italo,Low,2021.0,8.872883333333334
0.788,114.674,0.868,disco,-4.321,0.0801,0.961,Pino D'Angiò,4.0,0.0547,52,...Balla!,Italo Disco Classics,Ma quale idea,2016-01-20,2.6e-05,1.0,1.0,262457.0,0.0334,italo,Low,2016.0,4.3742833333333335
0.728,118.031,0.671,disco,-9.78,0.385,0.488,Mr. Flagio,4.0,0.0403,35,Take A Chance,Italo Disco Classics,Take A Chance - Original Mix,2015-01-01,0.00391,0.0,2.0,472362.0,0.000372,italo,Low,2015.0,7.8727
0.956,104.595,0.698,disco,-5.782,0.263,0.321,"Decadance, Italoconnection",4.0,0.0408,13,On And On (Fears Keep On),Italo Disco Classics,On and On (Fears Keep On) - Italoconnection Mix,2013-04-14,0.8,0.0,4.0,540747.0,0.000316,italo,Low,2013.0,9.01245
0.69,123.555,0.715,rock,-8.172,0.11,0.676,Los Enanitos Verdes,4.0,0.0307,55,Coleccion Aniversario,Spanish Rock Classics,Lamento Boliviano,1999-01-01,0.000657,0.0,4.0,223147.0,0.192,spanish,Low,1999.0,3.719116666666667
0.837,120.04,0.726,rock,-5.325,0.322,0.559,Los Enanitos Verdes,4.0,0.032,59,Amores Lejanos,Spanish Rock Classics,Amores Lejanos,2002-01-01,1.31e-05,0.0,9.0,295013.0,0.257,spanish,Low,2002.0,4.916883333333334
0.851,95.019,0.663,rock,-3.007,0.0771,0.921,Juanes,4.0,0.0491,56,Un Día Normal,Spanish Rock Classics,Mala Gente,2002-01-01,0.0,0.0,6.0,196893.0,0.0992,spanish,Low,2002.0,3.28155
0.385,174.167,0.258,rock,-8.143,0.0802,0.174,Camila,3.0,0.033,66,Dejarte De Amar,Spanish Rock Classics,Bésame,2010-02-09,0.0,0.0,6.0,252293.0,0.0527,spanish,Low,2010.0,4.204883333333333
0.779,99.999,0.787,rock,-3.559,0.0623,0.978,Juanes,4.0,0.0391,58,Un Día Normal,Spanish Rock Classics,La Paga,2002-01-01,0.0,1.0,9.0,205200.0,0.0215,spanish,Low,2002.0,3.42
0.794,101.143,0.773,rock,-4.954,0.113,0.907,Maná,4.0,0.0326,55,Six Pack: Maná - EP,Spanish Rock Classics,Mariposa Traicionera,2010-03-16,0.000354,0.0,5.0,264600.0,0.527,spanish,Low,2010.0,4.41
0.898,162.058,0.527,rock,-3.624,0.0686,0.462,Maná,4.0,0.0367,48,Six Pack: Maná - EP,Spanish Rock Classics,Labios Compartidos,2010-03-16,0.0,0.0,0.0,317627.0,0.027,spanish,Low,2010.0,5.293783333333334
0.773,115.995,0.786,rock,-5.042,0.103,0.573,"Maná, Juan Luis Guerra 4.40",4.0,0.0288,28,Você É Minha Religião: O Melhor Do Maná (Deluxe Version),Spanish Rock Classics,Bendita Tu Luz,2012-10-26,2.57e-06,1.0,7.0,263880.0,0.152,spanish,Low,2012.0,4.398
0.726,147.883,0.647,rock,-6.761,0.15,0.514,Maná,4.0,0.0289,27,Você É Minha Religião: O Melhor Do Maná (Deluxe Version),Spanish Rock Classics,Amor Clandestino,2012-10-26,5.11e-06,1.0,2.0,291867.0,0.159,spanish,Low,2012.0,4.86445
0.715,84.098,0.487,rock,-4.417,0.195,0.638,"Juanes, Nelly Furtado",4.0,0.0519,68,Un Día Normal,Spanish Rock Classics,Fotografía,2002-01-01,0.0,1.0,7.0,238133.0,0.294,spanish,Low,2002.0,3.9688833333333333
0.313,132.899,0.273,rock,-11.784,0.163,0.0399,Godspeed You! Black Emperor,3.0,0.0455,31,Slow Riot for New Zero Kanada,Post-Rock Essentials,Blaise Bailey Finnegan III,1999-03-08,0.0922,0.0,10.0,1065133.0,0.11,post-rock,Low,1999.0,17.752216666666666
0.694,139.019,0.727,world,-10.218,0.0977,0.236,"Hildá Länsman, Tuomas Norvio",4.0,0.064,14,Vizardit,Indigenous Beats,Vizardit,2024-09-20,0.118,1.0,0.0,269000.0,0.0639,indigenous,Low,2024.0,4.483333333333333
0.486,94.993,0.701,world,-9.322,0.426,0.0391,"DKD Dancers, DASH, K.Clevenger",4.0,0.0324,17,Raven Strut (DASH Remix),Indigenous Beats,Raven Strut (feat. K.Clevenger) - DASH Remix,2017-11-14,0.0779,1.0,1.0,219170.0,0.00319,indigenous,Low,2017.0,3.652833333333333
0.871,108.028,0.867,world,-3.851,0.0499,0.467,"Boogey the Beat, Young Spirit, Drezus, Pj Vegas",4.0,0.243,28,Cousins,Indigenous Beats,Tapwe,2023-05-12,0.0282,0.0,6.0,226667.0,0.00213,indigenous,Low,2023.0,3.7777833333333333
0.802,96.015,0.729,world,-6.346,0.0905,0.705,"Jens Kleist, JASMIN, Da Bartali Crew",4.0,0.179,12,Nuivunga,Indigenous Beats,Nuivunga - GFD Collective,2020-11-13,4.42e-06,1.0,7.0,233177.0,0.0924,indigenous,Low,2020.0,3.8862833333333335
0.878,119.963,0.825,world,-3.356,0.122,0.53,"Baker Boy, JessB",4.0,0.185,35,Gela,Indigenous Beats,Meditjin,2021-10-15,2.42e-05,1.0,1.0,179547.0,0.0657,indigenous,Low,2021.0,2.99245
0.917,120.006,0.85,world,-4.932,0.239,0.798,Tjaka,4.0,0.0803,16,Break It Down,Indigenous Beats,Break It Down,2022-08-16,0.000101,1.0,0.0,202396.0,0.138,indigenous,Low,2022.0,3.373266666666667
0.821,100.061,0.58,world,-6.599,0.177,0.648,ABAO阿爆,4.0,0.0415,13,kinakaian 母親的舌頭,Indigenous Beats,uduli 跳一波,2019-12-30,8.71e-05,0.0,1.0,182344.0,0.00315,indigenous,Low,2019.0,3.039066666666667
0.831,125.012,0.844,world,-5.561,0.2,0.698,DJ Shub,4.0,0.262,11,Half Breed (Remix),Indigenous Beats,Half Breed - Remix,2023-11-03,0.00012,1.0,7.0,286695.0,0.00688,indigenous,Low,2023.0,4.77825
0.629,130.023,0.725,world,-4.729,0.212,0.194,"The Halluci Nation, Northern Voice",4.0,0.0356,39,Nation II Nation,Indigenous Beats,Sisters,2013-05-07,0.0673,1.0,9.0,271653.0,0.00139,indigenous,Low,2013.0,4.52755
0.731,122.012,0.819,world,-6.502,0.118,0.0484,DAM,4.0,0.0479,35,Ben Haana Wa Maana,Indigenous Beats,Emta Njawzak Yamma,2019-06-07,0.0731,1.0,1.0,268986.0,0.026,indigenous,Low,2019.0,4.4831
0.474,79.933,0.707,world,-8.705,0.64,0.534,"STOiK, Jah'kota, Plex, Drezus",4.0,0.147,18,Pareidolia,Indigenous Beats,Behold a Pale Horse,2019-04-09,0.000689,1.0,0.0,262498.0,0.201,indigenous,Low,2019.0,4.3749666666666664
0.927,141.961,0.6,world,-4.776,0.327,0.442,Yoni Z,4.0,0.107,33,AVINU CHAI (AM YISRAEL CHAI),Jewish Music,AVINU CHAI (AM YISRAEL CHAI),2024-03-15,0.00581,1.0,6.0,185284.0,0.025,jewish,Low,2024.0,3.0880666666666667
0.907,115.087,0.684,world,-3.949,0.112,0.336,"K3LZ, Eli Levin",4.0,0.0648,27,Lech Lecha (K3LZ Remix),Jewish Music,Lech Lecha (K3LZ Remix),2023-01-24,0.000175,1.0,8.0,208719.0,0.346,jewish,Low,2023.0,3.47865
0.59,78.459,0.377,world,-4.164,0.15,0.563,TAI,1.0,0.0336,42,The Rain,Jewish Music,The Rain,2024-09-02,0.0,1.0,5.0,171429.0,0.514,jewish,Low,2024.0,2.85715
0.465,110.014,0.794,world,-8.144,0.103,0.652,נהוראי אריאלי,4.0,0.057,32,תלוי בנו,Jewish Music,תלוי בנו,2022-03-26,1.37e-06,0.0,1.0,158690.0,0.751,jewish,Low,2022.0,2.644833333333333
0.513,99.022,0.788,world,-9.877,0.0811,0.82,Ishay Ribo,4.0,0.0464,46,סוף חמה לבוא,Jewish Music,ארץ ישראל,2024-09-16,1.92e-05,0.0,4.0,158000.0,0.774,jewish,Low,2024.0,2.6333333333333333
0.568,118.027,0.806,world,-11.061,0.104,0.628,"K3LZ, Eli Levin, MOiSHE'LE",4.0,0.0315,25,Az Yashir 2.0,Jewish Music,Az Yashir 2.0,2024-03-13,0.00165,0.0,5.0,184320.0,0.0462,jewish,Low,2024.0,3.072
0.695,120.043,0.666,world,-8.157,0.0758,0.422,"Danny Palgon, K3LZ",4.0,0.0402,24,Eimosai (K3LZ Remix),Jewish Music,Eimosai (K3LZ Remix),2023-10-09,2.03e-06,1.0,2.0,208000.0,0.148,jewish,Low,2023.0,3.466666666666667
0.833,169.964,0.55,world,-5.513,0.103,0.577,"Nissim Black, Oryahh",4.0,0.0521,28,LOVE ME,Jewish Music,LOVE ME,2023-09-26,4.53e-05,1.0,8.0,144191.0,0.0523,jewish,Low,2023.0,2.4031833333333332
0.737,92.006,0.66,world,-4.931,0.0477,0.802,Dovid Lowy,4.0,0.0384,24,BaTachti,Jewish Music,BaTachti,2020-05-17,0.0,1.0,10.0,245629.0,0.536,jewish,Low,2020.0,4.093816666666667
0.766,126.079,0.741,world,-7.358,0.103,0.321,Zusha,4.0,0.0774,41,Brighter,Jewish Music,Brighter,2024-01-31,4.51e-05,1.0,1.0,158115.0,0.129,jewish,Low,2024.0,2.63525
0.514,120.142,0.598,world,-4.537,0.305,0.49,TAI,4.0,0.0344,42,Ani Maamin,Jewish Music,Ani Maamin,2024-02-15,0.0,1.0,2.0,214062.0,0.461,jewish,Low,2024.0,3.5677
0.69,104.995,0.747,world,-7.22,0.234,0.603,שמואל,4.0,0.105,41,נקודות,Jewish Music,נקודות,2023-03-15,0.0,1.0,7.0,220345.0,0.108,jewish,Low,2023.0,3.672416666666667
0.699,133.069,0.536,world,-6.614,0.213,0.266,"Moshe Lang, Waterbury Mesivta, Sruli, Moyo",4.0,0.0512,21,Chaneinu,Jewish Music,Chaneinu,2020-03-27,0.0,1.0,10.0,202105.0,0.59,jewish,Low,2020.0,3.3684166666666666
0.57,127.956,0.555,world,-10.277,0.112,0.28,"DJ Kraz, Isaac Ben",4.0,0.0448,27,Before I Go,Jewish Music,Before I Go,2020-08-27,3.51e-05,1.0,2.0,215484.0,0.261,jewish,Low,2020.0,3.5914
0.765,170.115,0.497,world,-3.308,0.0941,0.669,"Thank You Hashem, DJ Farbreng, Moshe Storch, Mikey Mause",4.0,0.0899,26,Happy Clappy,Jewish Music,Mili Deshtuta - Crazy Stuff,2023-02-21,1.11e-05,1.0,8.0,141000.0,0.113,jewish,Low,2023.0,2.35
0.603,104.98,0.752,world,-5.973,0.311,0.841,"Yossi Newman, Aryeh Barnett",4.0,0.0862,25,Ki Hu Levado,Jewish Music,Ki Hu Levado,2020-09-23,3.03e-05,1.0,8.0,201429.0,0.19,jewish,Low,2020.0,3.35715
0.795,75.03,0.62,world,-4.835,0.132,0.628,Nissim Black,4.0,0.0402,22,SCREAM,Jewish Music,SCREAM,2023-08-27,3.9e-06,0.0,6.0,175200.0,0.273,jewish,Low,2023.0,2.92
0.41,94.993,0.753,world,-9.847,0.367,0.337,"K3LZ, Avi Abikhzer",4.0,0.248,20,Eliyahu Hanavi,Jewish Music,Eliyahu Hanavi,2023-07-30,0.0,0.0,10.0,154123.0,0.464,jewish,Low,2023.0,2.5687166666666665
0.851,100.028,0.641,world,-4.552,0.0996,0.724,Danny Palgon,4.0,0.213,22,Hodu,Jewish Music,Bou,2020-03-01,0.0,0.0,0.0,206553.0,0.333,jewish,Low,2020.0,3.44255
0.471,76.934,0.404,world,-5.848,0.119,0.497,TAI,4.0,0.0535,35,Not Today (Dear Yetzer Hara),Jewish Music,Not Today (Dear Yetzer Hara),2023-05-11,0.0,1.0,6.0,216585.0,0.287,jewish,Low,2023.0,3.60975
0.705,159.97,0.595,world,-9.872,0.0883,0.562,A.Y. Bouzaglou,4.0,0.052,19,End of the Tunnel,Jewish Music,End of the Tunnel,2019-08-15,0.000326,0.0,6.0,239664.0,0.221,jewish,Low,2019.0,3.9944
0.749,100.017,0.798,world,-3.585,0.143,0.81,Mordechai Shapiro,4.0,0.0445,34,Ein Od Milvado,Jewish Music,Ein Od Milvado,2020-09-28,0.0,0.0,2.0,187800.0,0.258,jewish,Low,2020.0,3.13
0.952,127.996,0.654,world,-3.017,0.332,0.664,iZZy D JaY,4.0,0.0288,34,Ad Matai (Blue),Jewish Music,Ad Matai (Blue),2023-05-17,7.67e-06,0.0,7.0,158039.0,0.00635,jewish,Low,2023.0,2.633983333333333
0.752,128.046,0.604,world,-5.09,0.0896,0.444,Avi Zelinger,4.0,0.0564,20,Ahalela,Jewish Music,Ahalela,2019-07-15,0.0,0.0,11.0,223116.0,0.0331,jewish,Low,2019.0,3.7186
0.887,125.052,0.738,world,-4.241,0.162,0.798,Dovid Lowy,4.0,0.0384,22,Yom Yom,Jewish Music,Yom Yom,2018-07-19,1.63e-05,1.0,2.0,227500.0,0.604,jewish,Low,2018.0,3.7916666666666665
0.746,99.97,0.607,world,-5.512,0.0968,0.476,"Matt Dubb, Itzik Dadya",4.0,0.0453,31,Ana,Jewish Music,Ana,2020-05-30,3.79e-06,1.0,6.0,205424.0,0.0334,jewish,Low,2020.0,3.4237333333333333
0.873,120.005,0.596,world,-2.956,0.0686,0.64,Matt Dubb,4.0,0.051,19,Tzur,Jewish Music,Tzur,2020-12-19,0.000195,0.0,7.0,198077.0,0.0417,jewish,Low,2020.0,3.301283333333333
0.725,160.037,0.689,world,-7.246,0.051,0.847,DeScribe,4.0,0.0757,30,So Alive E.P.,Jewish Music,Set Me Free,2017-03-27,0.0,1.0,8.0,210704.0,0.0334,jewish,Low,2017.0,3.5117333333333334
0.752,99.984,0.768,world,-4.353,0.123,0.29,Mendy Piamenta,4.0,0.0878,29,Yesh Kan,Jewish Music,Yesh Kan,2019-01-28,0.0,1.0,11.0,218210.0,0.0808,jewish,Low,2019.0,3.636833333333333
0.855,75.03,0.589,world,-5.196,0.0362,0.764,Duvie Shapiro,4.0,0.0487,31,This Is My Home,Jewish Music,This Is My Home,2019-12-29,0.0,1.0,2.0,202400.0,0.0649,jewish,Low,2019.0,3.3733333333333335
0.782,179.878,0.489,world,-6.278,0.231,0.706,"DJ Kraz, Aryeh Kunstler",4.0,0.0432,23,Closer,Jewish Music,Closer,2020-05-11,1.08e-05,1.0,7.0,261324.0,0.28,jewish,Low,2020.0,4.3554
0.844,159.915,0.593,world,-3.197,0.266,0.651,Ari Goldwag,4.0,0.0471,21,Yesh Li Hakol,Jewish Music,Zeh Keili,2020-07-31,0.0,1.0,2.0,199994.0,0.598,jewish,Low,2020.0,3.3332333333333333
0.73,92.06,0.677,world,-5.798,0.139,0.691,Mordechai Shapiro,4.0,0.0482,32,Kol Haderech,Jewish Music,Schar Mitzvah,2016-03-14,0.0,1.0,8.0,223164.0,0.378,jewish,Low,2016.0,3.7194
0.874,128.045,0.648,world,-6.135,0.13,0.535,DeScribe,4.0,0.0557,27,So Alive E.P.,Jewish Music,So Alive,2017-03-27,0.0,0.0,2.0,192627.0,0.00054,jewish,Low,2017.0,3.21045
0.785,128.945,0.629,world,-5.188,0.0937,0.567,Mordechai Shapiro,4.0,0.0388,28,Hakol Mishamayim,Jewish Music,Friends,2019-06-10,0.0,1.0,2.0,214011.0,0.317,jewish,Low,2019.0,3.56685
0.741,109.928,0.616,world,-3.394,0.331,0.267,Yechiel Lazarus,4.0,0.0279,13,Es Shem,Jewish Music,Es Shem,2024-03-20,0.0,1.0,9.0,245455.0,0.132,jewish,Low,2024.0,4.090916666666667
0.897,113.01,0.806,world,-2.796,0.158,0.912,Nachas,4.0,0.042,20,Emes,Jewish Music,Shema,2017-06-06,0.015,0.0,8.0,262611.0,0.124,jewish,Low,2017.0,4.37685
0.813,120.014,0.644,world,-7.604,0.0709,0.391,DeScribe,4.0,0.0504,27,Dreamer,Jewish Music,Dreamer,2013-11-07,1.91e-06,0.0,11.0,192005.0,0.0426,jewish,Low,2013.0,3.200083333333333
0.672,133.992,0.547,world,-8.226,0.0938,0.345,"Yossi Newman, Aryeh Barnett",4.0,0.0854,18,V'hu Haya,Jewish Music,V'hu Haya,2020-09-29,0.0,1.0,10.0,224675.0,0.0496,jewish,Low,2020.0,3.7445833333333334
0.817,105.017,0.599,world,-5.752,0.287,0.644,Tani Polansky,4.0,0.0272,16,Long for the Day,Jewish Music,Long for the Day,2019-05-23,1.16e-06,1.0,2.0,255153.0,0.00799,jewish,Low,2019.0,4.25255
0.701,126.062,0.738,world,-6.089,0.195,0.414,Mikey Mocton,4.0,0.0678,15,מצווה גדולה,Jewish Music,מצווה גדולה,2019-09-02,0.0289,1.0,7.0,217619.0,0.261,jewish,Low,2019.0,3.6269833333333334
0.633,104.415,0.434,world,-7.843,0.195,0.464,"Waterbury Mesivta, Eli Dachs, Akiva Hammond",4.0,0.0484,17,Welcome Back (Akiva Hammond Remix),Jewish Music,Welcome Back - Akiva Hammond Remix,2019-09-22,0.0,1.0,9.0,200101.0,0.0228,jewish,Low,2019.0,3.3350166666666667
0.818,180.004,0.511,world,-7.707,0.165,0.519,"DJ Kraz, Sholom",4.0,0.116,19,Flames,Jewish Music,Flames,2019-11-11,0.000189,1.0,3.0,253336.0,0.0405,jewish,Low,2019.0,4.222266666666667
0.939,134.973,0.52,world,-3.887,0.0521,0.558,"Yechiel Lazarus, DJ YLK",4.0,0.0979,12,Karov Hashem,Jewish Music,V'ohavta,2019-12-13,0.000187,1.0,0.0,220889.0,0.000343,jewish,Low,2019.0,3.6814833333333334
0.825,113.04,0.7,world,-5.446,0.125,0.546,Danny Palgon,4.0,0.0416,15,Hodu,Jewish Music,Hodu,2020-03-01,0.0,0.0,6.0,216500.0,0.0183,jewish,Low,2020.0,3.6083333333333334
0.527,132.017,0.601,world,-9.26,0.184,0.292,Moshe Siegel,4.0,0.0335,16,Everything Is from You,Jewish Music,Everything Is from You,2020-03-08,0.00307,1.0,0.0,236507.0,0.00168,jewish,Low,2020.0,3.9417833333333334
0.853,94.958,0.728,world,-3.927,0.117,0.77,Moshe Tischler,4.0,0.0649,29,Modeh Ani,Jewish Music,Modeh Ani,2020-05-11,0.0,1.0,11.0,218454.0,0.318,jewish,Low,2020.0,3.6409
0.726,110.988,0.709,world,-6.023,0.115,0.879,Joey Newcomb,4.0,0.0266,17,To Be a Yid,Jewish Music,Ki Le'olam Chasdo,2019-01-28,0.000697,0.0,7.0,265705.0,0.479,jewish,Low,2019.0,4.428416666666666
0.721,119.967,0.665,world,-7.696,0.14,0.333,Moshe Lichtenstein,4.0,0.0321,15,Sameach,Jewish Music,Sameach,2020-12-10,0.00019,1.0,0.0,210121.0,0.161,jewish,Low,2020.0,3.5020166666666666
0.88,125.004,0.692,world,-4.125,0.107,0.894,Ari Goldwag,4.0,0.0439,27,Lo Nafsik Lirkod (Never Stop Dancing),Jewish Music,Lo Nafsik Lirkod,2018-09-06,0.0001,0.0,11.0,261240.0,0.0654,jewish,Low,2018.0,4.354
0.707,105.015,0.592,world,-8.98,0.132,0.291,DJ Kraz,4.0,0.0582,16,Adama V'shamayim (Remix),Jewish Music,Adama V'shamayim - Remix,2019-02-14,1.62e-06,0.0,7.0,272118.0,0.0915,jewish,Low,2019.0,4.5353
0.633,149.99,0.573,world,-11.519,0.113,0.357,DJ Kraz,4.0,0.0379,13,Ani Maamin,Jewish Music,Ani Maamin,2018-12-21,3.43e-05,1.0,11.0,236094.0,0.0618,jewish,Low,2018.0,3.9349
0.769,120.057,0.683,world,-4.719,0.0493,0.492,"Danny Palgon, Yoni Z",4.0,0.0432,16,Ashira,Jewish Music,Ashira,2021-01-15,1.1e-05,1.0,5.0,196500.0,0.0891,jewish,Low,2021.0,3.275
0.675,141.905,0.378,world,-9.647,0.251,0.27,"Zusha, Pumpidisa, Matt Dubb",4.0,0.24,33,Baruch Hashem,Jewish Music,Baruch Hashem,2017-07-21,0.000207,0.0,6.0,207308.0,0.00531,jewish,Low,2017.0,3.4551333333333334
0.685,111.974,0.669,world,-6.197,0.122,0.638,Ruvi New,4.0,0.0342,12,It's You,Jewish Music,It's You,2020-09-09,0.0,1.0,11.0,237610.0,0.533,jewish,Low,2020.0,3.960166666666667
0.853,149.916,0.686,world,-6.138,0.124,0.897,"Moshe Storch, DRS Senior Choir",4.0,0.137,23,Geshmak to Be a Yid,Jewish Music,Geshmak to Be a Yid,2020-03-09,0.0,1.0,6.0,209768.0,0.325,jewish,Low,2020.0,3.4961333333333333
0.834,127.908,0.58,world,-7.476,0.564,0.3,"RJ2, Moshe Lang",4.0,0.0422,18,Olam Chesed Yibaneh (Remix),Jewish Music,Olam Chesed Yibaneh - Remix,2020-08-18,0.00583,1.0,7.0,198000.0,0.0669,jewish,Low,2020.0,3.3
0.851,128.016,0.6,world,-5.411,0.148,0.608,RJ2,4.0,0.0411,13,Modim,Jewish Music,Rachem,2017-10-16,1.32e-06,1.0,0.0,290685.0,0.000291,jewish,Low,2017.0,4.84475
0.943,142.0,0.557,world,-4.549,0.159,0.572,RJ2,4.0,0.117,14,Modim,Jewish Music,Kol Sasson,2017-10-16,0.0,1.0,0.0,219243.0,0.0259,jewish,Low,2017.0,3.65405
0.928,128.028,0.546,world,-3.692,0.352,0.524,"Baruch Naftel, Caudio",4.0,0.034,12,Emes 2.0,Jewish Music,Emes 2.0,2020-12-30,0.329,1.0,0.0,297547.0,0.243,jewish,Low,2020.0,4.959116666666667
0.877,122.041,0.713,world,-3.726,0.329,0.758,Yehuda Freundlich,4.0,0.0386,17,Lehodos,Jewish Music,Lehodos,2020-07-31,0.000238,0.0,0.0,240166.0,0.228,jewish,Low,2020.0,4.002766666666667
0.828,103.964,0.643,world,-3.842,0.0414,0.606,"Ari Goldwag, Dovid Pearlman",4.0,0.0495,23,Yesh Li Hakol,Jewish Music,Ashira Lashem,2020-07-31,0.0,0.0,6.0,234006.0,0.153,jewish,Low,2020.0,3.9001
0.847,100.035,0.608,world,-5.58,0.0952,0.468,Danny Palgon,4.0,0.0588,12,Hodu,Jewish Music,Shifchi,2020-03-01,0.0,1.0,0.0,192000.0,0.261,jewish,Low,2020.0,3.2
0.816,99.983,0.697,world,-6.428,0.139,0.497,Danny Palgon,4.0,0.206,11,Hodu,Jewish Music,Pischi,2020-03-01,0.0,0.0,4.0,186000.0,0.1,jewish,Low,2020.0,3.1
0.503,121.966,0.648,world,-9.513,0.182,0.574,"Ami Eller, Camp Simcha",4.0,0.0384,18,Simcha Strong - Camp Simcha 2019 Boys Song (Camp Simcha Remix),Jewish Music,Simcha Strong - Camp Simcha 2019 Boys Song - Camp Simcha Remix,2019-08-05,0.0,1.0,8.0,166478.0,0.648,jewish,Low,2019.0,2.7746333333333335
0.885,122.035,0.59,world,-2.536,0.52,0.427,"A.K.A. Pella, Aryeh Kunstler",4.0,0.043,15,A.K.A. Pella and Friends,Jewish Music,Ponies (Turning Around) [feat. Aryeh Kunstler],2015-07-29,2.26e-05,1.0,5.0,241373.0,0.00624,jewish,Low,2015.0,4.022883333333334
0.83,128.172,0.669,world,-5.196,0.374,0.56,Baruch Levine,4.0,0.0386,15,Off the Record,Jewish Music,Thank You Hashem,2020-12-06,0.0,0.0,4.0,40417.0,0.179,jewish,Low,2020.0,0.6736166666666666
0.778,95.05,0.687,world,-4.604,0.0771,0.892,Gad Feureisen,4.0,0.0335,26,Anim,Jewish Music,Anim,2019-03-05,0.0,1.0,0.0,226351.0,0.0897,jewish,Low,2019.0,3.7725166666666667
0.633,144.04,0.578,world,-6.666,0.0996,0.386,Danny Palgon,4.0,0.0424,16,Bsimcha,Jewish Music,Bsimcha,2018-12-04,0.0,1.0,6.0,182976.0,0.429,jewish,Low,2018.0,3.0496
0.852,104.982,0.708,world,-5.729,0.357,0.533,"Reuven Garber ראובן גרבר, DJ Roi Cohen",4.0,0.0795,23,Ayeh! (DJ Roi Cohen Remix),Jewish Music,Ayeh! - DJ Roi Cohen Remix,2020-03-02,1.04e-06,0.0,4.0,281225.0,0.0438,jewish,Low,2020.0,4.687083333333334
0.715,119.981,0.649,world,-6.411,0.251,0.448,Danny Palgon,4.0,0.0478,13,Eimosai,Jewish Music,Eimosai,2021-03-07,0.000106,1.0,2.0,190000.0,0.335,jewish,Low,2021.0,3.1666666666666665
0.828,103.964,0.643,world,-3.842,0.0414,0.606,"Dovid Pearlman, Ari Goldwag",4.0,0.0495,12,Ashira Lashem,Jewish Music,Ashira Lashem,2020-08-13,0.0,0.0,6.0,234006.0,0.153,jewish,Low,2020.0,3.9001
0.886,139.968,0.625,world,-5.794,0.221,0.314,"Dovid Pearlman, C. Neuhaus",4.0,0.0577,21,Miracles,Jewish Music,Adon Olam,2015-05-06,0.00252,1.0,9.0,289067.0,0.00514,jewish,Low,2015.0,4.817783333333334
0.919,130.019,0.612,world,-4.772,0.0989,0.789,Shuky,4.0,0.0367,27,ימים באים,Jewish Music,לא נורא,2016-02-24,6.53e-06,0.0,11.0,222839.0,0.00372,jewish,Low,2016.0,3.713983333333333
0.83,109.99,0.723,world,-5.359,0.0614,0.613,Yoni Z,4.0,0.0479,23,Power,Jewish Music,Power,2019-06-23,1.81e-05,1.0,1.0,194880.0,0.0682,jewish,Low,2019.0,3.248
0.722,127.962,0.65,world,-7.52,0.247,0.467,Zevi Kaufman,4.0,0.0526,13,B'yeshiva Sheli,Jewish Music,B'yeshiva Sheli,2020-09-06,4.5e-05,1.0,0.0,206719.0,0.104,jewish,Low,2020.0,3.445316666666667
0.818,176.078,0.505,world,-5.816,0.169,0.625,Uzi Bodner,4.0,0.0786,15,Hey-Ha,Jewish Music,Hey-Ha,2019-02-13,1.94e-06,1.0,8.0,237200.0,0.0868,jewish,Low,2019.0,3.953333333333333
0.855,113.019,0.641,world,-7.098,0.0813,0.737,Uzi Bodner,4.0,0.0571,12,Hey-Ha,Jewish Music,Ad Layla,2019-02-13,0.000141,0.0,6.0,232853.0,0.0255,jewish,Low,2019.0,3.8808833333333332
0.736,120.972,0.553,world,-5.379,0.164,0.725,Nachas,4.0,0.112,24,Nodeh Lecha,Jewish Music,Nodeh Lecha,2021-04-29,0.0,0.0,11.0,202614.0,0.287,jewish,Low,2021.0,3.3769
0.904,109.991,0.659,world,-2.83,0.0615,0.668,Yoni Z,4.0,0.0309,24,Yoni Z,Jewish Music,Hallelukah,2018-07-28,0.0635,0.0,5.0,241425.0,0.271,jewish,Low,2018.0,4.02375
0.606,144.115,0.422,world,-9.662,0.11,0.413,"Moshe Lang, A.Y. Bouzaglou",4.0,0.0412,11,Ein yeush,Jewish Music,Ein yeush,2021-05-04,1.3e-05,1.0,3.0,214154.0,0.0805,jewish,Low,2021.0,3.5692333333333335
0.482,79.995,0.759,world,-7.158,0.0915,0.391,BINYAMIN,4.0,0.0433,25,Who Am I,Jewish Music,Who Am I,2021-04-30,0.0,1.0,10.0,161408.0,0.147,jewish,Low,2021.0,2.6901333333333333
0.569,80.027,0.542,world,-9.611,0.203,0.445,Aryeh Kunstler,4.0,0.0254,17,Accept,Jewish Music,Accept,2020-06-20,0.0,1.0,2.0,215812.0,0.201,jewish,Low,2020.0,3.5968666666666667
0.402,99.914,0.722,world,-7.393,0.109,0.337,"Yossi Rodal, iZZy D JaY",4.0,0.0453,32,Dry Tears,Jewish Music,Dry Tears,2020-08-02,0.0,0.0,3.0,167927.0,0.678,jewish,Low,2020.0,2.798783333333333
0.624,127.903,0.853,world,-4.377,0.129,0.718,"Yossi Rodal, iZZy D JaY, CTeen",4.0,0.0731,36,Proud Jew,Jewish Music,Proud Jew,2021-02-22,0.0,1.0,4.0,210586.0,0.132,jewish,Low,2021.0,3.5097666666666667
0.895,99.862,0.641,world,-5.344,0.0783,0.496,"Yossi Rodal, iZZy D JaY",4.0,0.0975,27,Unspoken,Jewish Music,Unspoken,2018-01-19,6.4e-06,1.0,3.0,180000.0,0.556,jewish,Low,2018.0,3.0
0.634,97.043,0.702,world,-4.773,0.47,0.124,Jeryko,4.0,0.0412,23,How to Fly,Jewish Music,How to Fly,2020-12-16,0.0,1.0,9.0,155258.0,0.146,jewish,Low,2020.0,2.5876333333333332
0.549,125.043,0.691,world,-7.176,0.116,0.367,"Eli Skies, Shmuel Zimmer",4.0,0.0289,13,Believe,Jewish Music,Believe,2019-08-08,7.66e-06,1.0,2.0,184320.0,0.589,jewish,Low,2019.0,3.072
0.517,74.997,0.545,world,-6.382,0.118,0.151,"Eli Skies, Dovid Gross",4.0,0.0411,11,Elokai,Jewish Music,Elokai,2019-07-15,0.0,0.0,0.0,204800.0,0.259,jewish,Low,2019.0,3.4133333333333336
0.872,124.943,0.707,world,-5.18,0.158,0.628,"The International Nigun Project, Leo Chelyapov, Yossi Rodel, Shmuel Marcus, iZZy D JaY",4.0,0.0464,28,Nyet Nyet,Jewish Music,Nyet Nyet,2018-06-21,0.0,1.0,0.0,197949.0,0.0526,jewish,Low,2018.0,3.29915
0.804,125.99,0.612,world,-4.868,0.141,0.453,"Hershel, iZZy D JaY",4.0,0.0374,20,Modeh Ani,Jewish Music,Modeh Ani,2020-11-03,0.0,0.0,3.0,196162.0,0.137,jewish,Low,2020.0,3.2693666666666665
0.647,111.979,0.455,world,-7.67,0.127,0.171,Reuven Garber ראובן גרבר,4.0,0.0628,16,Ayeh!,Jewish Music,Odecha,2021-02-27,0.0116,1.0,10.0,186358.0,0.0377,jewish,Low,2021.0,3.1059666666666668
0.72,113.015,0.714,world,-6.751,0.0742,0.696,Duvie Shapiro,4.0,0.0315,22,Idan Chadash,Jewish Music,Idan Chadash,2020-12-24,0.0,1.0,6.0,274488.0,0.0922,jewish,Low,2020.0,4.5748
0.556,105.021,0.732,world,-10.801,0.19,0.22,Danny Palgon,4.0,0.104,13,Never Alone,Jewish Music,Never Alone,2021-05-18,0.00487,1.0,9.0,232000.0,0.572,jewish,Low,2021.0,3.8666666666666667
0.737,111.97,0.668,world,-7.467,0.573,0.465,"Yossi Newman, Aryeh Barnett",4.0,0.0518,14,K'Echud,Jewish Music,K'Echud,2021-05-23,0.000239,1.0,0.0,241093.0,0.00296,jewish,Low,2021.0,4.0182166666666665
0.768,159.962,0.724,world,-5.895,0.174,0.734,Nissim Black,4.0,0.133,17,Only One,Jewish Music,Only One,2021-01-27,0.0,1.0,0.0,136084.0,0.233,jewish,Low,2021.0,2.2680666666666665
0.644,128.083,0.666,world,-7.062,0.101,0.45,Nachas,4.0,0.0411,32,Ah-Yay!,Jewish Music,Ah-Yay!,2021-06-21,0.0,0.0,1.0,223302.0,0.133,jewish,Low,2021.0,3.7217
0.885,128.021,0.778,world,-5.852,0.0835,0.794,איציק וינגרטן,4.0,0.0475,34,תרקדו,Jewish Music,תרקדו,2021-07-20,0.0,0.0,5.0,217298.0,0.0827,jewish,Low,2021.0,3.6216333333333335
0.807,124.723,0.605,world,-6.473,0.42,0.748,"Mordechai Shapiro, Freilach Band",4.0,0.0662,15,Sing It,Jewish Music,Sois Tosis,2021-06-02,0.0,1.0,10.0,74653.0,0.0885,jewish,Low,2021.0,1.2442166666666667
0.789,105.048,0.637,world,-4.538,0.0852,0.601,Itzik Orlev,4.0,0.0266,28,Festive Collection for the Jewish Holidays,Jewish Music,Hashem Echad,2016-09-27,0.0,0.0,11.0,237714.0,0.434,jewish,Low,2016.0,3.9619
0.948,110.012,0.636,world,-3.865,0.128,0.74,Itzik Orlev,4.0,0.0361,24,ריקוד מנצח,Jewish Music,ריקוד מנצח,2019-08-12,3.06e-05,0.0,7.0,198250.0,0.0625,jewish,Low,2019.0,3.3041666666666667
0.743,140.028,0.797,indian,-7.217,0.123,0.586,"Vishal-Shekhar, Sukhwinder Singh, Shadab Faridi, Irshad Kamil",4.0,0.074,42,Sultan - Workout Remix,Bollywood Workout,Sultan - Workout Remix,2022-03-03,0.843,1.0,9.0,205714.0,0.00929,workout,Low,2022.0,3.4285666666666668
0.854,155.867,0.468,indian,-3.932,0.126,0.277,"Sachet Tandon, Kunaal Vermaa, The Fusion Project",4.0,0.059,66,"Humraah (From ""Malang - Unleash The Madness"")",Bollywood Workout,"Humraah (From ""Malang - Unleash The Madness"")",2020-01-23,0.0,0.0,11.0,299822.0,0.176,workout,Low,2020.0,4.997033333333333
0.939,100.081,0.622,indian,-5.881,0.0634,0.231,"Santhosh Venky, Ravi Basrur, Swanand Kirkire",4.0,0.0556,50,"Singham Again Title Track (From ""Singham Again"")",Bollywood Workout,"Singham Again Title Track (From ""Singham Again"")",2024-10-26,0.0901,1.0,1.0,220593.0,0.367,workout,Low,2024.0,3.67655
0.867,178.004,0.617,indian,-5.1,0.0559,0.665,"Pritam, Daler Mehndi",4.0,0.139,58,Dangal (Original Motion Picture Soundtrack),Bollywood Workout,Dangal,2016-12-14,0.0,0.0,6.0,299326.0,0.237,workout,Low,2016.0,4.988766666666667
0.821,170.022,0.557,indian,-7.794,0.0863,0.184,"Sukhwinder Singh, Shreya Ghoshal",4.0,0.0573,48,Sanju,Bollywood Workout,Kar Har Maidaan Fateh,2018-06-29,0.0,0.0,1.0,312158.0,0.0189,workout,Low,2018.0,5.202633333333333
0.821,125.877,0.654,indian,-5.698,0.131,0.602,"Pritam, Sreerama Chandra, Kausar Munir",4.0,0.0415,45,"Sarphira (From ""Chandu Champion"")",Bollywood Workout,"Sarphira (From ""Chandu Champion"")",2024-06-08,1.67e-05,1.0,0.0,205185.0,0.416,workout,Low,2024.0,3.41975
0.919,94.993,0.805,indian,-1.294,0.0598,0.494,"Jasmine Sandlas, Garry Sandhu, Tanishk Bagchi, Intense",4.0,0.0938,66,"Illegal Weapon 2.0 (From ""Street Dancer 3D"")",Bollywood Workout,"Illegal Weapon 2.0 (From ""Street Dancer 3D"")",2020-01-04,0.00343,1.0,1.0,188606.0,0.101,workout,Low,2020.0,3.1434333333333333
0.727,118.034,0.695,indian,-6.274,0.533,0.864,"Vishal-Shekhar, Arijit Singh, Shilpa Rao, Kumaar",4.0,0.0323,65,"Ghungroo (From ""War"")",Bollywood Workout,"Ghungroo (From ""War"")",2019-09-30,0.000175,0.0,6.0,302935.0,0.0744,workout,Low,2019.0,5.048916666666667
0.75,128.051,0.616,indian,-4.629,0.137,0.434,"Arijit Singh, Aditi Singh Sharma",4.0,0.0594,65,Roy,Bollywood Workout,Sooraj Dooba Hain,2015-01-09,0.0,1.0,2.0,264854.0,0.172,workout,Low,2015.0,4.414233333333334
0.858,119.974,0.83,indian,-3.18,0.0567,0.949,"Yashita Sharma, Manish Kumar Tipu, Farhan Akhtar, Shankar Mahadevan, Sukhwinder Singh",4.0,0.0554,64,Dil Dhadakne Do,Bollywood Workout,Gallan Goodiyaan,2015-05-02,1.72e-05,0.0,6.0,296500.0,0.134,workout,Low,2015.0,4.941666666666666
0.867,102.009,0.722,indian,-3.652,0.123,0.893,"Tony Kakkar, Neha Kakkar, Young Desi, Tanishk Bagchi",4.0,0.0904,64,"Coca Cola (From ""Luka Chuppi"")",Bollywood Workout,"Coca Cola (From ""Luka Chuppi"")",2019-02-04,0.0052,0.0,0.0,179225.0,0.121,workout,Low,2019.0,2.9870833333333335
0.839,103.992,0.836,indian,-2.974,0.181,0.507,"Meet Bros Anjjan, Kanika Kapoor",4.0,0.106,63,Ragini Mms 2,Bollywood Workout,Baby Doll,2014-02-28,7.25e-06,0.0,4.0,213887.0,0.275,workout,Low,2014.0,3.564783333333333
0.738,104.964,0.817,indian,-7.639,0.331,0.616,"Vishal-Shekhar, Arijit Singh, Sukriti Kakar, Vishal Dadlani, Shekhar Ravjiani, Kumaar",4.0,0.0748,64,Pathaan,Bollywood Workout,Jhoome Jo Pathaan,2022-12-22,0.0,1.0,7.0,208164.0,0.0964,workout,Low,2022.0,3.4694
0.742,155.986,0.689,indian,-7.571,0.0928,0.876,"Salim–Sulaiman, Salim Merchant, Sunidhi Chauhan, Amitabh Bhattacharya",4.0,0.0413,63,Band Baaja Baaraat,Bollywood Workout,Ainvayi Ainvayi,2010-03-11,0.0046,0.0,3.0,267624.0,0.0339,workout,Low,2010.0,4.4604
0.605,124.205,0.742,electronic,-9.045,0.131,0.93,Françoise Hardy,4.0,0.0584,41,Le temps des souvenirs,French Touch,Comment te dire adieu,2005-11-21,2.5e-05,0.0,10.0,150387.0,0.305,french,Low,2005.0,2.50645
0.547,93.942,0.694,electronic,-8.107,0.296,0.406,"Dele GT, LAVIERY",4.0,0.156,19,Isla Privée,French Touch,Isla Privée,2024-10-22,0.000196,1.0,2.0,192160.0,0.265,french,Low,2024.0,3.2026666666666666
0.797,97.988,0.811,electronic,-5.428,0.112,0.541,Aya Nakamura,4.0,0.165,68,NAKAMURA,French Touch,Djadja,2018-11-02,0.0,1.0,5.0,171133.0,0.0617,french,Low,2018.0,2.8522166666666666
0.409,170.071,0.714,electronic,-6.476,0.0883,0.497,Dele GT,4.0,0.0787,17,La Bebé (Remix) [French Version],French Touch,La Bebé (Remix) [French Version],2024-01-13,0.0,1.0,0.0,136324.0,0.0821,french,Low,2024.0,2.2720666666666665
0.442,115.932,0.703,electronic,-10.383,0.276,0.381,Angèle,4.0,0.0823,63,Brol,French Touch,Balance ton quoi,2018-10-05,2.39e-05,1.0,0.0,189480.0,0.594,french,Low,2018.0,3.158
0.586,113.655,0.736,electronic,-8.152,0.163,0.395,Lomepal,4.0,0.197,54,FLIP,French Touch,Yeux disent,2017-06-30,2.21e-05,0.0,5.0,212587.0,0.553,french,Low,2017.0,3.5431166666666667
0.694,127.997,0.763,electronic,-6.531,0.322,0.557,"Eugenio Esquivel, Dele GT, Los Esquivel, Sebastian Esquivel",4.0,0.034,14,Alucin Versiones,French Touch,Alucin - Versión Francés,2024-04-19,0.0004,1.0,0.0,189844.0,0.00438,french,Low,2024.0,3.164066666666667
0.542,105.005,0.692,electronic,-7.9,0.247,0.285,"Angèle, Roméo Elvis",4.0,0.197,59,Brol,French Touch,Tout oublier,2018-10-05,2.75e-06,0.0,11.0,202120.0,0.493,french,Low,2018.0,3.3686666666666665
0.238,98.957,0.543,electronic,-8.738,0.166,0.358,Dele GT,4.0,0.0298,13,Ella Baila Sola (Acustic French version),French Touch,Ella Baila Sola - Acustic French version,2024-02-04,0.0,0.0,5.0,160421.0,0.796,french,Low,2024.0,2.6736833333333334
0.44,107.091,0.668,electronic,-10.607,0.0901,0.127,Angèle,4.0,0.0801,59,Brol,French Touch,Ta reine,2018-10-05,3.98e-06,0.0,9.0,213200.0,0.822,french,Low,2018.0,3.5533333333333332
0.552,105.961,0.636,electronic,-9.972,0.34,0.737,"Adèle Castillon, Videoclub",4.0,0.037,41,Impala,French Touch,Impala,2022-06-10,0.0,0.0,8.0,130720.0,0.624,french,Low,2022.0,2.1786666666666665
0.52,112.965,0.682,electronic,-9.623,0.265,0.468,Angèle,4.0,0.0589,56,Brol,French Touch,Flou,2018-10-05,5.44e-06,0.0,5.0,196920.0,0.697,french,Low,2018.0,3.282
0.411,111.926,0.923,electronic,-11.2,0.108,0.322,HOUDI,4.0,0.114,42,LA FOLIE DES GRANDEURS,French Touch,CIEL,2023-03-03,0.00699,1.0,6.0,173571.0,0.0529,french,Low,2023.0,2.89285
0.807,155.397,0.525,electronic,-6.366,0.0504,0.741,Zaz,4.0,0.0725,68,Zaz,French Touch,Je veux,2010-05-10,0.0,0.0,2.0,215933.0,0.251,french,Low,2010.0,3.598883333333333
0.399,177.547,0.406,electronic,-9.863,0.14,0.372,Francis Cabrel,3.0,0.0355,43,L'essentiel / 1977 - 2007,French Touch,"Je t'aimais, je t'aime, je t'aimerai",2007-04-04,6.28e-05,1.0,6.0,276493.0,0.828,french,Low,2007.0,4.608216666666666
0.513,82.434,0.458,electronic,-10.321,0.106,0.448,"Jewel Usain, Béesau, Hedges",1.0,0.262,37,Où les garçons grandissent,French Touch,Incapable,2023-10-27,0.0767,0.0,5.0,213107.0,0.199,french,Low,2023.0,3.5517833333333333
0.52,79.043,0.824,electronic,-8.162,0.106,0.255,Jewel Usain,4.0,0.321,32,Où les garçons grandissent,French Touch,Pastille bleue,2023-10-27,0.000202,0.0,2.0,152307.0,0.155,french,Low,2023.0,2.53845
0.48,99.844,0.727,electronic,-8.751,0.108,0.239,Jewel Usain,4.0,0.241,21,Mode Difficile,French Touch,En plein océan,2021-05-07,5.54e-06,1.0,1.0,291170.0,0.0887,french,Low,2021.0,4.852833333333334
0.679,134.026,0.804,electronic,-6.417,0.203,0.577,Hamza,4.0,0.156,52,1994,French Touch,1994,2017-10-27,0.0,0.0,5.0,206253.0,0.387,french,Low,2017.0,3.43755
0.676,95.017,0.752,electronic,-5.233,0.186,0.425,GIMS,4.0,0.0418,65,Subliminal (La face cachée),French Touch,J'me tire,2013-12-02,1.94e-06,0.0,1.0,249867.0,0.00892,french,Low,2013.0,4.16445
0.661,107.992,0.808,electronic,-6.237,0.138,0.804,Vegedream,4.0,0.0395,65,Marchand de sable,French Touch,Ramenez la coupe à la maison,2018-07-20,0.0,0.0,0.0,235556.0,0.0358,french,Low,2018.0,3.9259333333333335
0.622,167.758,0.531,electronic,-7.751,0.118,0.593,"Orelsan, Ibeyi",4.0,0.447,56,La fête est finie,French Touch,Notes pour trop tard (feat. Ibeyi),2017-10-20,0.0,0.0,11.0,454533.0,0.602,french,Low,2017.0,7.57555
0.66,123.902,0.748,electronic,-6.034,0.0883,0.324,Lomepal,4.0,0.0404,61,Jeannine,French Touch,Trop beau,2018-12-07,5.56e-06,0.0,4.0,244587.0,0.295,french,Low,2018.0,4.07645
0.785,125.025,0.747,electronic,-6.735,0.08,0.389,Black M,4.0,0.0413,58,Les yeux plus gros que le monde,French Touch,Sur ma route,2014-03-31,0.0,0.0,7.0,252573.0,0.053,french,Low,2014.0,4.20955
0.482,100.013,0.631,electronic,-6.761,0.0819,0.677,Sexion d'Assaut,4.0,0.121,62,L'école des points vitaux,French Touch,Désolé,2010-03-29,0.0,0.0,1.0,204453.0,0.428,french,Low,2010.0,3.40755
0.756,114.986,0.932,electronic,-2.607,0.0232,0.759,Sexion d'Assaut,4.0,0.15,63,L'école des points vitaux,French Touch,Wati by Night,2010-03-29,0.0,1.0,2.0,248853.0,0.15,french,Low,2010.0,4.14755
0.763,106.977,0.865,electronic,-5.482,0.105,0.683,Sexion d'Assaut,4.0,0.197,58,L'Apogée,French Touch,Ma direction,2012-11-19,0.0,0.0,4.0,263533.0,0.0783,french,Low,2012.0,4.392216666666667
0.964,177.972,0.787,electronic,-4.816,0.0625,0.594,Booba,4.0,0.39,54,Ouest Side,French Touch,Pitbull,2006-02-13,9.32e-06,0.0,11.0,229707.0,0.289,french,Low,2006.0,3.82845
0.654,110.943,0.955,electronic,-5.528,0.0887,0.749,Jul,4.0,0.0809,54,Tchikita,French Touch,Tchikita,2016-09-20,3.19e-06,0.0,4.0,194490.0,0.727,french,Low,2016.0,3.2415
0.599,129.96,0.758,electronic,-5.99,0.129,0.557,"ZEG P, Hamza, SCH",4.0,0.0877,61,FADE UP,French Touch,FADE UP,2022-06-24,1.13e-06,0.0,4.0,219188.0,0.57,french,Low,2022.0,3.6531333333333333
0.939,142.948,0.901,electronic,-2.762,0.0643,0.805,"Kofs, Soso Maness, Elams, Jul, SCH, Naps, Solda, Houari, 13 Organisé",4.0,0.274,64,Bande organisée,French Touch,Bande organisée,2020-08-15,0.0,1.0,6.0,356347.0,0.117,french,Low,2020.0,5.939116666666667
0.464,100.011,0.87,electronic,-7.44,0.094,0.0929,SCH,4.0,0.357,57,A7,French Touch,Fusil,2015-11-13,0.00122,0.0,10.0,252067.0,0.474,french,Low,2015.0,4.201116666666667
0.651,151.926,0.524,electronic,-7.897,0.104,0.335,SCH,4.0,0.348,25,6.45i,French Touch,6.45i,2016-12-09,1.49e-06,0.0,4.0,169733.0,0.602,french,Low,2016.0,2.828883333333333
0.673,122.975,0.801,electronic,-5.576,0.0758,0.453,Booba,4.0,0.134,65,Nero nemesis,French Touch,92i veyron,2015-12-04,0.0,0.0,6.0,217893.0,0.27,french,Low,2015.0,3.63155
0.685,120.971,0.84,electronic,-3.431,0.0594,0.267,Booba,4.0,0.0591,44,Trône,French Touch,E.L.E.P.H.A.N.T - Bonus Track,2017-12-01,6.19e-05,0.0,6.0,179773.0,0.193,french,Low,2017.0,2.9962166666666668
0.278,82.331,0.371,electronic,-8.596,0.272,0.338,Édith Piaf,4.0,0.0303,58,Edith Piaf - The Best Of,French Touch,La Vie en rose,2008-10-13,0.0,0.0,7.0,187733.0,0.981,french,Low,2008.0,3.1288833333333335
0.503,129.76,0.665,electronic,-6.985,0.0793,0.468,Sole Gimenez,4.0,0.0836,35,El cielo de Paris,French Touch,Je ne veux pas travailler,2012-10-10,1.08e-05,1.0,7.0,200707.0,0.701,french,Low,2012.0,3.3451166666666667
0.354,119.965,0.7,electronic,-14.043,0.128,0.245,"Videoclub, Adèle Castillon, Mattyeux",4.0,0.0345,58,Amour plastique,French Touch,Amour plastique,2018-09-08,0.00158,0.0,6.0,227027.0,0.765,french,Low,2018.0,3.7837833333333335
0.438,149.897,0.649,electronic,-12.859,0.136,0.932,Manu Chao,4.0,0.0357,62,Clandestino,French Touch,Je ne t'aime plus,1998-10-06,0.759,0.0,9.0,122760.0,0.911,french,Low,1998.0,2.046
0.373,97.034,0.63,electronic,-10.136,0.115,0.346,"Moussa, Claire Laffut",4.0,0.0652,16,Simple,French Touch,Simple,2020-12-04,1.08e-06,0.0,9.0,86732.0,0.856,french,Low,2020.0,1.4455333333333333
0.665,127.977,0.719,electronic,-7.248,0.0836,0.656,Panache!,4.0,0.0297,22,Paradis,French Touch,Paradis,2020-11-11,0.0171,1.0,3.0,152027.0,0.419,french,Low,2020.0,2.5337833333333335
0.549,140.011,0.65,electronic,-7.231,0.0908,0.13,Smeels,4.0,0.0398,38,Par amour et pour le geste,French Touch,Bleu ciel,2021-04-16,0.0,0.0,11.0,168000.0,0.18,french,Low,2021.0,2.8
0.673,95.925,0.727,electronic,-6.269,0.176,0.397,Slimane,4.0,0.052,55,Chroniques d’un cupidon,French Touch,La recette,2022-09-01,0.0,0.0,7.0,197707.0,0.248,french,Low,2022.0,3.2951166666666665
0.862,119.931,0.582,electronic,-7.211,0.0632,0.562,Ycare,4.0,0.042,35,La Somone,French Touch,Sors,2014-03-17,0.000117,0.0,11.0,187013.0,0.0263,french,Low,2014.0,3.1168833333333335
0.759,86.037,0.694,electronic,-5.231,0.255,0.777,"Orelsan, Stromae",4.0,0.124,57,La fête est finie,French Touch,La pluie (feat. Stromae),2017-10-20,0.0,0.0,2.0,175347.0,0.0756,french,Low,2017.0,2.92245
0.675,82.183,0.634,electronic,-7.351,0.362,0.633,Orelsan,4.0,0.0926,61,Le chant des sirènes,French Touch,La terre est ronde,2011-09-26,0.000314,0.0,7.0,219866.0,0.099,french,Low,2011.0,3.664433333333333
0.617,123.994,0.696,electronic,-6.123,0.14,0.626,M. Pokora,4.0,0.0418,30,Parce que c'est toi,French Touch,Parce que c'est toi,2023-06-05,0.0,1.0,10.0,170899.0,0.269,french,Low,2023.0,2.848316666666667
0.791,105.074,0.75,electronic,-6.707,0.113,0.593,Lenni Kim,4.0,0.0669,34,Les autres,French Touch,Don't Stop,2017-06-30,0.0,0.0,1.0,224932.0,0.189,french,Low,2017.0,3.748866666666667
0.412,179.783,0.476,electronic,-10.529,0.112,0.209,"Grand Corps Malade, Camille Lellouche",3.0,0.131,57,MESDAMES deluxe,French Touch,Mais je t'aime,2021-09-10,9.04e-06,0.0,9.0,270000.0,0.796,french,Low,2021.0,4.5
0.616,109.842,0.68,electronic,-8.528,0.127,0.229,"Grand Corps Malade, Louane",4.0,0.107,56,MESDAMES deluxe,French Touch,Derrière le brouillard,2021-09-10,0.0,0.0,6.0,253013.0,0.167,french,Low,2021.0,4.2168833333333335
0.868,92.742,0.609,electronic,-4.535,0.0866,0.592,Lunatic,4.0,0.316,47,Mauvais Oeil,French Touch,Pas l'temps pour les regrets,2000-01-01,0.0,1.0,11.0,280973.0,0.286,french,Low,2000.0,4.682883333333334
0.58,75.195,0.575,electronic,-6.801,0.0781,0.323,Nekfeu,4.0,0.0668,64,Feu,French Touch,On verra,2015-06-08,0.0,1.0,0.0,211413.0,0.166,french,Low,2015.0,3.52355
0.501,90.967,0.772,electronic,-5.887,0.197,0.379,Oxmo Puccino,4.0,0.297,30,Opéra Puccino (Edition Collector),French Touch,Qui peut le nier ! - Remasterisé,2018-04-27,1.16e-05,1.0,0.0,254627.0,0.0106,french,Low,2018.0,4.243783333333333
0.392,119.983,0.792,electronic,-8.039,0.0775,0.697,TIF,4.0,0.0711,57,1.6,French Touch,AMNESIA,2023-03-10,0.0,0.0,1.0,156607.0,0.864,french,Low,2023.0,2.610116666666667
0.145,99.508,0.677,electronic,-14.238,0.12,0.698,Georges Brassens,4.0,0.0597,31,Brassens chante les poètes,French Touch,Heureux qui comme Ulysse,2016-10-14,0.0,0.0,6.0,135080.0,0.929,french,Low,2016.0,2.251333333333333
0.474,123.895,0.73,electronic,-9.537,0.099,0.625,Fréro Delavega,4.0,0.0351,62,Fréro Delavega,French Touch,Le chant des sirènes,2014-01-01,2.85e-05,1.0,7.0,178987.0,0.669,french,Low,2014.0,2.9831166666666666
0.636,127.021,0.673,electronic,-7.431,0.108,0.438,"Gazo, Tiakola",4.0,0.0771,62,KMT,French Touch,FLEURS (feat. Tiakola),2022-07-01,0.0,1.0,10.0,210933.0,0.268,french,Low,2022.0,3.51555
0.667,132.009,0.789,electronic,-7.301,0.163,0.731,"Mister V, Juice",4.0,0.0514,36,Double V,French Touch,Apollo13,2017-05-19,0.0,1.0,9.0,206427.0,0.356,french,Low,2017.0,3.44045
0.565,177.941,0.755,electronic,-5.595,0.111,0.407,"Aya Nakamura, Myke Towers",4.0,0.273,49,DNK,French Touch,T'as peur,2023-01-27,2.77e-05,0.0,8.0,215284.0,0.113,french,Low,2023.0,3.5880666666666667
0.67,120.76,0.713,electronic,-6.447,0.52,0.457,"Orelsan, Angèle",4.0,0.305,51,Civilisation Edition Ultime,French Touch,CP_009_ Évidemment,2022-10-28,0.0,0.0,9.0,206273.0,0.113,french,Low,2022.0,3.437883333333333
0.552,138.032,0.726,electronic,-7.666,0.0714,0.629,Bekar,4.0,0.0537,60,Mirasierra,French Touch,Magenta,2022-04-08,2.74e-06,0.0,1.0,105787.0,0.534,french,Low,2022.0,1.7631166666666667
0.595,141.97,0.772,electronic,-7.576,0.25,0.37,Niska,4.0,0.0629,60,Commando,French Touch,Salé,2017-09-22,0.0,1.0,1.0,170267.0,0.406,french,Low,2017.0,2.8377833333333333
0.536,95.034,0.781,electronic,-8.188,0.0797,0.524,OBOY,4.0,0.125,62,Mafana,French Touch,Mélodie,2020-07-03,2.21e-06,1.0,0.0,165701.0,0.36,french,Low,2020.0,2.7616833333333335
0.691,102.025,0.765,electronic,-7.016,0.0951,0.711,"Tayc, Tiakola",4.0,0.0692,64,Fleur froide - Second état : la cristallisation,French Touch,P A S C O M M E Ç A,2021-11-19,4.19e-05,1.0,1.0,178227.0,0.226,french,Low,2021.0,2.97045
0.578,140.709,0.622,electronic,-7.155,0.137,0.58,"Elh Kmer, So La Lune",4.0,0.0836,47,4SAISONS 'HIVER',French Touch,Céline,2022-03-18,0.0,1.0,7.0,165106.0,0.602,french,Low,2022.0,2.7517666666666667
0.464,108.015,0.886,electronic,-8.947,0.0776,0.417,Dinos,4.0,0.0794,46,Sea Dweller,French Touch,AMARU,2022-05-24,0.00107,0.0,7.0,154320.0,0.168,french,Low,2022.0,2.572
0.596,120.954,0.707,electronic,-8.284,0.0914,0.547,Dinos,4.0,0.0422,39,Apparences,French Touch,Namek,2015-01-19,0.0,1.0,0.0,236707.0,0.55,french,Low,2015.0,3.945116666666667
0.132,78.412,0.369,electronic,-13.639,0.155,0.367,Stella Jang,4.0,0.0413,50,Stairs,French Touch,"L’Amour, Les Baguettes, Paris",2021-10-15,4.69e-06,1.0,0.0,167173.0,0.954,french,Low,2021.0,2.786216666666667
0.736,115.983,0.756,electronic,-7.719,0.0373,0.612,Damso,4.0,0.0443,66,Ipséité,French Touch,Δ. Dieu ne ment jamais,2017-04-28,4.96e-06,1.0,11.0,199347.0,0.0597,french,Low,2017.0,3.32245
0.623,123.08,0.916,electronic,-7.648,0.179,0.816,Diam's,4.0,0.118,54,Brut de femme,French Touch,DJ,2003-05-12,0.0,1.0,4.0,270960.0,0.15,french,Low,2003.0,4.516
0.72,127.385,0.615,electronic,-5.809,0.0933,0.3,Gradur,4.0,0.341,18,Zone 59,French Touch,Billets,2019-11-29,0.0,0.0,1.0,195853.0,0.706,french,Low,2019.0,3.2642166666666665
0.552,134.768,0.532,electronic,-6.005,0.0815,0.296,Slimane,4.0,0.0522,63,Chroniques d’un cupidon,French Touch,Des milliers de je t'aime,2022-09-01,0.0,0.0,6.0,212800.0,0.725,french,Low,2022.0,3.546666666666667
0.412,177.144,0.425,electronic,-13.607,0.0919,0.38,The Top Club Band,3.0,0.0273,21,Radio Hits 90's,French Touch,Hijo de la Luna - Fils de la Lune,2013-10-21,0.179,0.0,1.0,260667.0,0.84,french,Low,2013.0,4.34445
0.509,127.143,0.745,electronic,-7.486,0.147,0.504,"Recycled J, Selecta",4.0,0.0486,39,SAD SUMMER,French Touch,BANKSY,2021-09-24,0.0,0.0,5.0,204000.0,0.391,french,Low,2021.0,3.4
0.44,137.321,0.382,electronic,-10.124,0.0992,0.411,Michel Sardou,4.0,0.0295,54,La Maladie D'Amour,French Touch,La maladie d'amour,2004-01-01,0.00106,1.0,10.0,210187.0,0.777,french,Low,2004.0,3.5031166666666667
0.71,138.241,0.343,electronic,-4.412,0.0308,0.391,Christophe,4.0,0.0371,54,Les mots bleus,French Touch,Les mots bleus,2013-03-18,1.42e-06,1.0,11.0,250613.0,0.497,french,Low,2013.0,4.1768833333333335
0.343,100.551,0.311,electronic,-10.186,0.136,0.412,Jean Ferrat,4.0,0.0299,29,Ferrat Chante Aragon: L'intégrale,French Touch,Aimer à perdre la raison,1995-11-23,1.82e-06,1.0,0.0,143027.0,0.77,french,Low,1995.0,2.383783333333333
0.487,85.706,0.325,electronic,-8.512,0.288,0.489,Claude François,4.0,0.0297,52,Hommages,French Touch,Comme d'habitude,1993-01-01,1.01e-06,1.0,5.0,249333.0,0.143,french,Low,1993.0,4.15555
0.624,115.981,0.834,electronic,-8.565,0.106,0.831,"Bigflo & Oli, Julien Doré",4.0,0.0838,58,Les autres c’est nous,French Touch,Coup de vieux,2022-06-23,0.0,0.0,9.0,232373.0,0.0729,french,Low,2022.0,3.8728833333333332
0.595,172.07,0.757,electronic,-8.125,0.131,0.811,Bigflo & Oli,4.0,0.147,58,La vraie vie (Deluxe),French Touch,Dommage,2017-11-03,0.0,0.0,9.0,238147.0,0.375,french,Low,2017.0,3.969116666666667
0.784,82.009,0.573,electronic,-5.224,0.0844,0.69,"Therapie TAXI, Roméo Elvis",4.0,0.0591,63,Hit Sale,French Touch,Hit Sale,2018-02-02,0.0,1.0,9.0,184400.0,0.141,french,Low,2018.0,3.0733333333333333
0.618,92.02,0.649,electronic,-7.691,0.0911,0.381,Therapie TAXI,4.0,0.0779,65,Rupture 2 merde,French Touch,Eté 90,2021-01-08,1.16e-06,1.0,9.0,192613.0,0.0215,french,Low,2021.0,3.2102166666666667
0.684,103.978,0.781,electronic,-6.169,0.442,0.563,"Bigflo & Oli, Fabian Ordonez",4.0,0.318,43,La vraie vie (Deluxe),French Touch,Papa,2017-11-03,0.0,0.0,0.0,318173.0,0.256,french,Low,2017.0,5.302883333333333
0.553,102.996,0.706,electronic,-8.056,0.111,0.392,"Lomepal, Roméo Elvis",4.0,0.112,53,Jeannine,French Touch,1000°C,2018-12-07,3.44e-05,0.0,3.0,235907.0,0.263,french,Low,2018.0,3.931783333333333
0.766,124.011,0.702,electronic,-6.578,0.174,0.512,Roméo Elvis,4.0,0.172,49,Chocolat,French Touch,Soleil,2019-04-12,0.0,0.0,4.0,172293.0,0.259,french,Low,2019.0,2.87155
0.693,92.021,0.841,electronic,-7.335,0.133,0.678,Aya Nakamura,4.0,0.205,57,NAKAMURA (Deluxe Edition),French Touch,40%,2019-10-25,3.99e-06,1.0,11.0,174933.0,0.396,french,Low,2019.0,2.91555
0.675,83.204,0.474,electronic,-5.901,0.131,0.386,Ashh,4.0,0.233,52,Mila 809,French Touch,Lolita,2017-07-07,0.0,1.0,3.0,221986.0,0.22,french,Low,2017.0,3.6997666666666666
0.772,137.014,0.567,electronic,-5.577,0.101,0.597,Louise Attaque,4.0,0.0365,65,Louise Attaque,French Touch,J't'emmène au vent,1997-04-22,0.0,1.0,6.0,184173.0,0.252,french,Low,1997.0,3.06955
0.623,75.996,0.712,electronic,-8.473,0.214,0.869,Bekar,4.0,0.0439,52,Plus fort que l'orage,French Touch,A minuit,2023-05-31,0.0,0.0,0.0,132750.0,0.4,french,Low,2023.0,2.2125
0.146,88.934,0.391,electronic,-15.246,0.0996,0.158,Yves Montand,3.0,0.0438,34,Les feuilles mortes,French Touch,Les feuilles mortes,2017-11-10,0.000243,0.0,2.0,200821.0,0.984,french,Low,2017.0,3.3470166666666668
0.838,140.04,0.63,electronic,-4.662,0.205,0.707,"Sisi K, BB Model",4.0,0.036,33,La Puissance (bonus edition),French Touch,Elle Danse sexy,2011-06-20,1.27e-05,0.0,0.0,158626.0,0.00211,french,Low,2011.0,2.6437666666666666
0.907,128.056,0.621,electronic,-3.923,0.067,0.884,"Magic System, Chawki",4.0,0.0474,67,Africainement vôtre,French Touch,Magic in the Air (feat. Ahmed Chawki),2014-05-16,0.0,1.0,2.0,233693.0,0.091,french,Low,2014.0,3.8948833333333335
0.773,131.559,0.851,electronic,-5.159,0.214,0.734,Magic System,4.0,0.263,53,Touté kalé,French Touch,Ambiance à l'africaine,2011-04-01,0.0,0.0,9.0,183573.0,0.192,french,Low,2011.0,3.05955
0.527,120.462,0.505,electronic,-7.765,0.0974,0.235,Yamê,4.0,0.0958,67,Bécane - A COLORS SHOW,French Touch,Bécane - A COLORS SHOW,2023-06-01,0.0,1.0,10.0,182440.0,0.327,french,Low,2023.0,3.0406666666666666
0.774,109.999,0.806,electronic,-7.06,0.131,0.517,Arcadian,4.0,0.0831,34,Marche ou rêve,French Touch,Petit à petit,2019-10-04,0.0,0.0,7.0,177773.0,0.106,french,Low,2019.0,2.9628833333333335
0.61,138.266,0.447,electronic,-6.161,0.0984,0.718,"Dadju, Tayc",5.0,0.188,63,I love you,French Touch,I love you,2023-12-08,0.000175,0.0,1.0,237867.0,0.316,french,Low,2023.0,3.96445
0.556,88.188,0.475,electronic,-6.06,0.0943,0.414,Kendji Girac,4.0,0.051,52,Ensemble (Deluxe Version),French Touch,Les yeux de la mama,2016-11-25,0.0,0.0,4.0,202480.0,0.43,french,Low,2016.0,3.3746666666666667
0.702,105.232,0.669,electronic,-10.616,0.119,0.793,Noir Désir,4.0,0.0582,58,Des visages des figures,French Touch,Le vent nous portera,2001-01-01,0.0408,0.0,4.0,288693.0,0.713,french,Low,2001.0,4.81155
0.594,152.039,0.771,electronic,-7.961,0.181,0.581,47ter,4.0,0.0945,42,L’adresse,French Touch,Côte Ouest,2019-10-25,0.0,1.0,8.0,233280.0,0.501,french,Low,2019.0,3.888
0.643,120.014,0.772,electronic,-6.58,0.0679,0.776,47ter,4.0,0.0447,34,L’adresse,French Touch,On avait dit,2019-10-25,0.0,0.0,10.0,220547.0,0.541,french,Low,2019.0,3.6757833333333334
0.621,100.055,0.589,electronic,-4.239,0.0919,0.253,Hoshi,4.0,0.038,58,Étoile flippante (Version deluxe),French Touch,Et même après je t'aimerai,2022-02-11,0.0,1.0,1.0,195987.0,0.287,french,Low,2022.0,3.26645
0.624,133.977,0.742,electronic,-8.139,0.268,0.866,roland decembre,4.0,0.042,14,Tout va bien,French Touch,Tout va bien,2023-02-03,0.154,1.0,2.0,191417.0,0.252,french,Low,2023.0,3.1902833333333334
0.57,115.02,0.831,electronic,-8.572,0.122,0.478,Nell Widmer,4.0,0.127,29,Dans ma tête,French Touch,Dans ma tête,2023-05-05,0.0,0.0,6.0,162783.0,0.2,french,Low,2023.0,2.71305
0.305,118.677,0.763,electronic,-8.174,0.774,0.551,Luidji,5.0,0.269,64,Saison 00,French Touch,Reste en Vie,2023-06-22,0.000131,0.0,1.0,198387.0,0.857,french,Low,2023.0,3.30645
0.653,157.38,0.665,electronic,-6.686,0.0769,0.381,"Niska, Booba",3.0,0.0893,52,Médicament,French Touch,Médicament,2019-04-05,0.0,0.0,6.0,198857.0,0.693,french,Low,2019.0,3.3142833333333335
0.668,150.093,0.795,electronic,-6.463,0.127,0.349,Niska,4.0,0.244,63,Commando,French Touch,Réseaux,2017-09-22,0.0,1.0,1.0,196453.0,0.161,french,Low,2017.0,3.2742166666666668
0.802,140.014,0.776,electronic,-6.237,0.154,0.804,Naza,4.0,0.251,47,C'est la loi,French Touch,P*Tain de m*Rde,2018-05-04,0.00356,1.0,0.0,197160.0,0.27,french,Low,2018.0,3.286
0.168,84.749,0.241,electronic,-16.267,0.373,0.556,Charles Trenet,3.0,0.0442,43,The Extraordinary Garden - The Very Best Of Charles Trenet,French Touch,La mer,1990-06-25,0.114,1.0,0.0,201840.0,0.965,french,Low,1990.0,3.364
0.412,179.852,0.651,electronic,-9.686,0.103,0.922,Zoufris Maracas,3.0,0.0517,39,Chienne de vie,French Touch,Pacifique,2015-03-02,0.0,0.0,3.0,402050.0,0.444,french,Low,2015.0,6.700833333333334
0.144,119.659,0.684,electronic,-17.419,0.241,0.573,Henri Salvador,4.0,0.0708,53,Chambre avec vue,French Touch,Jardin d'hiver,2000-10-15,0.0249,0.0,11.0,168000.0,0.534,french,Low,2000.0,2.8
0.281,129.346,0.42,electronic,-11.644,0.147,0.277,Léo Ferré,3.0,0.041,22,50 Plus Belles Chansons,French Touch,La mémoire et la mer,2013-01-01,0.0,0.0,4.0,325573.0,0.85,french,Low,2013.0,5.426216666666667
0.302,88.15,0.467,electronic,-10.322,0.36,0.18,Nino Ferrer,4.0,0.0291,38,Nino Ferrer,French Touch,La maison près de la fontaine,2004-01-01,0.00065,0.0,5.0,225253.0,0.788,french,Low,2004.0,3.7542166666666668
0.56,89.885,0.534,electronic,-7.565,0.11,0.599,Nino Ferrer,4.0,0.0236,57,Nino Ferrer,French Touch,Le sud,2004-01-01,9.63e-05,1.0,4.0,275040.0,0.451,french,Low,2004.0,4.584
0.631,128.013,0.83,indie,-5.238,0.0539,0.877,The Jungle Giants,4.0,0.0313,65,Quiet Ferocity,Australian Indie,Used to Be in Love,2017-07-07,0.0359,0.0,11.0,222787.0,0.0022,australian,Low,2017.0,3.7131166666666666
0.55,111.962,0.629,indie,-5.403,0.108,0.7,Spacey Jane,4.0,0.0263,62,Sunlight,Australian Indie,Booster Seat,2020-06-12,1.21e-06,1.0,11.0,268880.0,0.042,australian,Low,2020.0,4.481333333333334
0.898,97.021,0.565,indie,-5.055,0.254,0.864,Royel Otis,4.0,0.0412,68,Sofa Kings,Australian Indie,Sofa King,2023-03-31,0.00296,1.0,0.0,196317.0,0.00491,australian,Low,2023.0,3.27195
0.852,86.309,0.493,indie,-3.349,0.147,0.499,Ocean Alley,4.0,0.0802,62,Yellow Mellow EP,Australian Indie,Yellow Mellow,2013-09-08,9.72e-06,0.0,11.0,225656.0,0.0231,australian,Low,2013.0,3.7609333333333335
0.883,95.951,0.506,indie,-5.063,0.104,0.5,Old Mervs,4.0,0.0363,53,Out Of Luck,Australian Indie,Out Of Luck,2021-08-06,0.0,1.0,7.0,179219.0,0.29,australian,Low,2021.0,2.9869833333333333
0.603,108.074,0.718,indie,-6.278,0.0781,0.474,Shag Rock,4.0,0.0258,55,Barefoot,Australian Indie,Sunbleached Girl,2017-02-10,0.0,1.0,3.0,177467.0,0.326,australian,Low,2017.0,2.9577833333333334
0.849,148.002,0.673,indie,-5.242,0.116,0.375,Thelma Plum,4.0,0.0544,51,Better in Blak,Australian Indie,Better in Blak,2019-07-12,0.000274,1.0,1.0,192467.0,0.0186,australian,Low,2019.0,3.2077833333333334
0.585,110.058,0.646,indie,-9.148,0.406,0.412,Lime Cordiale,4.0,0.0336,55,14 Steps To A Better You,Australian Indie,Money,2020-07-10,0.293,1.0,4.0,238180.0,0.163,australian,Low,2020.0,3.9696666666666665
0.69,77.66,0.456,indie,-8.092,0.0992,0.512,Sticky Fingers,4.0,0.0448,62,Caress Your Soul,Australian Indie,Australia Street,2013-03-08,0.0,1.0,0.0,219027.0,0.0215,australian,Low,2013.0,3.65045
0.64,104.989,0.553,indie,-9.246,0.205,0.478,Skegss,4.0,0.0288,51,My Own Mess,Australian Indie,Up In The Clouds,2018-09-07,0.0,1.0,0.0,149623.0,0.0109,australian,Low,2018.0,2.493716666666667
0.636,122.966,0.803,indie,-4.64,0.0791,0.817,The Jungle Giants,4.0,0.0322,55,Quiet Ferocity,Australian Indie,Feel the Way I Do,2017-07-07,0.00505,0.0,11.0,205147.0,0.0231,australian,Low,2017.0,3.4191166666666666
0.805,100.003,0.746,indie,-6.827,0.104,0.906,DOPE LEMON,4.0,0.0339,64,Rose Pink Cadillac,Australian Indie,Rose Pink Cadillac,2022-01-07,0.00685,1.0,1.0,261912.0,0.321,australian,Low,2022.0,4.3652
0.542,169.31,0.334,indie,-11.202,0.139,0.809,Ocean Alley,4.0,0.0263,55,Lonely Diamond,Australian Indie,Tombstone,2020-06-19,0.000632,1.0,5.0,240280.0,0.0117,australian,Low,2020.0,4.004666666666667
0.16,56.449,0.0789,electronic,-18.144,0.0943,0.0409,Lights & Motion,4.0,0.0362,33,Bloom,Nordic Electronica,Glaciers,2018-02-02,0.786,1.0,7.0,176373.0,0.733,nordic,Low,2018.0,2.93955
0.0429,69.569,0.196,electronic,-19.749,0.152,0.0575,Luke Howard,5.0,0.0395,24,Two Places,Nordic Electronica,The Ends,2016-01-01,0.983,1.0,11.0,214334.0,0.977,nordic,Low,2016.0,3.572233333333333
0.185,92.992,0.513,electronic,-24.03,0.101,0.0341,Tony Anderson,4.0,0.0348,41,Ariana,Nordic Electronica,Ariana,2020-01-17,0.897,1.0,6.0,557635.0,0.967,nordic,Low,2020.0,9.293916666666666
0.163,166.037,0.398,electronic,-24.801,0.0811,0.371,Benjamin Drewitz,4.0,0.033,21,Rush/Rest,Nordic Electronica,Rush/Rest,2024-10-18,0.905,0.0,2.0,150361.0,0.987,nordic,Low,2024.0,2.5060166666666666
0.233,178.034,0.257,electronic,-21.571,0.103,0.037,Jakob Ahlbom,3.0,0.039,18,Umbra,Nordic Electronica,Umbra,2024-10-03,0.924,1.0,7.0,229158.0,0.936,nordic,Low,2024.0,3.8193
0.287,64.845,0.128,electronic,-18.719,0.0906,0.0392,"Patrik Berg Almkvisth, LUCHS, Hollie Kenniff",3.0,0.0368,14,Solskur (Rework),Nordic Electronica,Solskur - Rework,2023-11-10,0.927,1.0,2.0,283399.0,0.96,nordic,Low,2023.0,4.723316666666666
0.106,118.084,0.612,electronic,-23.461,0.0854,0.251,Henrik Lindstrand,3.0,0.0348,21,Leken,Nordic Electronica,Enghave Lys,2017-10-06,0.937,1.0,9.0,219267.0,0.99,nordic,Low,2017.0,3.65445
0.167,79.948,0.417,electronic,-20.834,0.065,0.0769,"Dear Gravity, Music Within",1.0,0.0295,34,december (Music Within remix),Nordic Electronica,december - Music Within remix,2024-11-08,0.916,0.0,4.0,221007.0,0.976,nordic,Low,2024.0,3.68345
0.132,132.338,0.208,electronic,-21.318,0.116,0.0916,Koshun Nakao,5.0,0.0389,19,We Still Share the Same Sky,Nordic Electronica,We Still Share the Same Sky,2024-10-11,0.913,1.0,0.0,192000.0,0.95,nordic,Low,2024.0,3.2
0.139,103.549,0.245,electronic,-17.824,0.0867,0.149,From Somewhere Quiet,4.0,0.0313,20,Monarch,Nordic Electronica,Monarch,2024-03-08,0.91,1.0,2.0,194307.0,0.593,nordic,Low,2024.0,3.23845
0.0917,70.294,0.24,electronic,-20.167,0.0767,0.0385,Jakob Ahlbom,4.0,0.0357,16,Relent,Nordic Electronica,Relent,2022-11-11,0.867,1.0,10.0,217760.0,0.964,nordic,Low,2022.0,3.6293333333333333
0.206,84.122,0.124,electronic,-16.626,0.0619,0.0367,AEMIA,4.0,0.0368,12,All The Things I Want To Remember,Nordic Electronica,New Beginning,2023-02-10,0.786,1.0,5.0,299213.0,0.926,nordic,Low,2023.0,4.986883333333333
0.00945,76.745,0.152,electronic,-30.46,0.123,0.249,Ross Lara,4.0,0.0355,25,love is like the wind,Nordic Electronica,love is like the wind,2024-10-21,0.94,1.0,9.0,266169.0,0.971,nordic,Low,2024.0,4.43615
0.0732,88.092,0.18,electronic,-24.359,0.112,0.0703,"Jakob Ahlbom, Hanna Ekström, Anna Dager",4.0,0.0326,34,Autonomy,Nordic Electronica,Autonomy,2023-12-01,0.94,1.0,3.0,256039.0,0.954,nordic,Low,2023.0,4.267316666666667
0.0798,86.126,0.254,electronic,-19.993,0.0734,0.0679,"Salt Of The Sound, Simon Wester",4.0,0.0308,46,Restore,Nordic Electronica,Restore - Instrumental,2024-10-11,0.977,1.0,2.0,181093.0,0.943,nordic,Low,2024.0,3.0182166666666665
0.0624,69.11,0.227,electronic,-28.311,0.109,0.0387,"Stilhed, Jacob David",3.0,0.0376,31,Trampoline,Nordic Electronica,Trampoline,2024-10-11,0.939,1.0,8.0,195000.0,0.761,nordic,Low,2024.0,3.25
0.0445,70.694,0.267,electronic,-30.101,0.104,0.241,Sarah Watson,4.0,0.0321,39,Waiting For You,Nordic Electronica,Chapter Three,2024-05-24,0.911,1.0,0.0,129532.0,0.987,nordic,Low,2024.0,2.1588666666666665
0.0661,77.843,0.171,electronic,-25.611,0.112,0.0393,bløeme,3.0,0.0324,12,dvale,Nordic Electronica,dvale,2024-11-14,0.863,0.0,7.0,123000.0,0.961,nordic,Low,2024.0,2.05
0.039,128.309,0.188,electronic,-32.36,0.168,0.0806,Charlie Ryder,3.0,0.0397,22,Cavendish Creek,Nordic Electronica,Cavendish Creek,2024-10-18,0.915,1.0,9.0,145090.0,0.971,nordic,Low,2024.0,2.4181666666666666
0.313,112.876,0.207,electronic,-19.806,0.127,0.0381,Immanu El,4.0,0.0484,15,Distance,Nordic Electronica,Tundra,2021-06-04,0.888,1.0,7.0,234125.0,0.936,nordic,Low,2021.0,3.902083333333333
0.131,86.729,0.166,electronic,-18.157,0.0877,0.0703,From Somewhere Quiet,4.0,0.0367,26,Cambridge,Nordic Electronica,Cambridge,2024-05-03,0.896,1.0,0.0,148227.0,0.808,nordic,Low,2024.0,2.47045
0.146,79.161,0.186,electronic,-23.549,0.286,0.0369,Ross Lara,4.0,0.0349,14,Heartbeat,Nordic Electronica,Heartbeat,2024-09-23,0.938,1.0,1.0,303025.0,0.916,nordic,Low,2024.0,5.050416666666667
0.137,116.13,0.173,electronic,-22.641,0.0906,0.0391,Dear Gravity,4.0,0.0347,30,earlyyears reimagined,Nordic Electronica,cure all - reimagined,2024-09-20,0.965,1.0,9.0,337947.0,0.783,nordic,Low,2024.0,5.63245
0.0647,69.935,0.16,electronic,-26.427,0.108,0.177,Alfonso Peduto,4.0,0.0379,14,The Distance Between Us,Nordic Electronica,The Distance Between Us III,2024-08-09,0.848,0.0,1.0,152309.0,0.968,nordic,Low,2024.0,2.538483333333333
0.0637,109.903,0.382,electronic,-18.423,0.094,0.0783,Jakob Ahlbom,4.0,0.0343,35,Elision,Nordic Electronica,The Fig Tree,2020-10-09,0.836,1.0,7.0,155697.0,0.976,nordic,Low,2020.0,2.59495
0.151,67.141,0.202,electronic,-21.19,0.101,0.0361,"Raphah, We Dream of Eden",3.0,0.0326,30,Through the Trees,Nordic Electronica,Through the Trees,2024-08-16,0.918,1.0,4.0,216053.0,0.884,nordic,Low,2024.0,3.6008833333333334
0.0254,53.829,0.426,electronic,-28.77,0.0978,0.246,Ward Dhoore,4.0,0.035,11,Song For O,Nordic Electronica,Song For O,2022-03-29,0.951,0.0,6.0,179003.0,0.991,nordic,Low,2022.0,2.9833833333333333
0.0331,73.003,0.173,electronic,-25.129,0.111,0.248,Charlie Ryder,4.0,0.0465,15,Sense of Perception,Nordic Electronica,Sense of Perception,2024-07-21,0.782,1.0,6.0,270157.0,0.907,nordic,Low,2024.0,4.5026166666666665
0.122,97.609,0.188,electronic,-16.924,0.0754,0.0392,"Jakob Ahlbom, Hanna Ekström, Anna Dager",4.0,0.0373,31,Eyries,Nordic Electronica,Eyries,2023-10-13,0.81,0.0,2.0,187390.0,0.966,nordic,Low,2023.0,3.1231666666666666
0.0277,124.035,0.489,electronic,-33.191,0.128,0.0861,Giuliano Poles,4.0,0.0418,14,Exist,Nordic Electronica,Exist,2024-06-28,0.933,0.0,4.0,159677.0,0.962,nordic,Low,2024.0,2.6612833333333334
0.204,90.792,0.102,electronic,-19.741,0.0794,0.0367,"Simon Wester, We Dream of Eden",5.0,0.0373,38,Haven of the Heart,Nordic Electronica,Distant Memory,2024-09-20,0.952,1.0,0.0,195280.0,0.914,nordic,Low,2024.0,3.2546666666666666
0.105,57.353,0.129,electronic,-23.323,0.0837,0.0389,"Sun Rain, Alaskan Tapes",3.0,0.0403,13,Sun,Nordic Electronica,Sun,2023-12-22,0.95,1.0,0.0,182000.0,0.904,nordic,Low,2023.0,3.033333333333333
0.296,98.021,0.192,electronic,-13.959,0.0752,0.0342,"Jakob Ahlbom, Anna Dager, Hanna Ekström",3.0,0.0369,13,Autonomy,Nordic Electronica,Ecosystem,2023-12-01,0.837,1.0,5.0,149476.0,0.621,nordic,Low,2023.0,2.4912666666666667
0.0519,70.798,0.121,electronic,-23.796,0.0841,0.131,Anneline Hugo,3.0,0.0415,14,New Mercies,Nordic Electronica,New Mercies,2024-09-13,0.817,1.0,9.0,185333.0,0.979,nordic,Low,2024.0,3.0888833333333334
0.141,133.731,0.382,electronic,-23.702,0.0713,0.0385,"Fryderyk HD, Lilibet",4.0,0.0359,19,Run,Nordic Electronica,Run,2024-10-17,0.779,1.0,0.0,205075.0,0.802,nordic,Low,2024.0,3.4179166666666667
0.335,82.398,0.265,electronic,-20.259,0.0975,0.0501,PuzzleWaves,4.0,0.0412,21,Hoarfrost,Nordic Electronica,Hoarfrost,2024-10-25,0.843,1.0,7.0,203133.0,0.941,nordic,Low,2024.0,3.38555
0.131,97.16,0.401,electronic,-21.0,0.111,0.0656,Adalione,4.0,0.0333,21,Lakewood,Nordic Electronica,Lakewood,2024-10-25,0.9,1.0,1.0,165773.0,0.977,nordic,Low,2024.0,2.7628833333333334
0.0503,52.248,0.0642,electronic,-24.963,0.302,0.0354,Sailsetter,4.0,0.0452,35,Northern,Nordic Electronica,Northern,2024-10-10,0.967,1.0,2.0,166000.0,0.93,nordic,Low,2024.0,2.7666666666666666
0.0745,115.856,0.219,electronic,-23.757,0.0789,0.0385,Beneath The Mountain,4.0,0.041,14,Altitude,Nordic Electronica,Altitude,2024-01-12,0.955,1.0,1.0,215073.0,0.975,nordic,Low,2024.0,3.58455
0.072,160.113,0.419,electronic,-19.041,0.0959,0.0615,Taisen,4.0,0.0302,11,Time No Time,Nordic Electronica,Sand Castle,2024-04-19,0.915,0.0,10.0,215293.0,0.961,nordic,Low,2024.0,3.588216666666667
0.154,120.408,0.345,electronic,-19.336,0.107,0.0388,Libby Flores,4.0,0.0379,17,Nostalgia,Nordic Electronica,Nostalgia,2024-03-26,0.905,0.0,11.0,125989.0,0.493,nordic,Low,2024.0,2.099816666666667
0.0135,80.163,0.17,electronic,-24.59,0.109,0.0895,Ben Laver,4.0,0.0443,16,Lost Love,Nordic Electronica,Lost Love,2024-09-13,0.958,1.0,6.0,237273.0,0.977,nordic,Low,2024.0,3.95455
0.152,113.419,0.532,electronic,-24.397,0.121,0.152,Uutela,3.0,0.0399,24,Landscapes,Nordic Electronica,Landscapes,2024-11-01,0.862,1.0,3.0,137579.0,0.986,nordic,Low,2024.0,2.2929833333333334
0.259,80.745,0.127,electronic,-16.111,0.0937,0.0364,Euan Dalgarno,4.0,0.0388,12,A Short Dream About Jupiter,Nordic Electronica,Coasting,2023-11-03,0.896,1.0,1.0,297185.0,0.951,nordic,Low,2023.0,4.953083333333334
0.139,102.462,0.2,electronic,-18.539,0.156,0.104,From Somewhere Quiet,4.0,0.031,30,Carry Me Away,Nordic Electronica,Carry Me Away,2024-09-06,0.918,1.0,11.0,132200.0,0.881,nordic,Low,2024.0,2.203333333333333
0.0293,94.383,0.117,electronic,-27.884,0.0973,0.0615,springwell.,1.0,0.0408,12,petals,Nordic Electronica,petals,2024-09-06,0.965,1.0,8.0,123636.0,0.995,nordic,Low,2024.0,2.0606
0.159,56.162,0.0594,electronic,-20.13,0.0597,0.0302,Kyle Preston,4.0,0.0429,19,Ocean Whispers,Nordic Electronica,Where Nothing Is Forgotten,2023-10-27,0.921,1.0,4.0,237351.0,0.895,nordic,Low,2023.0,3.95585
0.201,77.711,0.138,electronic,-18.646,0.0938,0.0327,Raphah,5.0,0.0387,25,Hope and a Future,Nordic Electronica,Hope and a Future,2024-02-23,0.796,1.0,9.0,201920.0,0.913,nordic,Low,2024.0,3.3653333333333335
0.145,127.457,0.377,electronic,-24.252,0.0926,0.26,Sarah Watson,3.0,0.04,48,First Heartbeat,Nordic Electronica,First Heartbeat,2024-04-12,0.955,1.0,6.0,91618.0,0.989,nordic,Low,2024.0,1.5269666666666666
0.0325,126.368,0.359,electronic,-29.901,0.0976,0.326,Andreas Hauschild,3.0,0.0335,27,No3 | Madrugada,Nordic Electronica,No3 | Madrugada,2024-05-20,0.862,0.0,3.0,182000.0,0.991,nordic,Low,2024.0,3.033333333333333
0.155,65.143,0.0597,electronic,-17.235,0.0756,0.0338,Antonio Ministeri,3.0,0.0387,12,In Bloom,Nordic Electronica,In Bloom,2023-06-09,0.914,1.0,4.0,220046.0,0.917,nordic,Low,2023.0,3.6674333333333333
0.0348,72.346,0.531,electronic,-29.018,0.105,0.089,George Ian Hewitt,4.0,0.0516,12,Latitude,Nordic Electronica,Latitude,2024-06-21,0.947,1.0,7.0,110004.0,0.995,nordic,Low,2024.0,1.8334
0.151,99.779,0.304,electronic,-24.076,0.0896,0.0455,Have a Cigar,3.0,0.0339,15,I Opened A Book,Nordic Electronica,I Opened A Book,2023-04-21,0.926,1.0,7.0,251100.0,0.961,nordic,Low,2023.0,4.185
0.0525,66.754,0.0658,electronic,-26.699,0.115,0.0389,Christopher Galovan,4.0,0.0367,37,Resonance,Nordic Electronica,Resonance,2024-05-10,0.83,1.0,0.0,145267.0,0.925,nordic,Low,2024.0,2.421116666666667
0.168,139.912,0.217,electronic,-20.041,0.338,0.0376,Josh Leake,4.0,0.0402,16,Clara,Nordic Electronica,Seven Years,2019-03-14,0.938,1.0,8.0,402000.0,0.911,nordic,Low,2019.0,6.7
0.0941,67.817,0.192,electronic,-21.537,0.0795,0.0527,Beneath The Mountain,4.0,0.0334,19,Then There Was You,Nordic Electronica,Then There Was You,2023-11-09,0.89,1.0,2.0,194625.0,0.9,nordic,Low,2023.0,3.24375
0.202,92.081,0.24,electronic,-19.022,0.1,0.0656,Onur Tarçın,4.0,0.0415,42,"Tomorrow, I'll be fine",Nordic Electronica,"Tomorrow, I'll be fine",2023-12-15,0.93,0.0,9.0,169293.0,0.783,nordic,Low,2023.0,2.82155
0.0748,48.232,0.207,electronic,-22.754,0.0571,0.0385,Peter Sandberg,4.0,0.0328,37,Motion,Nordic Electronica,Deep,2019-03-01,0.9,1.0,11.0,269861.0,0.904,nordic,Low,2019.0,4.497683333333334
0.24,79.44,0.0746,electronic,-16.993,0.0888,0.0307,"Johannes Baumer, Distant Cowboy",3.0,0.0381,28,And So It Continues,Nordic Electronica,And So It Continues,2024-04-19,0.901,1.0,11.0,210478.0,0.692,nordic,Low,2024.0,3.5079666666666665
0.161,64.971,0.405,electronic,-14.691,0.108,0.0439,Across The Great Valley,4.0,0.0296,22,Aria,Nordic Electronica,Aria,2022-12-30,0.796,1.0,0.0,170436.0,0.945,nordic,Low,2022.0,2.8406
0.817,120.039,0.819,latin,-8.221,0.275,0.77,Asake,4.0,0.0698,61,Mr. Money With The Vibe,Afro-Latin Party,Joha,2022-09-07,0.201,0.0,1.0,148000.0,0.0593,afro-latin,Low,2022.0,2.466666666666667
0.537,102.014,0.861,latin,-8.199,0.289,0.769,"Pheelz, Bnxn",4.0,0.159,44,Finesse,Afro-Latin Party,Finesse,2022-03-03,0.0,0.0,1.0,151765.0,0.504,afro-latin,Low,2022.0,2.5294166666666666
0.705,113.006,0.827,latin,-6.756,0.102,0.624,"Lojay, Sarz",4.0,0.0429,58,LV N ATTN,Afro-Latin Party,Monalisa,2021-06-04,0.00556,0.0,10.0,213992.0,0.0813,afro-latin,Low,2021.0,3.5665333333333336
0.657,116.984,0.829,latin,-6.802,0.0937,0.811,Asake,4.0,0.0648,46,Terminator,Afro-Latin Party,Terminator,2022-08-18,5.27e-05,1.0,0.0,155897.0,0.235,afro-latin,Low,2022.0,2.5982833333333333
0.513,115.01,0.818,latin,-11.382,0.0408,0.583,Crayon,4.0,0.0574,45,Ijo (Laba Laba),Afro-Latin Party,Ijo (Laba Laba),2022-07-06,0.00105,0.0,8.0,186000.0,0.106,afro-latin,Low,2022.0,3.1
0.503,99.97,0.792,latin,-8.044,0.0959,0.381,Ayra Starr,4.0,0.0626,68,Rush,Afro-Latin Party,Rush,2022-09-16,0.00057,1.0,1.0,185093.0,0.0369,afro-latin,Low,2022.0,3.0848833333333334
0.588,111.995,0.861,latin,-8.861,0.0591,0.705,"Asake, Burna Boy",4.0,0.243,47,Sungba (Remix) [feat. Burna Boy],Afro-Latin Party,Sungba (feat. Burna Boy) - Remix,2022-03-27,0.0,1.0,7.0,210000.0,0.00913,afro-latin,Low,2022.0,3.5
0.864,115.997,0.802,latin,-5.442,0.0408,0.828,"Adekunle Gold, Davido",4.0,0.0386,47,High,Afro-Latin Party,High,2021-09-03,0.00107,0.0,6.0,193758.0,0.106,afro-latin,Low,2021.0,3.2293
0.659,116.054,0.819,latin,-9.024,0.0435,0.441,"SPINALL, Asake",4.0,0.0973,46,PALAZZO,Afro-Latin Party,PALAZZO,2022-05-13,0.0,1.0,5.0,186002.0,0.0534,afro-latin,Low,2022.0,3.100033333333333
0.716,115.991,0.92,latin,-7.104,0.104,0.961,"Kizz Daniel, Tekno",4.0,0.105,55,Buga (Lo Lo Lo),Afro-Latin Party,Buga (Lo Lo Lo),2022-05-03,0.00222,1.0,8.0,183103.0,0.296,afro-latin,Low,2022.0,3.0517166666666666
0.639,105.016,0.808,latin,-7.244,0.231,0.612,1da Banton,4.0,0.147,54,No Wahala,Afro-Latin Party,No Wahala,2021-07-02,0.0281,0.0,11.0,162286.0,0.621,afro-latin,Low,2021.0,2.7047666666666665
0.58,130.672,0.805,latin,-7.924,0.403,0.886,Asake,5.0,0.078,60,Mr. Money With The Vibe,Afro-Latin Party,Ototo,2022-09-07,0.000361,0.0,0.0,156735.0,0.382,afro-latin,Low,2022.0,2.61225
0.708,186.017,0.655,latin,-6.403,0.113,0.525,"CKay, Joeboy, Kuami Eugene",4.0,0.141,58,love nwantiti (ah ah ah) [feat. Joeboy & Kuami Eugene] [Remix],Afro-Latin Party,love nwantiti (ah ah ah) [feat. Joeboy & Kuami Eugene] [Remix],2020-02-13,0.00117,0.0,5.0,188093.0,0.568,afro-latin,Low,2020.0,3.1348833333333332
0.718,114.125,0.741,latin,-6.767,0.371,0.627,"Tiwa Savage, Asake",4.0,0.0588,50,Loaded,Afro-Latin Party,Loaded,2022-11-07,0.0,0.0,9.0,155789.0,0.124,afro-latin,Low,2022.0,2.5964833333333335
0.525,100.033,0.805,latin,-7.376,0.0779,0.693,Rema,4.0,0.0638,60,Soundgasm,Afro-Latin Party,Soundgasm,2021-06-10,0.00203,0.0,6.0,204755.0,0.119,afro-latin,Low,2021.0,3.4125833333333335
0.475,113.016,0.861,latin,-11.952,0.0708,0.248,"Davido, Focalistic",4.0,0.0537,44,Champion Sound,Afro-Latin Party,Champion Sound,2021-11-19,0.322,0.0,1.0,237876.0,0.0325,afro-latin,Low,2021.0,3.9646
0.653,112.995,0.871,latin,-6.234,0.0883,0.51,"CKay, Focalistic, Davido, Abidoza",4.0,0.0505,42,"WATAWI (feat. Davido, Focalistic & Abidoza)",Afro-Latin Party,"WATAWI (feat. Davido, Focalistic & Abidoza)",2022-06-17,0.403,0.0,1.0,305941.0,0.623,afro-latin,Low,2022.0,5.0990166666666665
0.658,104.033,0.873,latin,-8.031,0.0999,0.483,"Burna Boy, Wizkid",4.0,0.108,53,B. D’OR (feat. Wizkid),Afro-Latin Party,B. D’OR (feat. Wizkid),2021-12-14,0.0061,0.0,4.0,189800.0,0.00858,afro-latin,Low,2021.0,3.1633333333333336
0.415,108.014,0.951,latin,-6.847,0.0792,0.633,Fireboy DML,4.0,0.077,51,Peru,Afro-Latin Party,Peru,2021-07-21,0.00403,0.0,7.0,151641.0,0.572,afro-latin,Low,2021.0,2.52735
0.7,101.944,0.897,latin,-2.776,0.12,0.755,"Wizkid, Bnxn",4.0,0.117,60,Made In Lagos: Deluxe Edition,Afro-Latin Party,Mood (feat. BNXN),2021-08-27,0.009,0.0,1.0,209760.0,0.0193,afro-latin,Low,2021.0,3.496
0.694,189.998,0.686,latin,-3.693,0.109,0.587,Wizkid,4.0,0.257,63,Joro,Afro-Latin Party,Joro,2019-09-30,0.000904,0.0,7.0,262737.0,0.253,afro-latin,Low,2019.0,4.37895
0.749,100.503,0.545,latin,-6.621,0.232,0.681,"Wizkid, Burna Boy",4.0,0.153,62,Made In Lagos,Afro-Latin Party,Ginger (feat. Burna Boy),2020-10-29,0.0,0.0,4.0,196147.0,0.103,afro-latin,Low,2020.0,3.2691166666666667
0.511,109.033,0.847,latin,-6.69,0.268,0.676,"Smallgod, Tiwa Savage, Kwesi Arthur",4.0,0.0724,34,Building Bridges,Afro-Latin Party,Let Dem Kno,2021-06-18,0.0128,1.0,11.0,178349.0,0.00723,afro-latin,Low,2021.0,2.9724833333333334
0.542,119.747,0.85,latin,-3.602,0.079,0.622,"Wizkid, Tay Iwar, Projexx",5.0,0.167,58,Made In Lagos,Afro-Latin Party,True Love (feat. Tay Iwar & Projexx),2020-10-29,4.9e-05,0.0,4.0,247333.0,0.229,afro-latin,Low,2020.0,4.122216666666667
0.715,96.11,0.736,latin,-3.019,0.137,0.706,"R2Bees, Wizkid",4.0,0.112,32,Back 2 Basics,Afro-Latin Party,Tinkerbell (feat. Wizkid),2021-11-25,0.0,1.0,5.0,183500.0,0.626,afro-latin,Low,2021.0,3.058333333333333
0.37,94.893,0.771,latin,-10.813,0.086,0.941,Omah Lay,4.0,0.0441,44,Free My Mind,Afro-Latin Party,Free My Mind,2021-11-12,0.363,0.0,6.0,175989.0,0.426,afro-latin,Low,2021.0,2.93315
0.575,134.791,0.615,latin,-6.515,0.324,0.552,"LADIPOE, Bnxn",5.0,0.4,59,Feeling,Afro-Latin Party,Feeling,2021-05-07,4.27e-06,0.0,7.0,224000.0,0.26,afro-latin,Low,2021.0,3.7333333333333334
0.898,112.998,0.807,latin,-5.837,0.0824,0.743,"Goya Menor, Nektunez",4.0,0.0393,54,Ameno Amapiano Remix (You Wanna Bamba),Afro-Latin Party,Ameno Amapiano Remix (You Wanna Bamba),2022-01-07,0.000395,0.0,6.0,227101.0,0.188,afro-latin,Low,2022.0,3.7850166666666665
0.501,103.993,0.637,latin,-6.148,0.099,0.431,"Rotimi, Wale",4.0,0.187,68,The Beauty of Becoming,Afro-Latin Party,In My Bed,2019-12-13,5.91e-05,0.0,0.0,185461.0,0.229,afro-latin,Low,2019.0,3.0910166666666665
0.651,109.953,0.79,latin,-8.02,0.104,0.544,"R-Wan, Minz",4.0,0.105,22,Trouble,Afro-Latin Party,Trouble,2022-01-28,0.00872,1.0,1.0,162000.0,0.284,afro-latin,Low,2022.0,2.7
0.534,103.045,0.904,latin,-6.768,0.048,0.732,Kid AlpHa,4.0,0.166,51,Colours,Afro-Latin Party,Colours,2021-04-23,0.00706,1.0,2.0,184078.0,0.0345,afro-latin,Low,2021.0,3.0679666666666665
0.565,107.035,0.776,latin,-10.609,0.308,0.53,Burna Boy,4.0,0.105,65,"Love, Damini",Afro-Latin Party,It's Plenty,2022-07-07,8.81e-05,1.0,7.0,216992.0,0.36,afro-latin,Low,2022.0,3.6165333333333334
0.832,164.852,0.491,world,-5.606,0.0436,0.375,"Hiromitsu Agatsuma, Chen Min, Akira Senju",4.0,0.0371,39,蒼風,Traditional Japanese,風林火山 ～月冴ゆ夜～,2007-08-08,0.822,0.0,2.0,212133.0,0.00287,japanese,Low,2007.0,3.53555
0.419,83.799,0.41,world,-17.154,0.0721,0.247,Tomoe-Ryu Yutakadaiko,4.0,0.0592,29,Tomoe-Ryu Yutakadaiko: Japanese Drums,Traditional Japanese,Toyohashi-matsuri (Toyohashi Festival) - Onibi (Demon Flame),2007-01-01,0.878,1.0,0.0,654400.0,0.847,japanese,Low,2007.0,10.906666666666666
0.0341,81.658,0.266,world,-23.265,0.106,0.0738,Hideo Osaka Ensemble,4.0,0.0351,28,Traditional Music Of The Japanese Geisha,Traditional Japanese,A Ri Rang,2006-03-07,4.21e-06,1.0,7.0,98493.0,0.985,japanese,Low,2006.0,1.64155
0.301,114.346,0.506,world,-15.984,0.384,0.497,Tomoe-Ryu Yutakadaiko,4.0,0.0458,30,Tomoe-Ryu Yutakadaiko: Japanese Drums,Traditional Japanese,Haneko odori (Bouncing Dance),2007-01-01,0.79,0.0,4.0,216000.0,0.569,japanese,Low,2007.0,3.6
0.155,72.199,0.267,world,-24.627,0.138,0.386,Hideo Osaka Ensemble,3.0,0.0502,30,Traditional Music Of The Japanese Geisha,Traditional Japanese,Samurai Song,2006-03-07,0.28,0.0,10.0,135973.0,0.954,japanese,Low,2006.0,2.2662166666666668
0.401,99.7,0.588,world,-16.749,0.106,0.158,Joji Hirota Taiko Drummers,4.0,0.121,26,Joji Hirota and the Taiko Drummers: Japanese Taiko,Traditional Japanese,Musashi Mai Uchi,2004-01-01,0.927,1.0,3.0,331067.0,0.801,japanese,Low,2004.0,5.517783333333333
0.259,90.047,0.426,world,-12.203,0.138,0.338,Masayo Ishigure,4.0,0.0428,27,Grace,Traditional Japanese,Haru no Umi,2001-01-01,0.767,0.0,9.0,431520.0,0.989,japanese,Low,2001.0,7.192
0.599,145.895,0.508,world,-13.285,0.0824,0.377,Yoshida Brothers,4.0,0.0793,24,THE YOSHIDA BROTHERS 〜20th. Anniversary from Debut〜,Traditional Japanese,じょんがら 健一,2020-01-08,0.96,1.0,5.0,225760.0,0.753,japanese,Low,2020.0,3.7626666666666666
0.216,131.186,0.617,world,-19.88,0.135,0.651,Shogetsu Watanabe,4.0,0.045,21,Japanese Folk Music,Traditional Japanese,Yamaguchi Sansa Odoriuta,2011-11-08,0.424,1.0,8.0,149627.0,0.958,japanese,Low,2011.0,2.4937833333333335
0.228,93.573,0.554,world,-15.804,0.27,0.289,Ensemble Kineya,4.0,0.0976,22,"Japon, Japan : Nagauta",Traditional Japanese,Kurama Yama,2009-01-26,1.22e-05,1.0,5.0,1062600.0,0.901,japanese,Low,2009.0,17.71
0.304,116.616,0.573,world,-12.725,0.102,0.626,Traditional Japanese Music,4.0,0.0916,27,Traditional Japanese Music,Traditional Japanese,Japanese Traditional Music,2011-02-03,0.971,0.0,1.0,70820.0,0.979,japanese,Low,2011.0,1.1803333333333332
0.132,126.101,0.352,world,-14.51,0.0675,0.386,Matsu Take Ensemble,4.0,0.036,19,Traditional Japanese Music: Yamabiko (Mountain Echo),Traditional Japanese,Harusame,2017-06-23,0.533,0.0,7.0,285953.0,0.988,japanese,Low,2017.0,4.765883333333333
0.279,173.186,0.438,world,-23.868,0.118,0.372,Wadaiko Matsuriza,3.0,0.0626,26,Wadaiko Matsuriza: Japanese Drums,Traditional Japanese,Otoko-koko-ni Ariki (This is the man),2002-01-01,0.958,1.0,7.0,291320.0,0.837,japanese,Low,2002.0,4.855333333333333
0.0734,97.917,0.604,world,-20.326,0.0684,0.293,The Kyoto Nohgaku Kai,3.0,0.076,18,The Ultimate Japanese Music Collection: 16 Tracks from the Legendary Lyrichord Recordings,Traditional Japanese,Deha,2016-04-18,0.0103,1.0,6.0,160040.0,0.852,japanese,Low,2016.0,2.667333333333333
0.326,169.856,0.467,world,-8.425,0.18,0.521,Music Time,4.0,0.0264,22,Japanese Tea Ceremony,Traditional Japanese,Japanese Tea Ceremony,2015-11-11,0.931,0.0,9.0,187716.0,0.883,japanese,Low,2015.0,3.1286
0.29,110.38,0.415,world,-22.68,0.11,0.159,Kodo,4.0,0.0407,19,暁 Akatsuki,Traditional Japanese,暁 Akatsuki,2011-01-22,0.943,1.0,1.0,276880.0,0.475,japanese,Low,2011.0,4.6146666666666665
0.787,109.101,0.538,world,-11.566,0.0999,0.783,Japanese Taiko Drums,4.0,0.075,20,Japanese Drums,Traditional Japanese,Japanese Drums,2011-03-02,0.922,1.0,7.0,87929.0,0.629,japanese,Low,2011.0,1.4654833333333332
0.00293,115.722,0.294,world,-16.099,0.0708,0.658,Asian Traditional Music,3.0,0.0516,22,"Traditional Asian Music: Chinese, Japanese, Tibetan, Korean, Oriental Shamisen and Shakuhachi",Traditional Japanese,Japanese Peace Song,2010-06-30,0.000331,1.0,0.0,81776.0,0.994,japanese,Low,2010.0,1.3629333333333333
0.181,105.181,0.223,ambient,-15.087,0.129,0.179,"Uno Helmersson, Mari Samuelsen, Jesper Söderqvist, Gunnar Flagstad, TrondheimSolistene",4.0,0.0431,42,Nordic Noir,Nordic Noir,Timelapse,2017-09-01,0.262,0.0,7.0,160846.0,0.882,noir,Low,2017.0,2.6807666666666665
0.124,132.077,0.162,ambient,-12.6,0.107,0.0686,"Ólafur Arnalds, Mari Samuelsen, Hakon Samuelsen, TrondheimSolistene",4.0,0.0431,34,Nordic Noir,Nordic Noir,Near Light,2017-09-01,0.602,1.0,2.0,179152.0,0.961,noir,Low,2017.0,2.9858666666666664
0.0663,75.588,0.137,ambient,-18.334,0.154,0.0596,"Frans Bak, Mari Samuelsen, Hakon Samuelsen, Keld Haaning Ibsen, TrondheimSolistene",4.0,0.0404,20,Nordic Noir,Nordic Noir,The Mist: Pt. 1,2017-09-01,0.623,0.0,0.0,285008.0,0.983,noir,Low,2017.0,4.750133333333333
0.196,135.98,0.189,ambient,-14.51,0.112,0.106,"Frans Bak, Mari Samuelsen, Hakon Samuelsen, Keld Haaning Ibsen, TrondheimSolistene",3.0,0.0426,17,Nordic Noir,Nordic Noir,The Mist: Pt. 2,2017-09-01,0.457,0.0,0.0,149772.0,0.987,noir,Low,2017.0,2.4962
0.0391,67.4,0.252,ambient,-21.635,0.359,0.13,"Frans Bak, Mari Samuelsen, Hakon Samuelsen, Keld Haaning Ibsen, TrondheimSolistene",3.0,0.0398,17,Nordic Noir,Nordic Noir,The Mist: Pt. 3,2017-09-01,0.655,1.0,8.0,153533.0,0.951,noir,Low,2017.0,2.558883333333333
0.0193,100.334,0.2,ambient,-17.298,0.0953,0.0382,"Arvo Pärt, Mari Samuelsen, TrondheimSolistene",4.0,0.0438,14,Nordic Noir,Nordic Noir,Darf ich ...,2017-09-01,0.0058,0.0,6.0,222569.0,0.961,noir,Low,2017.0,3.7094833333333335
0.138,87.528,0.233,ambient,-15.585,0.136,0.0346,"Johan Söderqvist, Mari Samuelsen, TrondheimSolistene",4.0,0.0403,15,Nordic Noir,Nordic Noir,Love & Rage,2017-09-01,0.373,0.0,4.0,193875.0,0.904,noir,Low,2017.0,3.23125
0.0172,74.931,0.159,ambient,-31.017,0.102,0.0297,"Mari Samuelsen, Hakon Samuelsen, Johan Söderqvist, Uno Helmersson, TrondheimSolistene",4.0,0.0474,18,Nordic Noir,Nordic Noir,"Study In Rituals, Prelude",2017-09-01,0.988,0.0,4.0,215829.0,0.941,noir,Low,2017.0,3.59715
0.336,149.638,0.454,arabic,-12.76,0.288,0.4,Kanari Music,4.0,0.0308,12,Ana Delay,Middle Eastern Chill,Ana Delay,2024-08-14,0.709,0.0,2.0,97265.0,0.943,chill,Low,2024.0,1.6210833333333334
0.251,152.037,0.522,arabic,-20.421,0.064,0.414,"Brian Keane, Omar Faruk Tekbilek",4.0,0.0399,35,Beyond The Sky,Middle Eastern Chill,Kolaymi,1992-01-01,0.935,0.0,7.0,319827.0,0.802,chill,Low,1992.0,5.33045
0.295,155.936,0.251,arabic,-15.441,0.0868,0.597,Omar Faruk Tekbilek,4.0,0.0335,26,Longing (Best of Omar Faruk Tekbilek),Middle Eastern Chill,Last Moments of Love,2010-09-07,0.947,1.0,10.0,295987.0,0.916,chill,Low,2010.0,4.933116666666667
0.106,143.972,0.643,world,-15.241,0.0905,0.262,变奏的梦想,4.0,0.0351,44,鸿影,Chinese Traditional,鸿影,2018-05-16,0.937,0.0,1.0,273351.0,0.962,chinese,Low,2018.0,4.55585
0.4,147.941,0.686,world,-8.546,0.349,0.293,Yume.Play,4.0,0.0412,41,Nature's Wishes,Chinese Traditional,Dance of The Lotus,2024-07-19,0.678,0.0,6.0,131444.0,0.514,chinese,Low,2024.0,2.190733333333333
0.106,135.693,0.389,world,-19.97,0.417,0.161,赵燮,4.0,0.0281,41,失去灵魂,Chinese Traditional,灵魂的和谐,2024-02-23,0.844,1.0,7.0,146580.0,0.983,chinese,Low,2024.0,2.443
0.0281,115.416,0.51,world,-19.711,0.228,0.239,赵燮,4.0,0.0378,34,梦想花园,Chinese Traditional,晨风,2024-11-06,0.956,0.0,2.0,111433.0,0.759,chinese,Low,2024.0,1.8572166666666667
0.328,82.981,0.483,world,-11.602,0.215,0.139,小vie,4.0,0.0292,37,长安不良人 (变奏版),Chinese Traditional,长安不良帅 - 变奏版,2024-05-09,0.413,0.0,9.0,182891.0,0.888,chinese,Low,2024.0,3.0481833333333332
0.202,113.956,0.564,world,-14.361,0.0971,0.168,hopeless_0taku,4.0,0.0311,36,暖かい,Chinese Traditional,壊れやすい心,2024-10-24,0.967,0.0,5.0,99433.0,0.931,chinese,Low,2024.0,1.6572166666666666
0.147,97.493,0.796,world,-16.089,0.0927,0.568,Kuroki,4.0,0.0472,32,Timeless Paths,Chinese Traditional,Crimson Lanterns,2024-11-06,0.946,1.0,11.0,111112.0,0.501,chinese,Low,2024.0,1.8518666666666668
0.23,68.529,0.474,world,-17.34,0.0957,0.343,浩宇,4.0,0.0345,32,风和树叶,Chinese Traditional,风和树叶,2024-11-06,0.855,0.0,3.0,109719.0,0.101,chinese,Low,2024.0,1.82865
0.309,135.783,0.655,world,-6.787,0.122,0.14,"刘珂矣, 百慕三石",4.0,0.0287,39,半壶纱,Chinese Traditional,缥缃醉 - 纯音乐,2016-01-05,0.116,0.0,11.0,225083.0,0.946,chinese,Low,2016.0,3.7513833333333335
0.321,89.265,0.18,world,-12.766,0.531,0.04,小vie,4.0,0.029,31,情缘,Chinese Traditional,情缘,2024-08-25,0.243,0.0,7.0,167333.0,0.716,chinese,Low,2024.0,2.788883333333333
0.272,143.741,0.625,world,-15.776,0.1,0.284,Kuroki,4.0,0.0287,31,Timeless Paths,Chinese Traditional,Lotus,2024-11-06,0.462,1.0,1.0,120004.0,0.00219,chinese,Low,2024.0,2.0000666666666667
0.192,120.152,0.62,world,-10.819,0.0979,0.225,Yume.Play,4.0,0.0345,37,Nature's Wishes,Chinese Traditional,Mystic Cascade,2024-07-19,0.435,0.0,4.0,128005.0,0.424,chinese,Low,2024.0,2.1334166666666667
0.26,116.501,0.388,world,-10.388,0.109,0.0441,hopeless_0taku,4.0,0.0326,33,暖かい,Chinese Traditional,暖かい,2024-10-24,0.728,0.0,4.0,70290.0,0.974,chinese,Low,2024.0,1.1715
0.195,116.915,0.404,world,-16.008,0.48,0.356,赵燮,4.0,0.0356,39,失去灵魂,Chinese Traditional,无条件的爱,2024-02-23,0.653,0.0,8.0,102591.0,0.914,chinese,Low,2024.0,1.70985
0.135,118.0,0.503,world,-18.121,0.107,0.532,Kuroki,4.0,0.0377,32,Timeless Paths,Chinese Traditional,The Night Whisperer,2024-11-06,0.931,0.0,1.0,88746.0,0.95,chinese,Low,2024.0,1.4791
0.125,86.05,0.315,world,-18.076,0.139,0.295,浩宇,4.0,0.0329,33,风和树叶,Chinese Traditional,风之歌,2024-11-06,0.971,0.0,2.0,97719.0,0.846,chinese,Low,2024.0,1.62865
0.223,96.001,0.579,world,-14.545,0.166,0.0634,"变奏的梦想, 喵步小雨中",4.0,0.0284,35,"跨越千山,仍未见你的模样",Chinese Traditional,"跨越千山,仍未见你的模样",2019-06-04,0.905,0.0,6.0,263913.0,0.848,chinese,Low,2019.0,4.39855
0.0379,67.539,0.462,world,-25.122,0.0586,0.475,浩宇,4.0,0.0381,33,风和树叶,Chinese Traditional,跳舞的叶子,2024-11-06,0.918,0.0,2.0,120004.0,0.972,chinese,Low,2024.0,2.0000666666666667
0.327,133.935,0.721,world,-11.461,0.103,0.211,Yume.Play,4.0,0.0298,36,Nature's Wishes,Chinese Traditional,Nature's Wishes,2024-07-19,0.656,0.0,6.0,129039.0,0.716,chinese,Low,2024.0,2.15065
0.23,139.957,0.465,world,-13.52,0.101,0.143,"刘珂矣, 百慕三石",4.0,0.0309,41,渡风,Chinese Traditional,暖山 - 纯音乐,2019-01-16,0.581,0.0,7.0,276093.0,0.894,chinese,Low,2019.0,4.60155
0.13,128.073,0.688,world,-13.376,0.165,0.302,原調音樂,4.0,0.0658,35,原調古風輕音樂,Chinese Traditional,如絲古風（輕音樂）,2023-04-26,0.866,0.0,4.0,138750.0,0.943,chinese,Low,2023.0,2.3125
0.0869,144.325,0.687,world,-16.182,0.176,0.49,浩宇,4.0,0.0349,30,古老的传说,Chinese Traditional,被遗忘者的故事,2024-11-06,0.95,0.0,7.0,109719.0,0.894,chinese,Low,2024.0,1.82865
0.155,83.977,0.606,world,-15.136,0.143,0.642,Kuroki,4.0,0.0308,35,Summer in Fujian,Chinese Traditional,The Night's Tranquility,2024-07-22,0.927,1.0,0.0,115851.0,0.71,chinese,Low,2024.0,1.93085
0.277,132.057,0.721,world,-12.63,0.267,0.187,赵燮,5.0,0.0334,36,重生的生命,Chinese Traditional,重生的生命,2024-02-21,0.545,0.0,5.0,116463.0,0.856,chinese,Low,2024.0,1.94105
0.386,142.127,0.519,world,-12.732,0.375,0.313,Yume.Play,4.0,0.0375,34,Promise of Prosperity,Chinese Traditional,Promise of Prosperity,2024-03-15,0.773,0.0,3.0,124620.0,0.68,chinese,Low,2024.0,2.077
0.254,153.975,0.443,world,-15.122,0.075,0.136,小vie,4.0,0.0303,24,朝花夕拾,Chinese Traditional,朝花夕拾,2022-07-22,7.61e-06,0.0,5.0,160519.0,0.228,chinese,Low,2022.0,2.675316666666667
0.0727,129.911,0.482,world,-21.779,0.0993,0.37,浩宇,4.0,0.0358,33,风和树叶,Chinese Traditional,闪亮的月亮,2024-11-06,0.953,0.0,2.0,73719.0,0.949,chinese,Low,2024.0,1.22865
0.394,132.168,0.701,world,-12.084,0.276,0.0554,Yume.Play,4.0,0.0409,36,Enchanted Journeys,Chinese Traditional,Enchanted Journeys,2024-03-08,0.933,0.0,3.0,138286.0,0.356,chinese,Low,2024.0,2.3047666666666666
0.301,82.986,0.696,world,-9.667,0.15,0.488,Kuroki,4.0,0.0342,37,Summer in Fujian,Chinese Traditional,Summer in Fujian,2024-07-22,0.603,1.0,11.0,115856.0,0.581,chinese,Low,2024.0,1.9309333333333334
0.201,113.001,0.326,world,-13.826,0.161,0.218,赵燮,4.0,0.0338,37,失去灵魂,Chinese Traditional,湖边小路,2024-02-23,0.00723,1.0,3.0,90697.0,0.692,chinese,Low,2024.0,1.5116166666666666
0.107,139.803,0.502,world,-16.535,0.182,0.403,HOYO-MiX,4.0,0.032,36,Genshin Impact - Jadeite Redolence (Original Game Soundtrack),Chinese Traditional,A Mild Tale Untold,2024-03-27,0.57,1.0,7.0,95840.0,0.986,chinese,Low,2024.0,1.5973333333333333
0.281,75.019,0.465,world,-15.446,0.343,0.174,"刘珂矣, 百慕三石",4.0,0.0254,37,渡风,Chinese Traditional,风誓 - 纯音乐,2019-01-16,0.609,0.0,9.0,249105.0,0.536,chinese,Low,2019.0,4.15175
0.151,85.976,0.662,world,-16.44,0.165,0.322,浩宇,3.0,0.0346,27,风和树叶,Chinese Traditional,生锈的叶子,2024-11-06,0.942,0.0,9.0,120004.0,0.317,chinese,Low,2024.0,2.0000666666666667
0.165,145.91,0.709,world,-18.894,0.205,0.537,赵燮,4.0,0.068,28,梦想花园,Chinese Traditional,穿过开阔的田野,2024-11-06,0.945,0.0,4.0,99500.0,0.853,chinese,Low,2024.0,1.6583333333333334
0.14,135.982,0.621,world,-12.355,0.18,0.279,Yume.Play,3.0,0.039,33,Nature's Wishes,Chinese Traditional,Mist Veil Over Falls,2024-07-19,0.89,0.0,1.0,104210.0,0.921,chinese,Low,2024.0,1.7368333333333332
0.341,80.046,0.385,world,-11.199,0.17,0.133,小vie,4.0,0.0327,31,黯然,Chinese Traditional,黯然,2024-03-13,0.056,0.0,6.0,181445.0,0.901,chinese,Low,2024.0,3.0240833333333335
0.324,144.087,0.695,world,-10.746,0.373,0.207,"Kuroki, Yume.Play",4.0,0.03,34,Voice of the Heart,Chinese Traditional,Painted Heart,2024-02-14,0.236,0.0,2.0,193429.0,0.719,chinese,Low,2024.0,3.2238166666666666
0.107,100.045,0.68,world,-19.484,0.105,0.392,Lemage,4.0,0.0363,21,Quiet Reflections,Chinese Traditional,Quiet Reflections,2024-11-08,0.902,0.0,1.0,120013.0,0.992,chinese,Low,2024.0,2.0002166666666668
0.258,134.008,0.57,world,-11.248,0.624,0.174,Yume.Play,4.0,0.0292,37,Tales From The Mystical Realm,Chinese Traditional,Serenade of The wind,2024-03-22,0.682,0.0,5.0,193657.0,0.665,chinese,Low,2024.0,3.2276166666666666
0.313,125.0,0.446,world,-13.04,0.189,0.076,小vie,4.0,0.0401,31,清狂,Chinese Traditional,清狂《只画水墨》游戏插曲 - 洞箫版,2020-10-26,0.388,0.0,4.0,182779.0,0.878,chinese,Low,2020.0,3.046316666666667
0.385,68.999,0.598,world,-11.237,0.164,0.104,Yume.Play,4.0,0.0284,36,Tales From The Mystical Realm,Chinese Traditional,Serenity,2024-03-22,0.805,0.0,8.0,222726.0,0.325,chinese,Low,2024.0,3.7121
0.195,79.933,0.419,world,-17.166,0.451,0.189,Lemage,4.0,0.0344,34,Genshin Impact & Chill,Chinese Traditional,Winding River,2024-04-21,0.0194,0.0,4.0,108086.0,0.925,chinese,Low,2024.0,1.8014333333333334
0.493,120.101,0.641,world,-9.542,0.605,0.0555,Yume.Play,4.0,0.0295,39,Inner Peace,Chinese Traditional,Mezame,2023-06-02,0.624,0.0,9.0,200115.0,0.0261,chinese,Low,2023.0,3.33525
0.314,142.295,0.243,world,-13.96,0.315,0.207,赵燮,4.0,0.0328,33,不为人知的故事,Chinese Traditional,月亮的传说,2024-03-01,0.56,0.0,7.0,128370.0,0.658,chinese,Low,2024.0,2.1395
0.252,129.869,0.422,world,-14.018,0.272,0.0776,Yume.Play,4.0,0.045,36,Tales From The Mystical Realm,Chinese Traditional,Fallen Kingdom,2024-03-22,0.896,0.0,8.0,206885.0,0.925,chinese,Low,2024.0,3.4480833333333334
0.124,95.992,0.771,world,-22.334,0.09,0.409,浩宇,3.0,0.059,26,古老的传说,Chinese Traditional,巫女,2024-11-06,0.902,0.0,9.0,97719.0,0.85,chinese,Low,2024.0,1.62865
0.295,134.087,0.762,world,-10.089,0.151,0.345,"Kuroki, Yume.Play",4.0,0.0364,35,Endless Love,Chinese Traditional,Endless Love,2024-02-01,0.921,0.0,5.0,263386.0,0.758,chinese,Low,2024.0,4.389766666666667
0.318,77.178,0.571,world,-15.924,0.309,0.134,赵燮,4.0,0.0322,31,不为人知的故事,Chinese Traditional,永恒的雨,2024-03-01,0.59,0.0,11.0,137159.0,0.802,chinese,Low,2024.0,2.2859833333333333
0.286,148.042,0.699,world,-14.09,0.364,0.47,"Kuroki, Lemage",4.0,0.0356,34,Windy Hill,Chinese Traditional,Windy Hill,2024-01-19,0.81,0.0,11.0,170372.0,0.666,chinese,Low,2024.0,2.8395333333333332
0.153,80.004,0.622,world,-15.447,0.101,0.137,变奏的梦想,4.0,0.0385,36,循梦渡,Chinese Traditional,江上清风游,2015-05-31,0.917,0.0,6.0,270008.0,0.941,chinese,Low,2015.0,4.500133333333333
0.326,139.943,0.772,world,-10.038,0.395,0.207,Kuroki,4.0,0.0409,35,Lotus Rain,Chinese Traditional,Lotus Rain,2024-01-23,0.847,0.0,9.0,188580.0,0.673,chinese,Low,2024.0,3.143
0.487,102.996,0.752,world,-13.482,0.0718,0.639,浩宇,4.0,0.0651,25,古老的传说,Chinese Traditional,心的旅程,2024-11-06,0.718,0.0,7.0,92576.0,0.224,chinese,Low,2024.0,1.5429333333333333
0.201,128.096,0.768,world,-10.335,0.125,0.379,原調音樂,4.0,0.0512,27,原調古風輕音樂,Chinese Traditional,恬靜古風（輕音樂）,2023-04-26,0.932,1.0,2.0,138750.0,0.974,chinese,Low,2023.0,2.3125
0.641,113.95,0.779,afrobeats,-12.699,0.022,0.405,"Sam Deep, Zuma, LeeMcKrazy, The Bless",4.0,0.095,14,Hit Factory,Amapiano Grooves,Walala Wasala,2024-11-21,0.00779,0.0,10.0,406117.0,0.0147,amapiano,Low,2024.0,6.7686166666666665
0.588,113.002,0.848,afrobeats,-10.935,0.0523,0.301,"Mr Pilato, Ego Slimflow, Tebogo G Mashego, SJE Konka, Focalistic, DJ Maphorisa, Scotts Maphuma, CowBoii",4.0,0.0532,63,"Biri Marung (feat. Sje Konka, Focalistic, DJ Maphorisa, Scotts Maphuma & CowBoii)",Amapiano Grooves,"Biri Marung (feat. Sje Konka, Focalistic, DJ Maphorisa, Scotts Maphuma & CowBoii)",2024-11-08,0.00485,1.0,9.0,454779.0,0.00115,amapiano,Low,2024.0,7.57965
0.622,112.009,0.861,afrobeats,-12.417,0.253,0.413,"Kabza De Small, Vigro Deep, DJ Maphorisa, Scotts Maphuma, Young Stunna",4.0,0.0727,64,Wishi Wishi (feat. Scotts Maphuma & Young Stunna),Amapiano Grooves,Wishi Wishi (feat. Scotts Maphuma & Young Stunna),2024-10-18,7.79e-05,1.0,1.0,381429.0,0.0632,amapiano,Low,2024.0,6.35715
0.675,113.008,0.837,afrobeats,-15.098,0.0746,0.472,"Tycoon, Sly, Kabza De Small, Dladla Mshunqisi, Goldmax",4.0,0.0592,58,Iza Mawala (feat. Dladla Mshunqisi & Goldmax),Amapiano Grooves,Iza Mawala (feat. Dladla Mshunqisi & Goldmax),2024-10-18,0.814,0.0,10.0,395044.0,0.0117,amapiano,Low,2024.0,6.584066666666667
0.18,138.178,0.698,afrobeats,-15.899,0.206,0.513,"Zee Nxumalo, Sly, GL_Ceejay, Kabza De Small, Shakes & Les",4.0,0.927,44,Inja Ye Game,Amapiano Grooves,Ucingo,2024-11-15,1.34e-06,1.0,1.0,57168.0,0.933,amapiano,Low,2024.0,0.9528
0.773,112.002,0.853,afrobeats,-10.387,0.0908,0.513,"Mellow & Sleazy, Scotts Maphuma, Mr Pilato, Seemah, Yanda Woods",4.0,0.0565,54,Shayi'Moto (feat. Seemah & Yanda Woods),Amapiano Grooves,Shayi'Moto (feat. Seemah & Yanda Woods),2024-11-08,0.0175,0.0,1.0,445720.0,0.0275,amapiano,Low,2024.0,7.4286666666666665
0.54,113.005,0.831,afrobeats,-9.928,0.0867,0.232,"Tyler ICU, DJ Exit, Khalil Harrison, Marsey, CowBoii, Ceeka RSA, Tyrone Dee",4.0,0.0737,45,Lucent,Amapiano Grooves,"Intsango (feat. Marsey, CowBoii, Khalil Harrison, Ceeka RSA & Tyrone Dee)",2024-11-15,0.814,0.0,10.0,364248.0,0.0052,amapiano,Low,2024.0,6.0708
0.878,111.996,0.839,afrobeats,-5.279,0.0799,0.562,"Vigro Deep, Freddy K, Mr. JazziQ, Scotts Maphuma, CowBoii",4.0,0.0522,48,Your Piano Is Not My Piano,Amapiano Grooves,Amakhehla,2024-11-08,0.000947,1.0,2.0,445714.0,0.134,amapiano,Low,2024.0,7.428566666666667
0.933,113.0,0.831,afrobeats,-7.137,0.0577,0.608,"Felo Le Tee, Scotts Maphuma, Thabza Tee, DJ Maphorisa, Djy Biza",4.0,0.043,63,Yebo Lapho (Gogo) (feat. DJ Maphorisa & Djy Biza),Amapiano Grooves,Yebo Lapho (Gogo) (feat. DJ Maphorisa & Djy Biza),2024-07-03,0.0115,1.0,1.0,424801.0,0.00132,amapiano,Low,2024.0,7.080016666666666
0.539,112.008,0.943,afrobeats,-8.398,0.041,0.45,"TNK MusiQ, LeeMcKrazy, Seun1401, The Exclusive SA, Scotts Maphuma, Kabelo Sings, Bontle Smith, 2woshort, Stompiiey",4.0,0.0632,53,"Abo Nokthula (feat. The Exclusive SA, Scotts Maphuma, Kabelo Sings, Bontle Smith, 2woshort & Stompiiey)",Amapiano Grooves,"Abo Nokthula (feat. The Exclusive SA, Scotts Maphuma, Kabelo Sings, Bontle Smith, 2woshort & Stompiiey)",2024-10-18,0.00351,0.0,5.0,368577.0,0.0512,amapiano,Low,2024.0,6.14295
0.582,112.014,0.872,afrobeats,-11.882,0.0653,0.31,"Blacko SA, Mellow & Sleazy, Scotts Maphuma",4.0,0.0671,62,Zase England,Amapiano Grooves,Zase England,2024-09-27,0.0,1.0,1.0,369816.0,0.0417,amapiano,Low,2024.0,6.1636
0.402,112.023,0.908,afrobeats,-11.343,0.0502,0.421,"Royal MusiQ, 2woBunnies, Djy Biza",4.0,0.0996,52,Khuphuka,Amapiano Grooves,Khuphuka,2024-08-23,0.044,1.0,1.0,310865.0,0.0188,amapiano,Low,2024.0,5.1810833333333335
0.773,113.018,0.873,afrobeats,-7.802,0.0223,0.836,"OSKIDO, Master KG, MaWhoo, LilyFaith, Lowsheen, Theo Kgosinkwe",4.0,0.065,38,"Khuluma (feat. LilyFaith, Lowsheen & Theo Kgosinkwe)",Amapiano Grooves,"Khuluma (feat. LilyFaith, Lowsheen & Theo Kgosinkwe)",2024-11-15,0.062,1.0,8.0,359475.0,0.0351,amapiano,Low,2024.0,5.99125
0.41,111.998,0.736,afrobeats,-14.474,0.105,0.548,"Amu Classic, Kappie, Djy Vino, Eemoh, Mpho Spizzy, Chronic Killer",4.0,0.0589,45,New Chapter,Amapiano Grooves,Lalela,2024-10-25,2.49e-05,1.0,1.0,454369.0,0.00577,amapiano,Low,2024.0,7.572816666666666
0.691,119.986,0.861,afrobeats,-8.866,0.0417,0.272,"Pushkin RSA, Eltee, Springle, Choco Dynasty, ManKay",4.0,0.0556,42,My Island,Amapiano Grooves,"Endofaya (feat. Eltee, Springle, ChocoDynasty & Mankay)",2024-11-01,0.00131,1.0,1.0,265970.0,0.0182,amapiano,Low,2024.0,4.432833333333333
0.573,112.995,0.867,afrobeats,-14.403,0.119,0.728,"De Mthuda, Kabza De Small, Young Stunna, Mkeyz, McKenzie, Mthunzi",4.0,0.088,48,Diwa Kae,Amapiano Grooves,Diwa Kae,2024-11-01,0.0015,0.0,9.0,416283.0,0.00378,amapiano,Low,2024.0,6.93805
0.533,112.022,0.791,afrobeats,-13.866,0.0343,0.355,"Tyler ICU, Tumelo_za, Ceeka RSA",4.0,0.0638,52,Ng'limele (feat. Ceeka RSA),Amapiano Grooves,Ng'limele (feat. Ceeka RSA),2024-10-25,0.895,0.0,6.0,456429.0,0.00745,amapiano,Low,2024.0,7.60715
0.58,113.005,0.834,afrobeats,-14.663,0.0399,0.885,Musa Keys,4.0,0.0972,40,Rirhandzu,Amapiano Grooves,ma thousand,2024-11-08,0.424,0.0,6.0,274320.0,0.048,amapiano,Low,2024.0,4.572
0.789,91.086,0.61,brazilian,-7.859,0.106,0.757,Almir Guineto,4.0,0.0842,23,Almir Guineto,Samba Essentials,Pedi Ao Céu,1999-01-01,2.92e-06,0.0,5.0,215160.0,0.457,samba,Low,1999.0,3.586
0.651,145.203,0.535,brazilian,-8.016,0.14,0.476,Almir Guineto,4.0,0.0532,20,Almir Guineto,Samba Essentials,Lama Nas Ruas,1999-01-01,0.0,1.0,9.0,306267.0,0.575,samba,Low,1999.0,5.10445
0.784,105.006,0.739,brazilian,-7.253,0.128,0.807,Almir Guineto,4.0,0.194,36,Almir Guineto,Samba Essentials,Saco Cheio,1999-01-01,0.0,1.0,5.0,148027.0,0.552,samba,Low,1999.0,2.4671166666666666
0.659,115.676,0.556,brazilian,-10.307,0.388,0.648,Mauro Diniz,4.0,0.304,18,Apoteose Ao Samba,Samba Essentials,Pagode Da Dona Ivone,2003-01-01,0.0,1.0,9.0,215507.0,0.799,samba,Low,2003.0,3.5917833333333333
0.876,100.767,0.626,brazilian,-6.873,0.06,0.944,Grupo Fundo De Quintal,4.0,0.0882,48,A Batucada Dos Nossos Tantãs,Samba Essentials,A Batucada Dos Nossos Tantãs,1993-01-01,0.0,0.0,7.0,198960.0,0.205,samba,Low,1993.0,3.316
0.815,102.461,0.507,brazilian,-7.54,0.168,0.97,Grupo Fundo De Quintal,4.0,0.0911,26,A Batucada Dos Nossos Tantãs,Samba Essentials,Menina da Colina,1993-01-01,0.0,1.0,4.0,238173.0,0.345,samba,Low,1993.0,3.96955
0.919,89.059,0.442,brazilian,-5.951,0.183,0.939,Grupo Fundo De Quintal,4.0,0.0689,17,A Batucada Dos Nossos Tantãs,Samba Essentials,No Nosso Fundo de Quintal,1993-01-01,0.0,0.0,6.0,222800.0,0.753,samba,Low,1993.0,3.7133333333333334
0.535,93.972,0.744,brazilian,-8.235,0.148,0.492,Luiz Carlos Da Vila,4.0,0.0821,12,"Benza, Deus",Samba Essentials,"Benza, Deus",2004-01-01,0.0,0.0,4.0,254640.0,0.755,samba,Low,2004.0,4.244
0.853,114.535,0.543,brazilian,-9.004,0.0303,0.922,Grupo Fundo De Quintal,4.0,0.105,44,Carta Musicada,Samba Essentials,"Vai Lá, Vai Lá",1994-01-01,1.46e-05,0.0,7.0,247933.0,0.119,samba,Low,1994.0,4.132216666666666
0.494,146.45,0.639,brazilian,-12.344,0.136,0.897,Grupo Fundo De Quintal,4.0,0.0521,31,Carta Musicada,Samba Essentials,Frasco Pequeno,1994-01-01,2.07e-06,1.0,9.0,204333.0,0.397,samba,Low,1994.0,3.40555
0.718,93.026,0.244,brazilian,-7.665,0.189,0.406,Grupo Fundo De Quintal,4.0,0.0377,31,É Aí Que Quebra a Rocha,Samba Essentials,Lucidez,1991-01-01,1.53e-05,1.0,4.0,225267.0,0.652,samba,Low,1991.0,3.75445
0.688,99.438,0.454,brazilian,-8.636,0.449,0.763,Grupo Fundo De Quintal,4.0,0.0621,22,É Aí Que Quebra a Rocha,Samba Essentials,A Amizade,1991-01-01,0.0,1.0,7.0,196000.0,0.696,samba,Low,1991.0,3.2666666666666666
0.812,92.934,0.464,brazilian,-8.908,0.112,0.87,"Arlindo Cruz, Sombrinha",3.0,0.244,30,Hoje tem samba,Samba Essentials,Hoje tem samba,2002-06-06,0.0,0.0,4.0,220160.0,0.668,samba,Low,2002.0,3.6693333333333333
0.66,93.994,0.63,brazilian,-8.47,0.105,0.941,Luiz Carlos Da Vila,4.0,0.0382,20,A Luz do Vencedor,Samba Essentials,A Luz do Vencedor,2013-11-28,2.34e-05,0.0,4.0,209093.0,0.751,samba,Low,2013.0,3.4848833333333333
0.698,94.517,0.644,brazilian,-7.94,0.134,0.966,Luiz Carlos Da Vila,4.0,0.0421,14,A Luz do Vencedor,Samba Essentials,Gamação,2013-11-28,0.00797,1.0,9.0,190533.0,0.688,samba,Low,2013.0,3.17555
0.891,123.975,0.656,pop,-5.287,0.108,0.928,"Bingo Players, Pure Shores",4.0,0.0334,42,Summer Dreaming,Scandi Pop,Summer Dreaming,2024-05-22,0.118,1.0,5.0,182868.0,0.000184,scandi,Low,2024.0,3.0478
0.88,128.02,0.7,pop,-6.799,0.211,0.341,Icona Pop,4.0,0.0407,28,Club Romantech (Deluxe),Scandi Pop,Tears on the Dance Floor,2023-12-01,0.037,0.0,4.0,161270.0,0.115,scandi,Low,2023.0,2.6878333333333333
0.688,123.069,0.492,pop,-4.989,0.0881,0.316,"Zara Larsson, David Guetta",4.0,0.046,52,On My Love (Sped Up),Scandi Pop,On My Love,2023-09-12,0.0029,0.0,10.0,222912.0,0.0724,scandi,Low,2023.0,3.7152
0.675,126.986,0.629,pop,-6.158,0.201,0.623,Andreas Moe,4.0,0.0339,27,Helpless,Scandi Pop,Helpless,2024-08-16,5.75e-05,1.0,5.0,210568.0,0.0106,scandi,Low,2024.0,3.5094666666666665
0.633,125.011,0.783,pop,-6.052,0.059,0.886,KUUMAA,4.0,0.0366,43,Satama,Scandi Pop,Satama,2023-11-30,2.58e-05,0.0,0.0,160012.0,0.0718,scandi,Low,2023.0,2.6668666666666665
0.654,199.688,0.488,pop,-6.607,0.244,0.53,Molly Sandén,4.0,0.0753,57,Slutet av sommarn,Scandi Pop,Slutet av sommarn,2024-05-31,0.0,1.0,3.0,137810.0,0.0252,scandi,Low,2024.0,2.2968333333333333
0.831,123.981,0.658,pop,-4.809,0.108,0.288,Lilly Ahlberg,4.0,0.0494,11,Hit The Ground,Scandi Pop,Hit The Ground,2024-01-05,3e-05,1.0,5.0,212000.0,0.0609,scandi,Low,2024.0,3.533333333333333
0.797,130.021,0.796,pop,-5.002,0.131,0.921,Peg Parnevik,4.0,0.0391,39,Svett,Scandi Pop,Svett,2024-04-05,6.89e-05,1.0,3.0,186231.0,0.047,scandi,Low,2024.0,3.10385
0.762,120.028,0.714,pop,-5.24,0.34,0.962,Astrid S,4.0,0.0311,40,Hot Fever Dream,Scandi Pop,Hot Fever Dream,2024-05-03,0.0,1.0,4.0,147733.0,0.0465,scandi,Low,2024.0,2.4622166666666665
0.528,135.014,0.492,pop,-12.991,0.254,0.319,Albin Tingwall,4.0,0.0516,17,27,Scandi Pop,27,2024-06-07,0.0,1.0,2.0,197333.0,0.00617,scandi,Low,2024.0,3.288883333333333
0.866,135.005,0.672,pop,-5.607,0.139,0.646,"Raaban, Julie Bergan",4.0,0.083,45,ICONIC,Scandi Pop,ICONIC,2024-08-02,0.000921,0.0,4.0,150222.0,0.145,scandi,Low,2024.0,2.5037
0.847,129.934,0.536,pop,-3.52,0.0781,0.321,Sigrid,4.0,0.0498,30,The Hype,Scandi Pop,Wanted It To Be You,2023-10-27,1.74e-06,1.0,7.0,179332.0,0.0656,scandi,Low,2023.0,2.9888666666666666
0.717,105.988,0.743,pop,-4.732,0.144,0.853,"NEIKED, Ayra Starr",4.0,0.0422,48,You're Hired (feat. Ayra Starr),Scandi Pop,You're Hired (feat. Ayra Starr),2023-09-29,0.0,1.0,0.0,179517.0,0.0562,scandi,Low,2023.0,2.99195
0.837,163.427,0.548,pop,-5.405,0.222,0.436,Benjamin,4.0,0.0501,41,Hoida mut,Scandi Pop,Hoida mut,2023-01-12,0.0,0.0,9.0,180873.0,0.00325,scandi,Low,2023.0,3.01455
0.701,117.997,0.682,pop,-5.575,0.116,0.679,ALMA,4.0,0.033,18,Tell Mama,Scandi Pop,Tell Mama,2023-03-31,0.000112,0.0,6.0,170003.0,0.0334,scandi,Low,2023.0,2.8333833333333334
0.543,94.086,0.545,pop,-6.69,0.153,0.513,Isak Danielson,4.0,0.035,37,Sweat,Scandi Pop,Sweat,2024-05-24,0.0,0.0,5.0,199733.0,0.249,scandi,Low,2024.0,3.328883333333333
0.386,80.967,0.445,pop,-8.281,0.104,0.197,Zara Larsson,4.0,0.0328,33,Honor The Light,Scandi Pop,Winter Song,2023-12-01,4.72e-06,1.0,1.0,185067.0,0.823,scandi,Low,2023.0,3.08445
0.866,130.037,0.594,pop,-5.416,0.0665,0.855,Astrid S,4.0,0.0404,33,Joyride,Scandi Pop,Bloodline,2024-05-24,0.00595,0.0,4.0,182867.0,0.0876,scandi,Low,2024.0,3.0477833333333333
0.616,99.927,0.69,pop,-5.198,0.102,0.0823,"Danny Saucedo, Mapei",4.0,0.0769,36,Ingen e som solen,Scandi Pop,Ingen e som solen,2023-06-30,7.41e-05,0.0,4.0,161587.0,0.0564,scandi,Low,2023.0,2.6931166666666666
0.559,125.021,0.664,pop,-8.809,0.0804,0.53,sixten,4.0,0.03,32,Misemotional,Scandi Pop,Misemotional,2023-10-06,3.34e-05,1.0,1.0,214800.0,0.135,scandi,Low,2023.0,3.58
0.689,119.054,0.677,pop,-6.087,0.158,0.158,"Matoma, Gabrielle, Hver gang vi møtes",4.0,0.181,20,Barn som deg,Scandi Pop,Barn som deg,2023-12-19,2.25e-05,0.0,3.0,197647.0,0.0292,scandi,Low,2023.0,3.2941166666666666
0.799,119.931,0.595,pop,-5.714,0.148,0.666,Agnes,4.0,0.0631,41,24 Hours,Scandi Pop,24 Hours,2021-05-21,0.0,0.0,3.0,241164.0,0.000895,scandi,Low,2021.0,4.0194
0.889,104.979,0.585,pop,-4.693,0.143,0.645,Jacqline,4.0,0.0756,47,Effortless,Scandi Pop,Effortless,2024-03-02,0.000132,0.0,0.0,171143.0,0.00153,scandi,Low,2024.0,2.8523833333333335
0.641,115.963,0.599,pop,-5.114,0.169,0.65,Arwin,4.0,0.0424,42,För bra för att vara sant,Scandi Pop,För bra för att vara sant,2024-05-17,0.0,1.0,2.0,182750.0,0.1,scandi,Low,2024.0,3.0458333333333334
0.708,114.006,0.605,pop,-7.677,0.242,0.444,Elias Kaskinen,4.0,0.0346,23,Kerran elämässä,Scandi Pop,Kerran elämässä,2021-05-07,0.0,0.0,8.0,231467.0,0.0137,scandi,Low,2021.0,3.8577833333333333
0.595,125.261,0.492,pop,-7.553,0.223,0.0921,"Niello, Lisa Ajax",3.0,0.212,15,Ingen annan,Scandi Pop,Ingen annan,2021-06-11,0.0,0.0,4.0,179362.0,0.205,scandi,Low,2021.0,2.9893666666666667
0.689,116.94,0.735,pop,-5.41,0.409,0.71,Sigrid,4.0,0.0513,44,Mirror,Scandi Pop,Mirror,2021-05-26,0.00146,0.0,7.0,156168.0,0.00381,scandi,Low,2021.0,2.6028
0.825,103.051,0.644,pop,-3.591,0.335,0.593,LIAMOO,4.0,0.0388,24,Lonely,Scandi Pop,Lonely,2021-05-21,0.0,0.0,9.0,181333.0,0.0177,scandi,Low,2021.0,3.0222166666666666
0.701,110.054,0.739,pop,-8.151,0.112,0.722,Oscar Zia,4.0,0.15,16,Ta på mig,Scandi Pop,Ta på mig,2021-05-28,0.0708,0.0,1.0,202909.0,0.00538,scandi,Low,2021.0,3.3818166666666665
0.84,124.018,0.662,pop,-7.124,0.113,0.369,Vesala,4.0,0.0357,22,Kysy mua ulos,Scandi Pop,Kysy mua ulos,2021-06-04,0.0628,1.0,1.0,192234.0,0.0128,scandi,Low,2021.0,3.2039
0.858,109.984,0.695,pop,-5.105,0.193,0.345,Eric Saade,4.0,0.0517,15,Like U Used To,Scandi Pop,Like U Used To,2021-06-11,0.0,0.0,9.0,178020.0,0.0505,scandi,Low,2021.0,2.967
0.574,150.121,0.675,pop,-7.019,0.104,0.571,"estraden, Eah Jé",4.0,0.0363,28,Sommarn är över (feat. Eah Jé),Scandi Pop,Sommarn är över (feat. Eah Jé),2021-08-13,0.0,1.0,7.0,196430.0,0.519,scandi,Low,2021.0,3.273833333333333
0.547,101.96,0.539,pop,-6.675,0.106,0.282,Julia Lov,4.0,0.0429,17,Frank Ocean,Scandi Pop,Frank Ocean,2021-08-13,1.73e-06,1.0,9.0,156635.0,0.333,scandi,Low,2021.0,2.6105833333333335
0.82,102.094,0.556,pop,-5.385,0.16,0.492,"Evelina, ANI",4.0,0.054,29,Me ei kuuluta toisillemme,Scandi Pop,Me ei kuuluta toisillemme,2021-08-06,7.91e-05,1.0,8.0,225084.0,0.19,scandi,Low,2021.0,3.7514
0.382,123.741,0.593,pop,-10.968,0.119,0.731,"Albin Johnsén, Moa Michaeli",4.0,0.0387,26,Faller tillbaks,Scandi Pop,Faller tillbaks,2021-08-27,9.74e-06,1.0,4.0,168475.0,0.822,scandi,Low,2021.0,2.807916666666667
0.593,120.057,0.879,pop,-6.347,0.0344,0.853,lovad,4.0,0.0625,20,Sämsta jag kan få,Scandi Pop,Sämsta jag kan få,2021-08-20,0.0,0.0,2.0,172500.0,0.203,scandi,Low,2021.0,2.875
0.623,95.982,0.711,pop,-7.822,0.127,0.78,HON,4.0,0.0667,13,Kärlekssjuk,Scandi Pop,Kärlekssjuk,2021-09-03,0.0,1.0,0.0,144271.0,0.166,scandi,Low,2021.0,2.404516666666667
0.35,128.984,0.641,pop,-10.157,0.113,0.332,Felicia Takman,4.0,0.041,13,Hela dig,Scandi Pop,Hela dig,2021-09-17,0.0,0.0,1.0,196579.0,0.819,scandi,Low,2021.0,3.2763166666666668
0.736,145.141,0.622,pop,-5.91,0.115,0.395,Alex Järvi,4.0,0.0343,20,Någonstans i Stockholm,Scandi Pop,Någonstans i Stockholm,2021-08-20,0.0,1.0,9.0,190542.0,0.014,scandi,Low,2021.0,3.1757
0.584,120.019,0.726,pop,-8.015,0.58,0.116,Zupermaria,4.0,0.0319,20,Fruen fra havet,Scandi Pop,Fruen fra havet,2021-09-24,0.000271,1.0,0.0,170177.0,0.0302,scandi,Low,2021.0,2.8362833333333333
0.527,89.983,0.77,pop,-5.77,0.0577,0.688,estraden,4.0,0.0553,24,Kyssa dig nu,Scandi Pop,Kyssa dig nu,2021-10-08,2.63e-05,1.0,2.0,143067.0,0.454,scandi,Low,2021.0,2.38445
0.713,117.001,0.597,pop,-5.35,0.11,0.37,Sigrid,4.0,0.0329,37,Burning Bridges,Scandi Pop,Burning Bridges,2021-08-25,2.64e-05,0.0,3.0,172310.0,0.000949,scandi,Low,2021.0,2.8718333333333335
0.707,111.017,0.658,pop,-5.474,0.587,0.792,Alex Järvi,4.0,0.0509,20,För mig själv,Scandi Pop,För mig själv,2021-10-22,0.0,1.0,0.0,178392.0,0.0634,scandi,Low,2021.0,2.9732
0.8,145.06,0.666,pop,-5.327,0.242,0.577,Felicia Takman,4.0,0.0304,16,Alla gör slut,Scandi Pop,Allt som inte blir som jag vill att de ska vara,2021-10-29,0.0276,1.0,1.0,185945.0,0.000363,scandi,Low,2021.0,3.099083333333333
0.538,121.992,0.808,pop,-5.889,0.0624,0.579,Andreas Wijk,4.0,0.0482,13,let go,Scandi Pop,let go,2021-09-17,0.0,0.0,9.0,169310.0,0.0979,scandi,Low,2021.0,2.821833333333333
0.709,160.982,0.677,pop,-3.867,0.173,0.459,Christopher,4.0,0.098,37,If It Weren’t For You,Scandi Pop,If It Weren’t For You,2021-09-10,0.0,1.0,1.0,150463.0,0.00873,scandi,Low,2021.0,2.5077166666666666
0.498,98.995,0.808,pop,-6.743,0.166,0.699,"Jesper Jenset, vinni",4.0,0.126,26,Diskotek,Scandi Pop,Diskotek,2021-10-15,0.0,1.0,6.0,140332.0,0.0532,scandi,Low,2021.0,2.3388666666666666
0.81,145.297,0.453,pop,-5.555,0.117,0.562,Vargas & Lagola,4.0,0.0352,29,Ain't Leaving Now,Scandi Pop,Ain't Leaving Now,2021-10-15,0.0,0.0,2.0,231067.0,0.00759,scandi,Low,2021.0,3.8511166666666665
0.8,103.839,0.525,pop,-5.713,0.31,0.477,Emma Steinbakken,4.0,0.0479,22,Sorry,Scandi Pop,Sorry,2021-09-10,2.33e-06,1.0,6.0,162470.0,0.0565,scandi,Low,2021.0,2.7078333333333333
0.48,128.001,0.749,pop,-6.77,0.178,0.737,Hanna Ferm,4.0,0.0413,37,Flyg Fula Fluga Flyg - Spotify Studio It's Hits Recording,Scandi Pop,Flyg Fula Fluga Flyg,2021-11-05,0.0,1.0,4.0,159375.0,0.00607,scandi,Low,2021.0,2.65625
0.689,76.954,0.648,pop,-6.376,0.0568,0.718,Rymdpojken,4.0,0.0676,27,Jag Kan Inte Dansa,Scandi Pop,Jag Kan Inte Dansa,2021-10-22,0.0,1.0,1.0,182185.0,0.0161,scandi,Low,2021.0,3.0364166666666668
0.672,125.007,0.704,pop,-7.638,0.1,0.67,Molly Sandén,4.0,0.0455,35,Vi ska aldrig gå hem,Scandi Pop,Vi ska aldrig gå hem,2021-09-30,0.00688,1.0,1.0,195518.0,0.0165,scandi,Low,2021.0,3.2586333333333335
0.776,89.939,0.503,pop,-4.611,0.0897,0.451,LIAMOO,4.0,0.0327,15,Dark,Scandi Pop,Dark,2021-09-24,0.0,0.0,6.0,170726.0,0.0718,scandi,Low,2021.0,2.8454333333333333
0.657,90.012,0.564,pop,-6.959,0.198,0.54,Felicia Takman,4.0,0.0259,15,Alla gör slut,Scandi Pop,Rulla eftertexten,2021-10-29,0.0,1.0,9.0,206372.0,0.0851,scandi,Low,2021.0,3.4395333333333333
0.927,135.997,0.592,pop,-5.278,0.663,0.678,Smith & Thell,4.0,0.0439,31,Pixie's Parasol,Scandi Pop,Pixie's Parasol,2021-10-22,0.0,1.0,7.0,182947.0,0.0138,scandi,Low,2021.0,3.0491166666666665
0.448,96.98,0.631,pop,-8.838,0.12,0.43,"Miriam Bryant, Joakim Berg",4.0,0.0304,26,Lonely In A Crowd (feat. Joakim Berg),Scandi Pop,Lonely In A Crowd (feat. Joakim Berg),2021-10-29,1.94e-06,1.0,9.0,219773.0,0.253,scandi,Low,2021.0,3.6628833333333333
0.814,117.796,0.525,pop,-7.516,0.0947,0.467,Rebecca & Fiona,4.0,0.0613,17,Sing it back,Scandi Pop,Sing it back,2021-09-08,0.0327,0.0,0.0,262818.0,0.104,scandi,Low,2021.0,4.3803
0.456,106.937,0.658,pop,-8.902,0.11,0.465,L1NA,4.0,0.0578,13,MP3,Scandi Pop,Januari,2021-12-10,1.76e-06,0.0,6.0,159161.0,0.454,scandi,Low,2021.0,2.6526833333333335
0.609,127.757,0.341,pop,-7.684,0.193,0.404,Molly Hammar,4.0,0.0374,25,Love Me Blind,Scandi Pop,Love Me Blind,2021-11-12,0.0,0.0,7.0,227658.0,0.108,scandi,Low,2021.0,3.7943
0.778,180.121,0.569,pop,-6.638,0.0821,0.464,Tove Styrke,4.0,0.076,21,Start Walking,Scandi Pop,Start Walking,2021-10-22,1.53e-05,0.0,4.0,194836.0,0.039,scandi,Low,2021.0,3.2472666666666665
0.556,116.895,0.621,pop,-9.144,0.0917,0.304,Chris Holsten,4.0,0.0484,23,Høyt over havet,Scandi Pop,Høyt over havet,2022-01-21,0.0,1.0,8.0,175963.0,0.068,scandi,Low,2022.0,2.932716666666667
0.811,159.998,0.689,pop,-2.954,0.142,0.77,Dotter,4.0,0.0372,18,Bon Voyage,Scandi Pop,Bon Voyage,2022-01-21,0.00287,0.0,1.0,174613.0,0.161,scandi,Low,2022.0,2.9102166666666665
0.802,155.144,0.461,pop,-4.779,0.318,0.488,Norlie & KKV,4.0,0.0446,24,Jag Lovar,Scandi Pop,Jag Lovar,2022-01-28,0.0,0.0,7.0,168751.0,0.00341,scandi,Low,2022.0,2.8125166666666668
0.939,115.053,0.662,pop,-3.98,0.212,0.551,Theo,4.0,0.0937,38,Som du vill,Scandi Pop,Som du vill,2022-02-05,0.0,0.0,7.0,173651.0,0.106,scandi,Low,2022.0,2.8941833333333333
0.743,96.979,0.572,pop,-4.813,0.134,0.772,Thomas Stenström,4.0,0.027,46,Sista sommaren,Scandi Pop,Sista sommaren,2022-04-22,0.0,1.0,10.0,190053.0,0.0713,scandi,Low,2022.0,3.16755
0.522,140.07,0.632,pop,-8.968,0.0784,0.324,Felicia Takman,4.0,0.0615,16,Aldrig säga aldrig,Scandi Pop,Aldrig säga aldrig,2022-04-01,0.0,1.0,5.0,190454.0,0.173,scandi,Low,2022.0,3.1742333333333335
0.63,126.957,0.789,pop,-6.766,0.227,0.687,GULEED,4.0,0.0599,25,För evigt,Scandi Pop,För evigt,2022-05-06,0.00506,0.0,1.0,152126.0,0.0852,scandi,Low,2022.0,2.535433333333333
0.782,117.994,0.638,pop,-6.04,0.129,0.29,Felicia Takman,4.0,0.0532,25,Musik Non Stop - Spotify Singles,Scandi Pop,Musik Non Stop - Spotify Singles,2022-05-13,2.73e-05,1.0,5.0,228346.0,0.0118,scandi,Low,2022.0,3.8057666666666665
0.717,169.945,0.587,pop,-4.534,0.036,0.778,Måns Zelmerlöw,4.0,0.0554,22,What You Were Made For,Scandi Pop,What You Were Made For,2022-05-20,0.0,1.0,8.0,194760.0,0.00339,scandi,Low,2022.0,3.246
0.861,125.894,0.72,pop,-7.601,0.0706,0.488,Veronica Maggio,4.0,0.0852,25,Och som vanligt händer det något hemskt,Scandi Pop,Fint i mörker,2022-05-20,0.000236,1.0,0.0,200976.0,0.352,scandi,Low,2022.0,3.3496
0.732,90.022,0.761,pop,-5.365,0.13,0.52,Kim Cesarion,4.0,0.0459,15,Bränner,Scandi Pop,Bränner,2022-06-10,0.0,1.0,4.0,188440.0,0.25,scandi,Low,2022.0,3.1406666666666667
0.69,123.006,0.799,pop,-6.413,0.254,0.404,Grandi,4.0,0.107,22,Everyone,Scandi Pop,Everyone,2022-06-17,0.000757,1.0,4.0,150201.0,0.511,scandi,Low,2022.0,2.50335
0.709,121.948,0.694,pop,-5.957,0.417,0.332,Dotter,4.0,0.0374,19,Only Good Die Young,Scandi Pop,Only Good Die Young,2022-06-17,9.55e-05,1.0,4.0,170080.0,0.0516,scandi,Low,2022.0,2.8346666666666667
0.705,100.038,0.73,pop,-6.253,0.319,0.344,"ALMEA, Moonshine",4.0,0.0377,26,Saknar inte dig (Moonshine Remix),Scandi Pop,Saknar inte dig - Moonshine Remix,2022-06-17,0.0,1.0,3.0,168000.0,0.446,scandi,Low,2022.0,2.8
0.813,93.0,0.545,pop,-8.315,0.0891,0.343,Poolkant,4.0,0.049,21,Du & jag,Scandi Pop,Du & jag,2022-06-17,7.06e-06,1.0,1.0,166422.0,0.0534,scandi,Low,2022.0,2.7737
0.633,130.986,0.731,pop,-5.226,0.0737,0.412,Hanna Ferm,4.0,0.0408,27,Ingen Aning Vart Jag Landar,Scandi Pop,Det Är Slut,2022-08-26,0.0,1.0,5.0,156857.0,0.12,scandi,Low,2022.0,2.6142833333333333
0.547,102.976,0.603,pop,-6.462,0.0894,0.186,"Lancelot, Clara Klingenström",4.0,0.0253,35,Jag vill inte ha dig tillbaks,Scandi Pop,Jag vill inte ha dig tillbaks,2022-08-26,0.0,1.0,5.0,200900.0,0.166,scandi,Low,2022.0,3.348333333333333
0.494,146.553,0.35,pop,-6.472,0.331,0.0931,Clara Klingenström,4.0,0.0306,28,Hångel på balkongen,Scandi Pop,Hångel på balkongen,2022-10-07,0.0,1.0,4.0,169515.0,0.192,scandi,Low,2022.0,2.82525
0.744,142.968,0.652,pop,-7.476,0.199,0.684,Daniel Schulz,4.0,0.0374,11,Make It,Scandi Pop,Make It,2022-08-26,0.0,0.0,2.0,165210.0,0.434,scandi,Low,2022.0,2.7535
0.586,89.01,0.554,pop,-6.178,0.0672,0.368,Klockrent!,4.0,0.0507,29,Går emot dig,Scandi Pop,Går emot dig,2022-10-21,0.0,1.0,5.0,165804.0,0.0533,scandi,Low,2022.0,2.7634
0.509,94.874,0.517,pop,-8.226,0.135,0.164,Chris Holsten,4.0,0.0335,28,For evig,Scandi Pop,For evig,2022-10-21,0.0,1.0,7.0,200220.0,0.127,scandi,Low,2022.0,3.337
0.649,140.063,0.68,pop,-9.009,0.118,0.44,"VIIVI, Robin Packalen",4.0,0.0561,48,Ihana kipu,Scandi Pop,Ihana kipu,2022-10-27,1.21e-05,1.0,7.0,187909.0,0.0976,scandi,Low,2022.0,3.1318166666666665
0.537,89.988,0.609,pop,-6.635,0.293,0.364,"Emilia Pantic, Rasmus Wahlgren",4.0,0.0811,20,Hatar att du lät oss gå,Scandi Pop,Om inte du (feat. Rasmus Wahlgren),2022-10-28,0.0,1.0,2.0,173500.0,0.0182,scandi,Low,2022.0,2.8916666666666666
0.763,106.042,0.729,pop,-6.238,0.202,0.679,Molly Hammar,4.0,0.0968,32,Can’t Stay Away,Scandi Pop,Can’t Stay Away,2022-11-05,5.17e-05,1.0,6.0,179761.0,0.0694,scandi,Low,2022.0,2.9960166666666668
0.918,160.036,0.586,pop,-4.798,0.0791,0.839,BESS,4.0,0.0555,33,Sammumaton / Ram pam pam (English version),Scandi Pop,Sammumaton,2022-11-03,0.00121,0.0,0.0,189949.0,0.00343,scandi,Low,2022.0,3.1658166666666667
0.672,127.018,0.681,pop,-5.166,0.28,0.297,EMMY,4.0,0.0421,30,Dear Sandman,Scandi Pop,Dear Sandman,2022-10-28,0.0,1.0,5.0,141480.0,0.0463,scandi,Low,2022.0,2.358
0.865,127.033,0.68,pop,-6.492,0.0858,0.572,HON,4.0,0.0399,13,Över nu,Scandi Pop,Över nu,2022-11-04,0.00143,0.0,2.0,197065.0,0.356,scandi,Low,2022.0,3.2844166666666665
0.688,79.757,0.668,pop,-7.573,0.112,0.788,Jesper Jenset,4.0,0.103,21,Håper du har det bra,Scandi Pop,Håper du har det bra,2022-11-25,0.0,0.0,1.0,148927.0,0.105,scandi,Low,2022.0,2.4821166666666667
0.762,193.766,0.443,pop,-6.794,0.505,0.602,Felicia Takman,4.0,0.11,21,"En basic bitch, inget nytt, men fan ändå, ganska snygg",Scandi Pop,Dansa fult,2022-10-28,0.0,1.0,5.0,151250.0,0.0189,scandi,Low,2022.0,2.5208333333333335
0.412,120.897,0.55,pop,-8.414,0.24,0.0986,Molly Hammar,4.0,0.0313,47,Så mycket bättre 2022 – Tolkningarna,Scandi Pop,Så nära,2022-12-17,0.0,1.0,11.0,222073.0,0.366,scandi,Low,2022.0,3.701216666666667
0.741,125.977,0.652,pop,-6.294,0.117,0.736,Benjamin,4.0,0.0484,25,N-Y-T,Scandi Pop,N-Y-T,2022-05-20,1.28e-06,0.0,7.0,183983.0,0.0319,scandi,Low,2022.0,3.0663833333333335
0.675,139.968,0.775,pop,-5.43,0.151,0.907,"Hanna Ferm, Junie",4.0,0.0734,47,Välkommen Åter,Scandi Pop,Välkommen Åter,2022-05-20,0.0,1.0,0.0,175714.0,0.133,scandi,Low,2022.0,2.9285666666666668
0.941,116.007,0.672,pop,-3.345,0.121,0.578,Darin,4.0,0.0598,19,Superstar,Scandi Pop,Superstar,2022-05-13,8.31e-06,0.0,8.0,201202.0,0.00297,scandi,Low,2022.0,3.3533666666666666
0.794,130.967,0.698,pop,-5.055,0.0785,0.913,Benjamin,4.0,0.0288,36,GAY,Scandi Pop,GAY,2022-07-08,0.0,0.0,7.0,172214.0,0.00857,scandi,Low,2022.0,2.870233333333333
0.663,90.191,0.621,pop,-5.216,0.172,0.601,Hedda Mae,4.0,0.0412,14,Another Stranger,Scandi Pop,Another Stranger,2022-05-27,0.0,1.0,1.0,178053.0,0.0147,scandi,Low,2022.0,2.96755
0.812,121.004,0.745,pop,-4.226,0.125,0.82,Dotter,4.0,0.0369,17,Lättdistraherad,Scandi Pop,Lättdistraherad,2022-11-11,0.0,1.0,0.0,181736.0,0.067,scandi,Low,2022.0,3.0289333333333333
0.732,154.999,0.644,pop,-5.214,0.106,0.696,Hanne Mjøen,4.0,0.0419,11,Distant,Scandi Pop,Distant,2022-10-28,2.74e-06,1.0,6.0,148690.0,0.12,scandi,Low,2022.0,2.4781666666666666
0.696,107.011,0.78,pop,-6.071,0.197,0.638,Tuure Boelius,4.0,0.0418,17,Mehän vaan tanssittiin / Pakoauto,Scandi Pop,Mehän vaan tanssittiin,2022-09-16,6.66e-05,0.0,8.0,175007.0,0.0076,scandi,Low,2022.0,2.9167833333333335
0.79,74.933,0.395,pop,-6.45,0.188,0.136,Rymdpojken,5.0,0.153,23,Till Solen Brinner Ut,Scandi Pop,Till Solen Brinner Ut,2022-09-23,0.0,1.0,7.0,199437.0,0.00312,scandi,Low,2022.0,3.32395
0.662,116.948,0.717,pop,-5.877,0.641,0.568,Hedda Mae,4.0,0.0388,11,This Might Get Loud,Scandi Pop,It Ain't You,2022-09-16,0.0,1.0,6.0,206533.0,0.0148,scandi,Low,2022.0,3.4422166666666665
0.551,75.704,0.403,pop,-5.615,0.528,0.315,Julie Bergan,4.0,0.0611,38,Arigato,Scandi Pop,Arigato,2016-06-10,1.24e-05,0.0,11.0,173161.0,0.00399,scandi,Low,2016.0,2.8860166666666665
0.662,91.989,0.544,pop,-7.462,0.107,0.196,Sabina Ddumba,4.0,0.121,23,Not Too Young pt. 2,Scandi Pop,"Not Too Young, Pt. 2",2016-02-05,1.35e-06,1.0,3.0,228000.0,0.00418,scandi,Low,2016.0,3.8
0.728,188.701,0.405,pop,-4.76,0.0777,0.342,Erik Hassle,4.0,0.0433,25,Smaller,Scandi Pop,Smaller,2015-11-20,0.0,1.0,7.0,205093.0,0.415,scandi,Low,2015.0,3.4182166666666665
0.839,123.069,0.666,pop,-5.267,0.153,0.303,Isac Elliot,4.0,0.0916,12,Worth Something,Scandi Pop,Worth Something,2016-04-08,0.0,1.0,8.0,215462.0,0.124,scandi,Low,2016.0,3.5910333333333333
0.8,100.008,0.486,pop,-3.946,0.136,0.441,Jesper Jenset,4.0,0.156,29,High,Scandi Pop,High,2016-05-06,0.00281,0.0,0.0,178960.0,0.263,scandi,Low,2016.0,2.982666666666667
0.575,78.364,0.321,pop,-8.598,0.0563,0.119,"MORTEN, Frida Sundemo",4.0,0.0811,15,Beautiful Heartbeat (feat. Frida Sundemo),Scandi Pop,Beautiful Heartbeat (feat. Frida Sundemo) - Radio Edit,2016-01-15,0.000331,0.0,2.0,201350.0,0.158,scandi,Low,2016.0,3.3558333333333334
0.679,132.146,0.518,pop,-5.406,0.0588,0.106,Loreen,4.0,0.0355,65,Heal,Scandi Pop,Euphoria,2012-10-19,4.85e-05,0.0,11.0,214133.0,0.079,scandi,Low,2012.0,3.5688833333333334
0.912,189.983,0.504,pop,-2.867,0.105,0.248,"Tungevaag, Raaban",4.0,0.259,29,Magical,Scandi Pop,Magical,2016-05-27,0.0,1.0,1.0,218539.0,0.199,scandi,Low,2016.0,3.642316666666667
0.723,117.977,0.676,pop,-7.213,0.0865,0.624,Comet Blue,4.0,0.0292,29,Spaceship,Scandi Pop,Spaceship,2016-01-08,0.00547,1.0,1.0,203390.0,0.077,scandi,Low,2016.0,3.3898333333333333
0.837,123.001,0.674,pop,-1.618,0.328,0.943,Linda Sundblad,4.0,0.0635,12,Lucky You,Scandi Pop,Lucky You,2011-02-27,0.0286,0.0,11.0,177253.0,0.16,scandi,Low,2011.0,2.9542166666666665
0.769,124.043,0.624,pop,-5.862,0.351,0.46,John Lundvik,4.0,0.0504,11,All About The Games (Official Swedish Song For Rio 2016),Scandi Pop,All About The Games - Official Swedish Song For Rio 2016,2016-07-18,0.0,0.0,4.0,179000.0,0.000535,scandi,Low,2016.0,2.9833333333333334
0.752,113.804,0.608,pop,-5.652,0.108,0.486,Måns Zelmerlöw,4.0,0.0663,15,Hanging On To Nothing,Scandi Pop,Hanging on to Nothing,2016-08-26,0.0,0.0,11.0,201293.0,0.134,scandi,Low,2016.0,3.3548833333333334
0.58,127.973,0.506,pop,-7.629,0.192,0.304,Elsa & Emilie,4.0,0.0355,41,Au Volant,Scandi Pop,Au Volant,2016-08-22,0.223,0.0,8.0,195547.0,0.476,scandi,Low,2016.0,3.259116666666667
0.715,95.996,0.488,pop,-4.587,0.1,0.361,Madden,4.0,0.06,34,Alive,Scandi Pop,Alive,2016-09-09,0.0,1.0,8.0,202794.0,0.0202,scandi,Low,2016.0,3.3799
0.679,111.594,0.497,pop,-3.996,0.0583,0.191,Mariette,4.0,0.0452,28,A Million Years,Scandi Pop,A Million Years,2017-02-25,0.0,0.0,4.0,185053.0,0.127,scandi,Low,2017.0,3.084216666666667
0.429,125.868,0.341,pop,-13.173,0.132,0.188,Frida Sundemo,4.0,0.0467,27,It's OK,Scandi Pop,The Sun,2017-04-21,0.352,1.0,6.0,259000.0,0.892,scandi,Low,2017.0,4.316666666666666
0.716,102.038,0.587,pop,-6.19,0.164,0.487,LIAMOO,4.0,0.114,12,Burn,Scandi Pop,Burn,2017-05-05,0.0,1.0,9.0,171919.0,0.00649,scandi,Low,2017.0,2.8653166666666667
0.804,97.018,0.647,pop,-5.815,0.195,0.55,Peg Parnevik,4.0,0.0658,17,Don't Tell Ma,Scandi Pop,Don't Tell Ma,2017-05-05,0.0,1.0,0.0,180160.0,0.0323,scandi,Low,2017.0,3.002666666666667
0.656,102.062,0.669,pop,-7.1,0.268,0.592,Rhys,4.0,0.112,14,Too Good To Be True,Scandi Pop,Too Good To Be True,2017-09-22,0.0,1.0,0.0,201173.0,0.0991,scandi,Low,2017.0,3.352883333333333
0.494,79.315,0.612,pop,-9.617,0.172,0.405,Juliander,4.0,0.103,20,Same Moon,Scandi Pop,Same Moon,2017-09-22,2.14e-06,0.0,9.0,202717.0,0.381,scandi,Low,2017.0,3.378616666666667
0.695,106.031,0.705,pop,-4.616,0.234,0.678,"SJUR, Liza Owen",4.0,0.0327,21,Lovesick (feat. Liza Owen),Scandi Pop,Lovesick (feat. Liza Owen),2017-12-01,0.0,1.0,6.0,172127.0,0.0697,scandi,Low,2017.0,2.8687833333333335
0.595,183.736,0.538,pop,-7.398,0.161,0.334,Ina Wroldsen,4.0,0.112,22,Hex - EP,Scandi Pop,Strongest,2018-06-29,6.48e-06,1.0,0.0,207333.0,0.0874,scandi,Low,2018.0,3.45555
0.267,93.072,0.433,pop,-10.419,0.0811,0.255,Elina,4.0,0.0469,44,Here With Me,Scandi Pop,Here With Me,2018-08-10,0.0,1.0,7.0,196365.0,0.681,scandi,Low,2018.0,3.27275
0.648,167.966,0.457,pop,-6.458,0.139,0.503,Impuls,4.0,0.0345,13,Drømmested,Scandi Pop,Alltid god,2019-01-26,0.0,1.0,1.0,281957.0,0.163,scandi,Low,2019.0,4.699283333333334
0.797,118.071,0.671,pop,-6.78,0.0829,0.524,Molly Sandén,4.0,0.267,37,Den som e den,Scandi Pop,Den som e den,2019-03-01,1.65e-05,0.0,0.0,201350.0,0.0162,scandi,Low,2019.0,3.3558333333333334
0.544,80.989,0.729,pop,-8.003,0.222,0.701,Jesper Jenset,4.0,0.105,11,Blue Flag / Fun Things,Scandi Pop,Blue Flag / Fun Things,2019-03-01,0.0,1.0,10.0,216799.0,0.171,scandi,Low,2019.0,3.6133166666666665
0.829,122.098,0.703,pop,-4.964,0.0972,0.902,Alphabeat,4.0,0.0335,28,Shadows,Scandi Pop,Shadows,2019-03-01,1.43e-05,0.0,5.0,165696.0,0.00092,scandi,Low,2019.0,2.7616
0.721,101.974,0.681,pop,-6.07,0.53,0.532,Julie Bergan,4.0,0.0467,34,STFU,Scandi Pop,STFU,2019-03-01,0.0,0.0,1.0,133624.0,0.0494,scandi,Low,2019.0,2.2270666666666665
0.85,129.918,0.69,pop,-5.99,0.121,0.47,Sigrid,4.0,0.0405,36,Sucker Punch,Scandi Pop,Sight Of You,2019-03-08,3.56e-05,1.0,4.0,237786.0,0.0155,scandi,Low,2019.0,3.9631
0.77,106.016,0.733,pop,-6.706,0.324,0.393,Chris Holsten,4.0,0.26,24,Time Machine,Scandi Pop,Time Machine,2018-08-24,7.39e-06,1.0,2.0,192347.0,0.456,scandi,Low,2018.0,3.205783333333333
0.542,171.867,0.605,pop,-6.767,0.172,0.285,Matilda,4.0,0.129,13,Say Something,Scandi Pop,Say Something,2019-04-26,0.000158,1.0,5.0,215721.0,0.593,scandi,Low,2019.0,3.59535
0.793,110.11,0.696,pop,-4.922,0.184,0.83,Oscar Stembridge,4.0,0.0655,14,Losing You,Scandi Pop,Losing You,2019-05-10,9.86e-06,1.0,2.0,184707.0,0.259,scandi,Low,2019.0,3.07845
0.663,154.865,0.593,pop,-6.045,0.215,0.418,SKAAR,4.0,0.0375,14,24,Scandi Pop,24,2019-04-12,7.58e-05,0.0,5.0,157394.0,0.0162,scandi,Low,2019.0,2.6232333333333333
0.533,148.813,0.484,indian,-11.177,0.0847,0.667,"Tyagaraja, M. Balamuralikrishna",4.0,0.133,19,"Ultimate Collection of Thayagaraja, Vol. 1",Carnatic Classics,Endaro Mahanubhavulu - Sri - Adi,2018-08-30,0.0,0.0,0.0,771333.0,0.903,classical,Low,2018.0,12.85555
0.857,126.412,0.686,indian,-3.946,0.243,0.863,"Tyagaraja, M. Balamuralikrishna",4.0,0.103,15,"Ultimate Collection of Thayagaraja, Vol. 1",Carnatic Classics,Jaya Jaya - Dhanyasi - Adi,2018-08-30,0.0,1.0,4.0,747307.0,0.888,classical,Low,2018.0,12.455116666666667
0.656,92.121,0.43,indian,-8.58,0.046,0.761,"Tyagaraja, M. Balamuralikrishna",3.0,0.0682,13,"Ultimate Collection of Thayagaraja, Vol. 2",Carnatic Classics,Kalaharana - Atana - Adi,2018-08-30,2.2e-06,1.0,7.0,344987.0,0.677,classical,Low,2018.0,5.749783333333333
0.342,122.145,0.486,indian,-21.4,0.397,0.302,T. N. Krishnan,3.0,0.195,20,Violin,Carnatic Classics,Maha Ganapatim - Nata,1991-01-01,0.0597,1.0,9.0,448267.0,0.655,classical,Low,1991.0,7.471116666666667
0.424,75.466,0.352,indian,-8.009,0.242,0.605,M. S. Subbulakshmi,1.0,0.0634,33,Bhaja Govindam - Vishnu Sahasranamam,Carnatic Classics,Bhaja Govindam,2013-01-18,0.0,1.0,10.0,661293.0,0.965,classical,Low,2013.0,11.02155
0.349,147.193,0.471,indian,-16.633,0.286,0.358,Jayanthi Kumaresh,4.0,0.0656,22,Veenai Jayanthi Kumaresh,Carnatic Classics,Varnam,2002-12-01,0.945,1.0,8.0,394400.0,0.975,classical,Low,2002.0,6.573333333333333
0.595,174.308,0.436,indian,-11.494,0.0939,0.87,"Nirmala Rajasekar, Raghavendra Rao, Tanjore K. Murugaboopathi, V. Suresh",4.0,0.0671,18,Into the Raga,Carnatic Classics,"Sarasuda Varnam (Raga Saveri, Aadi Tala): Jaya Jaya (Raga Nattai, Khanda Chapu Tala)",2010-10-26,0.868,1.0,3.0,473440.0,0.816,classical,Low,2010.0,7.890666666666666
0.591,174.76,0.489,indian,-10.843,0.077,0.689,Ganesh & Kumaresh,1.0,0.0813,23,Thillanas: A Confluence Of Rhythm & Melody,Carnatic Classics,Raga Karnaranjani,2007-01-01,0.927,0.0,8.0,298987.0,0.948,classical,Low,2007.0,4.983116666666667
0.816,170.938,0.27,indian,-3.815,0.317,0.591,Sudha Ragunathan,4.0,0.0598,14,Gems of Carnatic Music: Sudha Raghunathan (Live in Concert 2003),Carnatic Classics,Nagumomu - Abheri - Adi - Live,2016-12-08,0.113,1.0,8.0,645701.0,0.853,classical,Low,2016.0,10.761683333333334
